category,placebo,week_fe,coef,se,p,n_obs,n_items,n_clusters
AIR CARE,actual,False,-1.4885622835910701,0.8850538996446282,0.23461503648001047,306,3,3
APPLES,actual,False,-0.17090450781983282,0.20482360395820898,0.4113784844240108,2856,28,28
BABY FOODS,actual,False,-0.22410345061811449,0.3207789117410706,0.48757973471514304,6018,59,59
BABY HBC,actual,False,-0.4260362851244303,0.4792021536850621,0.43946597009810134,408,4,4
BACON,actual,False,-1.5820446579099197,0.24457783832374305,4.443466732263827e-07,3060,30,30
BAG SNACKS,actual,False,-1.564515257130556,0.2696859142396547,3.695782448625543e-08,15606,153,153
BAKED BREAD/BUNS/ROLLS,actual,False,-0.810539724031516,0.16423398970899647,2.2407124185023637e-06,14382,141,141
BAKED SWEET GOODS,actual,False,-1.266019136619151,0.14945661363088392,3.061927799996273e-12,7038,69,69
BAKING MIXES,actual,False,-0.6934993181980886,0.15856826688154077,6.549427723511705e-05,4998,49,49
BAKING NEEDS,actual,False,-1.2583231685173049,0.17371377813593816,2.6202929265079663e-08,3468,34,34
BATH TISSUES,actual,False,-1.7454613990193881,0.9927235375238648,0.08744683007684309,3672,36,36
BATTERIES,actual,False,-0.9400290524713288,0.7492609419378574,0.29846851106292305,408,4,4
BEANS - CANNED GLASS & MW,actual,False,-1.2516637709346223,0.18585695569492788,2.803387286717913e-08,4590,45,45
BEEF,actual,False,-0.45785942226869686,0.14183104913494504,0.0018868375353776605,7344,72,72
BEERS/ALES,actual,False,-1.5447126412801135,0.3595229710005895,9.157358797886145e-05,4692,46,46
BERRIES,actual,False,-0.8129526816449459,0.5869800256905724,0.18773408580755907,1530,15,15
BLEACH,actual,False,-2.1291977193841998,0.24478647278124857,1.1276265656348313e-05,1020,10,10
BREAD,actual,False,-1.178672912555708,0.2066627927367627,2.0806571232778104e-05,1938,19,19
BREAKFAST SAUSAGE/SANDWICHES,actual,False,-1.5772117282123543,0.18256250596219212,2.655187582971624e-10,3774,37,37
BREAKFAST SWEETS,actual,False,-1.1121243218197383,0.42960536445485537,0.021443130057703284,1530,15,15
BROCCOLI/CAULIFLOWER,actual,False,-0.4465287423599074,1.2833420568250153,0.745422569442292,510,5,5
BUTTER,actual,False,-2.177346707897345,0.2737257777708637,2.316657311907983e-05,1020,10,10
CAKES,actual,False,0.23320267502500566,0.0424713955967948,0.01188471017607873,408,4,4
CANDY - CHECKLANE,actual,False,-0.9469493927311593,0.0876510903702935,6.2090740567294066e-18,9282,91,91
CANDY - PACKAGED,actual,False,-1.066921046641408,0.2968446928180273,0.0008031759394746202,4692,46,46
CANNED JUICES,actual,False,-1.216383675330941,0.157389120922104,1.1803677705652365e-11,9690,95,95
CANNED MILK,actual,False,-2.0333162490429304,0.39991275193672177,0.007058998007088414,510,5,5
CARROTS,actual,False,-0.23140272156854708,0.31299116610207367,0.49293485774857637,612,6,6
CAT FOOD,actual,False,-0.3852901441664519,0.13495465418405064,0.006542330686710105,4590,45,45
CAT LITTER,actual,False,-1.1087633642564116,0.2625638943656873,0.003922807204817034,816,8,8
CHEESE,actual,False,-0.6152411970811824,0.0921255346474033,3.089394153926624e-10,17952,176,176
CHEESES,actual,False,-0.2557191586148077,0.08355819793898069,0.006174852848028154,2142,21,21
CHICKEN,actual,False,-0.13007942742779524,0.4398120563415969,0.7695946813008854,2958,29,29
CHICKEN/POULTRY,actual,False,-0.7673266655877545,0.4444263406280084,0.1121855776258667,1224,12,12
CIGARETTES,actual,False,-0.9893901870472444,0.2829774051421972,0.0016488571489136948,2856,28,28
CITRUS,actual,False,-1.2263649214872767,0.43139345747223967,0.010056582778369792,2142,21,21
COCOA MIXES,actual,False,-1.3735179262487136,0.4552779993274893,0.014552752313135136,1020,10,10
COFFEE,actual,False,-0.7175975610969035,0.24591444059332976,0.007016711763465376,2856,28,28
COFFEE FILTERS,actual,False,-0.23943273518551342,0.09899813773377375,0.09429065023357383,408,4,4
COLD CEREAL,actual,False,-1.6706708263345842,0.18444777431944495,1.3274242679610308e-15,13872,136,136
CONDIMENTS/SAUCES,actual,False,-1.379889615863181,0.24789399651589422,9.230122514802099e-07,5406,53,53
CONVENIENT BRKFST/WHLSM SNACKS,actual,False,-0.9459461343304075,0.23110942011098198,0.0001098432862786508,7446,73,73
COOKIES,actual,False,-1.1894083144603163,0.21187672611739386,0.001363607117975535,714,7,7
COOKIES/CONES,actual,False,-1.2269831778878768,0.2580933043677412,1.9967462305921657e-05,4794,47,47
CORN,actual,False,-3.2975803987887096,1.0432995203443287,0.050842788277724496,408,4,4
COUPON/MISC ITEMS,actual,False,0.022665835806251998,0.036124994339443404,0.5534906172477785,714,7,7
CRACKERS/MISC BKD FD,actual,False,-0.9969293331556938,0.17169112705018477,1.9183123799646735e-07,6936,68,68
DELI MEATS,actual,False,-0.2741412068357252,0.08353338926668351,0.001998082325420306,4692,46,46
DIAPERS & DISPOSABLES,actual,False,-0.6767734759281616,0.11045812924236999,0.025619180481678487,306,3,3
DINNER MXS:DRY,actual,False,-0.8311153761135089,0.12898969441449065,1.65014268576072e-08,6732,66,66
DINNER SAUSAGE,actual,False,-0.9571179385373567,0.18232870115953428,7.540820204329221e-06,3672,36,36
DISHWASH DETERGENTS,actual,False,0.116119866235409,0.7443461242438614,0.8776766152604961,2040,20,20
DOG FOODS,actual,False,-0.19637564488184425,0.20601859329438194,0.3546714174083687,1734,17,17
DRIED FRUIT,actual,False,-1.3864511568344116,0.22191497761667578,0.003345952319362869,510,5,5
DRY BN/VEG/POTATO/RICE,actual,False,-0.7838896317032589,0.11208932613190432,8.553985929044183e-10,7956,78,78
DRY MIX DESSERTS,actual,False,-0.3248769727383984,0.4307246317231786,0.46319385689974657,1530,15,15
DRY NOODLES/PASTA,actual,False,-1.0670170562767267,0.17568949844991422,8.364834986300057e-08,6426,63,63
DRY SAUCES/GRAVY,actual,False,-1.258516882158645,0.23765883205785648,2.5837695962759296e-05,2346,23,23
EGGS,actual,False,-1.4019552840889222,0.2766340147002724,0.0001141473982898773,1734,17,17
ELECTRICAL SUPPPLIES,actual,False,-1.1654073013880957,0.29762193549872945,0.01123007846011364,612,6,6
FACIAL TISS/DNR NAPKIN,actual,False,-1.3051847801954033,0.15095621669542958,2.153996365301758e-09,2958,29,29
FD WRAPS/BAGS/TRSH BG,actual,False,-0.9642140872312215,0.08619809706161846,2.5818037347721706e-14,4488,44,44
FLORAL-FRESH CUT,actual,False,0.06261550410238494,0.13574982599017182,0.6899186303969631,306,3,3
FLOUR & MEALS,actual,False,-0.9971945542733649,0.5503521334087113,0.10008817124328509,1122,11,11
FLUID MILK PRODUCTS,actual,False,-0.7947426309689293,0.40272937973271616,0.05257766592042195,6936,68,68
FROZEN BREAD/DOUGH,actual,False,-1.4240177336920696,0.3748661771059074,0.0007189023458414461,2958,29,29
FROZEN MEAT,actual,False,-1.2767653960210017,0.13972901855104608,3.5806356312577666e-10,3162,31,31
FROZEN PIE/DESSERTS,actual,False,-0.9633870929317118,0.32675831977043646,0.009967457145745158,1632,16,16
FROZEN PIZZA,actual,False,-1.4236895638005096,0.07932044648506487,9.23194207365475e-37,13158,129,129
FRUIT - SHELF STABLE,actual,False,-1.7631002256295796,0.0860019369727658,5.117254617850821e-34,8466,83,83
FRZN BREAKFAST FOODS,actual,False,-0.7949244296178288,0.20949620575236694,0.000727111093244518,2958,29,29
FRZN FRUITS,actual,False,-0.7302422146434443,0.30134016449514944,0.0725027083635146,510,5,5
FRZN ICE,actual,False,-10.128221873335736,5.039291715150553,0.13800344653339908,408,4,4
FRZN JCE CONC/DRNKS,actual,False,-0.866248596808492,0.20514146139901962,0.013448571363530969,510,5,5
FRZN MEAT/MEAT DINNERS,actual,False,-0.9173094225774735,0.06442122239331699,3.1377232897084405e-32,20502,201,201
FRZN NOVELTIES/WTR ICE,actual,False,-0.9803885125479118,0.18425288544401694,4.237888842119667e-06,4182,41,41
FRZN POTATOES,actual,False,-0.7946103352889531,0.11405469981075117,2.0852904192848594e-08,4182,41,41
FRZN VEGETABLE/VEG DSH,actual,False,-0.6632125097543623,0.09748666607448744,2.544899870740698e-09,7446,73,73
GRAPES,actual,False,-0.8311506841091559,0.45681537229336694,0.11165922166133722,816,8,8
GREETING CARDS/WRAP/PARTY SPLY,actual,False,1.0710532445164402,0.7107252400467186,0.15998246349029968,1224,12,12
HEAT/SERVE,actual,False,-0.6940311363580897,0.1309307712987113,0.00034717121777011673,1122,11,11
HERBS,actual,False,-0.1975507915205195,0.39188157270193824,0.635607600619533,612,6,6
HISPANIC,actual,False,-0.5561342896450561,0.12039386388175641,2.362385534317723e-05,5712,56,56
HOT CEREAL,actual,False,-1.0989798106864326,0.12277495368422468,5.923130910048245e-09,2448,24,24
HOT DOGS,actual,False,-1.0132330565907222,0.16189983505607097,7.859086245192182e-07,3060,30,30
HOUSEHOLD CLEANG NEEDS,actual,False,-0.058233348625384554,0.6725498838065282,0.9321459188266764,1632,16,16
ICE CREAM/MILK/SHERBTS,actual,False,-0.6733400896123866,0.1119245038859048,7.34066405968037e-08,7242,71,71
INFANT FORMULA,actual,False,-1.235262273116352,0.6250102237718744,0.1425575700324553,408,4,4
ISOTONIC DRINKS,actual,False,-2.40170925033505,0.3116357472212331,1.0910406200070618e-07,2346,23,23
LAUNDRY ADDITIVES,actual,False,-0.9069506486105104,0.26600211318133754,0.019052397955639018,612,6,6
LAUNDRY DETERGENTS,actual,False,-1.3321281039859474,0.401750048562168,0.003286177252183729,2244,22,22
LUNCHMEAT,actual,False,-1.1345535076382098,0.08645791772791564,2.1597649546394963e-25,13056,128,128
MAGAZINE,actual,False,1.0776508643222955,1.2610910098111879e-15,1.0431626930657574e-230,1734,17,17
MARGARINES,actual,False,-0.7314081653729095,0.23928454963537515,0.004082971448737853,3978,39,39
MEAT - MISC,actual,False,-1.5726288988887263,0.24178383782017518,5.400022779183841e-06,1836,18,18
MEAT - SHELF STABLE,actual,False,-0.7603285306727847,0.1758990689866571,5.1570087447337636e-05,7038,69,69
MELONS,actual,False,-2.421850724109064,1.2713013264674737,0.12948750669631673,510,5,5
MILK BY-PRODUCTS,actual,False,-0.9635741193659635,0.13123077662807317,1.5666429042860833e-09,5304,52,52
MISC. DAIRY,actual,False,-0.9976818904570166,0.372338091271177,0.012207214016491197,2958,29,29
MISCELLANEOUS,actual,False,-0.8308899098368588,0.6403429145017833,0.26420772652743546,510,5,5
MOLASSES/SYRUP/PANCAKE MIXS,actual,False,-0.8982769915368576,0.1874672488775335,0.000439744762328492,1326,13,13
MUSHROOMS,actual,False,-1.1399884313635837,0.22222110372496376,0.0006195988764518725,1020,10,10
NEWSPAPER,actual,False,-0.04412758866942876,0.008545349752214387,0.00023550077681240442,1326,13,13
NO COMMODITY DESCRIPTION,actual,False,-0.2992007190598782,1.5351958294273265,0.863479303942639,306,3,3
NUTS,actual,False,-0.3741525166167703,0.6241195392551432,0.5749755399352254,612,6,6
OLIVES,actual,False,-1.3231329087284387,0.19249670984537393,0.00012790307335141884,918,9,9
ONIONS,actual,False,0.019461033442452882,0.12128259505557741,0.8748108312707868,1530,15,15
ORGANICS FRUIT & VEGETABLES,actual,False,-1.569357105338319,0.369482577986906,0.0008121585206115104,1530,15,15
PAPER HOUSEWARES,actual,False,-1.3076324467493585,0.18286440237503304,2.083639769992733e-08,3774,37,37
PAPER TOWELS,actual,False,0.13573123327143685,0.733134057370059,0.8547434235764386,2448,24,24
PASTA SAUCE,actual,False,-1.2570002386393138,0.1678760383158401,3.675614254865874e-10,6222,61,61
PEARS,actual,False,0.06965848435270548,0.27019609141970413,0.8132290870627301,408,4,4
PEPPERS-ALL,actual,False,0.0006324344366447118,0.07785979532759225,0.9937457120094697,816,8,8
PICKLE/RELISH/PKLD VEG,actual,False,-1.023113941358084,0.1269979010418218,2.0711532654097085e-06,1428,14,14
PIES,actual,False,-3.0471545107578852,1.4203752826505345,0.12124265076534328,408,4,4
PNT BTR/JELLY/JAMS,actual,False,-1.5310081737129149,0.2686376551819026,5.367945674114606e-06,2754,27,27
POPCORN,actual,False,-0.9067820318842341,0.19743146725450056,0.005878127284319799,612,6,6
PORK,actual,False,-0.5686358297178763,0.2968470831483169,0.062409987391158134,4284,42,42
POTATOES,actual,False,-0.047715947480687325,0.27364389407316086,0.863325811808189,2142,21,21
PREPARED FOOD,actual,False,-1.6238808778873202,0.2745725219560004,0.009655924142786492,408,4,4
PROCESSED,actual,False,-0.5464401760694234,0.31806774124364706,0.12949352488029478,816,8,8
PWDR/CRYSTL DRNK MX,actual,False,-0.21924593581289645,0.32398915590594646,0.5048051081540421,2652,26,26
REFRGRATD DOUGH PRODUCTS,actual,False,-1.3598237308547512,0.0928874947686392,2.0870914625501305e-22,6834,67,67
REFRGRATD JUICES/DRNKS,actual,False,-1.3061159729898861,0.14089495116614095,3.231428214570849e-14,8058,79,79
REFRIGERATED,actual,False,-0.8683618728004653,0.24424767768000408,0.003167720904170169,1530,15,15
ROLLS,actual,False,-0.786711112625962,0.16865724757265388,0.0008881339161203929,1122,11,11
SALAD BAR,actual,False,0.05586025623812262,0.07709227907542496,0.4871126809065732,1020,10,10
SALAD MIX,actual,False,-1.2163523675975496,0.48160922756660807,0.01623109466115444,3672,36,36
SALADS/DIPS,actual,False,-0.24160693956700496,0.2115953833186332,0.2684855251670917,1938,19,19
SALD DRSNG/SNDWCH SPRD,actual,False,-0.9552360827753372,0.195557732088462,1.1476052974631651e-05,5100,50,50
SANDWICHES,actual,False,0.02060509087673509,0.019284342733537817,0.36364078479421386,408,4,4
SEAFOOD - FROZEN,actual,False,-0.46015386393280105,0.300836889591543,0.14693367926551293,1632,16,16
SEAFOOD - MISC,actual,False,-0.09248893577049018,0.23092067847652276,0.7275053164221827,306,3,3
SEAFOOD - SHELF STABLE,actual,False,-1.4108102866985541,0.09604887218867422,1.830427500543972e-11,1938,19,19
SEAFOOD-FRESH,actual,False,0.19376593088083022,0.613794576628724,0.7614452187162404,816,8,8
SHORTENING/OIL,actual,False,-1.4343870586326186,0.17232682579681807,3.0370565548688076e-08,2346,23,23
SMOKED MEATS,actual,False,-0.0331875454044651,0.20569624144900225,0.8745082016063603,1326,13,13
SNACK NUTS,actual,False,-0.42537432444249185,0.12623964254437386,0.019898862123785874,612,6,6
SOAP - LIQUID & BAR,actual,False,-1.028058759164388,0.3161926407271824,0.08298926702947308,306,3,3
SOFT DRINKS,actual,False,-1.0270852436610416,0.10759116487625552,2.4441155296414062e-18,22950,225,225
SOUP,actual,False,-1.067048835606344,0.12467565090468752,2.0610494871732513e-14,14076,138,138
SPICES & EXTRACTS,actual,False,-1.0205214823441386,0.11664827849289576,8.937834619023413e-09,2448,24,24
SQUASH,actual,False,-0.08064749094285989,0.0978858324154967,0.4562895072635523,510,5,5
STONE FRUIT,actual,False,-0.22222832105692544,0.22323868887844234,0.34089984780023863,1224,12,12
SUGARS/SWEETNERS,actual,False,-1.510461854513155,0.30172164359100384,4.092642852523482e-05,2550,25,25
SWEET GOODS & SNACKS,actual,False,-1.4482330904399363,0.4249309039270672,0.07636085027581821,306,3,3
TEAS,actual,False,-1.540541792070182,0.47170091096198313,0.08233959759354068,306,3,3
TOMATOES,actual,False,-0.38929059865825166,0.16607197357755202,0.043725093716817376,1020,10,10
TROPICAL FRUIT,actual,False,-0.6342025526662015,0.27547959770327346,0.05029967609239588,918,9,9
TURKEY,actual,False,-0.2778827309164681,0.18113985790657647,0.22256129864132818,408,4,4
UNKNOWN,actual,False,-1.4762113495052291,0.821448385812945,0.21415336840297317,306,3,3
VALUE ADDED FRUIT,actual,False,0.21851726726502502,0.15855746585046332,0.18602451619231866,1836,18,18
VALUE ADDED VEGETABLES,actual,False,0.4827061727610941,0.49846334020847927,0.3651105746536677,816,8,8
VEGETABLES - ALL OTHERS,actual,False,-0.05546119740659113,0.13578935920054858,0.6865752857798121,2550,25,25
VEGETABLES - SHELF STABLE,actual,False,-1.0755332489607075,0.10244157465158137,1.5699726053613149e-18,11934,117,117
VEGETABLES SALAD,actual,False,-0.2107142708826331,0.07446443324792655,0.022159404565989325,918,9,9
WAREHOUSE SNACKS,actual,False,-1.503314927641244,0.2840474165831723,1.9851644412464335e-05,2550,25,25
WATER,actual,False,-1.3664758062356985,0.4819298383766834,0.017686607251277114,1122,11,11
WATER - CARBONATED/FLVRD DRINK,actual,False,-1.3599667115696266,0.2649147042091972,4.884638973156144e-06,5100,50,50
YOGURT,actual,False,-1.1129225633236641,0.09386675732954998,3.545272363057769e-23,15096,148,148
AIR CARE,forward,False,-0.8045236405353764,0.44221673823460184,0.2104805510630395,306,3,3
APPLES,forward,False,-0.042818357393599654,0.14614867975347853,0.7717788651443239,2856,28,28
BABY FOODS,forward,False,0.2798699575085754,0.2098973268981444,0.18762506436832269,6018,59,59
BABY HBC,forward,False,0.2666064357356769,0.27351575578022097,0.40158009268690825,408,4,4
BACON,forward,False,0.11315861070375655,0.11618359183413722,0.3381291559045497,3060,30,30
BAG SNACKS,forward,False,-0.438255000235371,0.21198918666638983,0.04039715084965439,15606,153,153
BAKED BREAD/BUNS/ROLLS,forward,False,-0.2150688099078685,0.1378963542900561,0.12110244614728873,14382,141,141
BAKED SWEET GOODS,forward,False,-0.021981727434190308,0.0786541316495073,0.780729950166293,7038,69,69
BAKING MIXES,forward,False,-0.3753278314741891,0.08490905254649883,5.617113337757543e-05,4998,49,49
BAKING NEEDS,forward,False,-0.3638170190353276,0.17421127672396203,0.04455901582120042,3468,34,34
BATH TISSUES,forward,False,-0.31730673877435056,0.7235033719156801,0.6636686137162252,3672,36,36
BATTERIES,forward,False,0.3182417700693081,0.3362582133344662,0.4137556328190323,408,4,4
BEANS - CANNED GLASS & MW,forward,False,-0.20535680885930652,0.11735563617365376,0.08711289618394633,4590,45,45
BEEF,forward,False,0.14233932620644651,0.10739035846753332,0.1892749766209784,7344,72,72
BEERS/ALES,forward,False,0.38975399558917084,0.37833403942403343,0.30842867743058283,4692,46,46
BERRIES,forward,False,-0.1810459536531259,0.382373584689682,0.6431696473946887,1530,15,15
BLEACH,forward,False,-0.6600067823802309,0.2152652812100827,0.013440264812635194,1020,10,10
BREAD,forward,False,-0.5204537060692266,0.21818230970814176,0.028259933851121036,1938,19,19
BREAKFAST SAUSAGE/SANDWICHES,forward,False,0.09343256761385324,0.10431781815907894,0.37638809575246757,3774,37,37
BREAKFAST SWEETS,forward,False,0.33406762596250067,0.18617322254294333,0.09436689623467845,1530,15,15
BROCCOLI/CAULIFLOWER,forward,False,0.3352594086160105,0.9731075925769546,0.7478033669967701,510,5,5
BUTTER,forward,False,0.47611006618444307,0.20689565287178627,0.04690652850386362,1020,10,10
CAKES,forward,False,-0.05428049463581775,0.09477618418802075,0.606940991482831,408,4,4
CANDY - CHECKLANE,forward,False,0.1327680016215707,0.06931979978854808,0.058630020686848486,9282,91,91
CANDY - PACKAGED,forward,False,0.2714073238770573,0.10870010463913103,0.016258131989282103,4692,46,46
CANNED JUICES,forward,False,-0.3292422845066527,0.11867804089189042,0.006674309316319836,9690,95,95
CANNED MILK,forward,False,-1.0690607865070185,0.7708540099704647,0.23776748138843928,510,5,5
CARROTS,forward,False,-0.03323587529092702,0.08696830100331886,0.7180461983551298,612,6,6
CAT FOOD,forward,False,0.11354408448057046,0.16092854806074924,0.4841832254134153,4590,45,45
CAT LITTER,forward,False,0.023742260792121734,0.2921115020787559,0.93749590852015,816,8,8
CHEESE,forward,False,-0.17432208369080887,0.062603381405604,0.005950351975854254,17952,176,176
CHEESES,forward,False,0.044298694339815994,0.0749903170675666,0.5613211926502122,2142,21,21
CHICKEN,forward,False,0.20167180862786874,0.19171583938348474,0.3018253986437788,2958,29,29
CHICKEN/POULTRY,forward,False,-0.6174948021816639,0.32584687000118945,0.08465703864597601,1224,12,12
CIGARETTES,forward,False,-0.06566624871270604,0.26112536283403537,0.8033518128032183,2856,28,28
CITRUS,forward,False,-0.5392593102664404,0.2610327314476822,0.0520407941048794,2142,21,21
COCOA MIXES,forward,False,-0.6832260595102072,0.26887575759647037,0.03165633087679188,1020,10,10
COFFEE,forward,False,-0.128280443132927,0.14014545808092813,0.3681173762658907,2856,28,28
COFFEE FILTERS,forward,False,-0.6298875234683214,0.29819438207976406,0.12508884611356938,408,4,4
COLD CEREAL,forward,False,-0.03950096390195493,0.08064822087140544,0.625075101345571,13872,136,136
CONDIMENTS/SAUCES,forward,False,0.029609635818256087,0.14031531219546975,0.8336948114844478,5406,53,53
CONVENIENT BRKFST/WHLSM SNACKS,forward,False,0.21476336630378037,0.11727424381567866,0.07119406651836742,7446,73,73
COOKIES,forward,False,-0.14877126212196015,0.07037356647310801,0.07893282090084479,714,7,7
COOKIES/CONES,forward,False,0.011328992467758757,0.11173644507659196,0.9196812935328272,4794,47,47
CORN,forward,False,-2.1011433055244266,0.7772739306911257,0.07358511265860788,408,4,4
COUPON/MISC ITEMS,forward,False,-0.07509700097967789,0.02657992833430751,0.030142284804797394,714,7,7
CRACKERS/MISC BKD FD,forward,False,-0.16176260917617372,0.12248598077325401,0.19110742794256752,6936,68,68
DELI MEATS,forward,False,-0.010328534053024547,0.07674783191713198,0.8935460356531818,4692,46,46
DIAPERS & DISPOSABLES,forward,False,-2.515508685192235,0.6628899888088637,0.0629566090711565,306,3,3
DINNER MXS:DRY,forward,False,-0.3166255451821952,0.1229358616806878,0.012291730838809082,6732,66,66
DINNER SAUSAGE,forward,False,-0.41773388990723137,0.14109414488853417,0.005480522301843582,3672,36,36
DISHWASH DETERGENTS,forward,False,0.5468306659891976,0.34399349355778425,0.12841452380860982,2040,20,20
DOG FOODS,forward,False,-0.29111778410760236,0.22201457824085163,0.2082785183912467,1734,17,17
DRIED FRUIT,forward,False,0.26025589168071267,0.33900274480447234,0.4854697043405119,510,5,5
DRY BN/VEG/POTATO/RICE,forward,False,0.12037598441632137,0.09385019933005674,0.20346609095155804,7956,78,78
DRY MIX DESSERTS,forward,False,0.29047828884618027,0.3273234295917486,0.38983608418398485,1530,15,15
DRY NOODLES/PASTA,forward,False,0.07092854328718169,0.08042985216767091,0.38125419197218136,6426,63,63
DRY SAUCES/GRAVY,forward,False,-0.14912658355565336,0.1448270330045815,0.31434497180484927,2346,23,23
EGGS,forward,False,-0.6623497297541249,0.28517299460375906,0.03370998718286892,1734,17,17
ELECTRICAL SUPPPLIES,forward,False,0.22094978451716266,0.2797953572053958,0.46549518775811705,612,6,6
FACIAL TISS/DNR NAPKIN,forward,False,-0.4263996382087454,0.1803078563260642,0.02520285753423707,2958,29,29
FD WRAPS/BAGS/TRSH BG,forward,False,0.27497523645301625,0.08744274852794631,0.0030132029550948513,4488,44,44
FLORAL-FRESH CUT,forward,False,-0.07389092340622945,0.11680786043364716,0.5916819644523064,306,3,3
FLOUR & MEALS,forward,False,-0.16375436254907202,0.1448280975228377,0.28457787416103436,1122,11,11
FLUID MILK PRODUCTS,forward,False,0.011729897210502835,0.10021765042720522,0.9071751594978372,6936,68,68
FROZEN BREAD/DOUGH,forward,False,-0.46009120296922845,0.30316464362950996,0.1403190258887964,2958,29,29
FROZEN MEAT,forward,False,-0.2555685484415255,0.09354108569146222,0.010441859512168203,3162,31,31
FROZEN PIE/DESSERTS,forward,False,0.07776596044274912,0.22116441656402072,0.7300134163887597,1632,16,16
FROZEN PIZZA,forward,False,-0.1025167495746133,0.06534438164185954,0.11914737549703013,13158,129,129
FRUIT - SHELF STABLE,forward,False,-0.16534403212453608,0.07220301909969251,0.024591226443436844,8466,83,83
FRZN BREAKFAST FOODS,forward,False,-0.009136399792721366,0.1352030644222302,0.9466038916130473,2958,29,29
FRZN FRUITS,forward,False,0.31559641202265926,0.6297311960717333,0.6425822376177521,510,5,5
FRZN ICE,forward,False,-8.569933838007925,0.7067514157482346,0.0012072747430214798,408,4,4
FRZN JCE CONC/DRNKS,forward,False,-0.9562467252207537,0.6227727499007892,0.19946700580846644,510,5,5
FRZN MEAT/MEAT DINNERS,forward,False,0.01883947429812125,0.05556183450596901,0.73491107599076,20502,201,201
FRZN NOVELTIES/WTR ICE,forward,False,-0.11042097650251256,0.1135682024606743,0.33675057966083577,4182,41,41
FRZN POTATOES,forward,False,0.019779193497449377,0.09004304556525884,0.8272502007956829,4182,41,41
FRZN VEGETABLE/VEG DSH,forward,False,0.07837344651470572,0.09082119281862695,0.39103458944396796,7446,73,73
GRAPES,forward,False,0.19823532233737262,0.14964218350631434,0.22686899322264034,816,8,8
GREETING CARDS/WRAP/PARTY SPLY,forward,False,1.5699523661128534,0.4629992559105799,0.0060260087283408115,1224,12,12
HEAT/SERVE,forward,False,0.11261432805700336,0.2002417818238636,0.5862341805677895,1122,11,11
HERBS,forward,False,-0.1714613938391767,0.14986155183204375,0.3043693089543589,612,6,6
HISPANIC,forward,False,-0.051748160522533934,0.1340424029425556,0.7009429950865989,5712,56,56
HOT CEREAL,forward,False,-0.07140592605924002,0.08871125026650085,0.4291056050939899,2448,24,24
HOT DOGS,forward,False,-0.12572497138497282,0.06930515683120002,0.08002526883237798,3060,30,30
HOUSEHOLD CLEANG NEEDS,forward,False,0.12700055989612585,0.39770992022155355,0.7538805513538573,1632,16,16
ICE CREAM/MILK/SHERBTS,forward,False,-0.035115799916746925,0.051117129789926434,0.49437293172753405,7242,71,71
INFANT FORMULA,forward,False,0.14232200695895475,0.745768410833885,0.8608360717269228,408,4,4
ISOTONIC DRINKS,forward,False,-0.5931792597935337,0.21778930685339026,0.012401966724399735,2346,23,23
LAUNDRY ADDITIVES,forward,False,-0.0568832794357124,0.4150155551179753,0.8963291572393083,612,6,6
LAUNDRY DETERGENTS,forward,False,0.088110742086343,0.37601119102965685,0.8169982405615037,2244,22,22
LUNCHMEAT,forward,False,-0.12424562012378446,0.04911026335789989,0.012631124057643967,13056,128,128
MAGAZINE,forward,False,1.0962295131596564,7.375005628330396e-16,1.4853620796097097e-234,1734,17,17
MARGARINES,forward,False,0.0753771513845563,0.14079581751533388,0.5955170273996075,3978,39,39
MEAT - MISC,forward,False,-0.2646937225812016,0.19110230771881997,0.18393331287499393,1836,18,18
MEAT - SHELF STABLE,forward,False,0.03792673813770052,0.10031967081902865,0.7065644997672308,7038,69,69
MELONS,forward,False,-0.5823411068154848,0.47626895763640675,0.288551685896226,510,5,5
MILK BY-PRODUCTS,forward,False,0.19584988638906392,0.1048634977526441,0.06756012239817735,5304,52,52
MISC. DAIRY,forward,False,0.05210578277277811,0.19354850005087415,0.7897396761618511,2958,29,29
MISCELLANEOUS,forward,False,-0.13607335781340182,0.5004476351574657,0.7991537277333718,510,5,5
MOLASSES/SYRUP/PANCAKE MIXS,forward,False,-0.26790759224470423,0.2391729896350986,0.2845718716611202,1326,13,13
MUSHROOMS,forward,False,0.28182049935386333,0.27832326813871955,0.33771432305042953,1020,10,10
NEWSPAPER,forward,False,0.11850374377245088,0.06587378779029136,0.0972061109002213,1326,13,13
NO COMMODITY DESCRIPTION,forward,False,0.04993148020955073,0.3653487660445338,0.9038092621577042,306,3,3
NUTS,forward,False,0.6168980487579048,0.665779962609119,0.3966683560510142,612,6,6
OLIVES,forward,False,0.2020433980365918,0.1335880730036534,0.1688759834510326,918,9,9
ONIONS,forward,False,0.12752625095054854,0.12721104482120946,0.33312583463666023,1530,15,15
ORGANICS FRUIT & VEGETABLES,forward,False,-0.6988808124958338,0.40166733766310303,0.10379352983194545,1530,15,15
PAPER HOUSEWARES,forward,False,0.24217843716074958,0.16825519031065242,0.15868999864412003,3774,37,37
PAPER TOWELS,forward,False,0.974527174251875,0.37376920093615507,0.015750371501971235,2448,24,24
PASTA SAUCE,forward,False,-0.45123327211730785,0.1375070384361923,0.0017233803452193848,6222,61,61
PEARS,forward,False,0.2823086507649018,0.1868801485933221,0.228045340954354,408,4,4
PEPPERS-ALL,forward,False,0.07544815361457735,0.03027287414006272,0.0414586277126039,816,8,8
PICKLE/RELISH/PKLD VEG,forward,False,-0.1433470316975557,0.12938133645170358,0.28796514172706567,1428,14,14
PIES,forward,False,-0.09200253512916623,1.5336564359462148,0.9559369929624283,408,4,4
PNT BTR/JELLY/JAMS,forward,False,-0.24316706634716725,0.12033016176066338,0.05370737791529175,2754,27,27
POPCORN,forward,False,-0.3803601899452378,0.1048766926286747,0.015112221889413868,612,6,6
PORK,forward,False,-0.12467664970939328,0.23260048598900218,0.5948465099842765,4284,42,42
POTATOES,forward,False,0.1501708773852932,0.22514099225710438,0.5123895997218519,2142,21,21
PREPARED FOOD,forward,False,-0.48403004511445885,0.3140911427370288,0.22095837175262548,408,4,4
PROCESSED,forward,False,0.030470740665706347,0.1312535414091118,0.8230611595894359,816,8,8
PWDR/CRYSTL DRNK MX,forward,False,0.16947948347021927,0.16393792874162313,0.3111258952587233,2652,26,26
REFRGRATD DOUGH PRODUCTS,forward,False,-0.18131871984286216,0.06486215219791772,0.006780413247460149,6834,67,67
REFRGRATD JUICES/DRNKS,forward,False,0.05010197414593558,0.10878803402602434,0.646405274631064,8058,79,79
REFRIGERATED,forward,False,0.3726519048977486,0.2326402106522273,0.1315074344138854,1530,15,15
ROLLS,forward,False,-0.3157535401590333,0.21391061574636808,0.17069786438791718,1122,11,11
SALAD BAR,forward,False,0.03445223870569164,0.11095519371673046,0.7632467177672024,1020,10,10
SALAD MIX,forward,False,0.012953707160886995,0.3258503978134575,0.9685155177404035,3672,36,36
SALADS/DIPS,forward,False,-0.27076257109953633,0.08002192115759328,0.003309492592141376,1938,19,19
SALD DRSNG/SNDWCH SPRD,forward,False,0.11722284784127454,0.15387766809286874,0.44983510676767813,5100,50,50
SANDWICHES,forward,False,-0.04839800545452127,0.0030007853823572567,0.0005184599557668053,408,4,4
SEAFOOD - FROZEN,forward,False,-0.2801691769230221,0.17506357952843418,0.13035933482857995,1632,16,16
SEAFOOD - MISC,forward,False,0.19946226259527844,0.2857230508278572,0.5573627117750641,306,3,3
SEAFOOD - SHELF STABLE,forward,False,0.042702909763421386,0.1188014809547941,0.7234425573973146,1938,19,19
SEAFOOD-FRESH,forward,False,0.47931282822648624,0.4836020951524769,0.35463763712300206,816,8,8
SHORTENING/OIL,forward,False,-0.03714616508254744,0.18937885464764642,0.8462953545294383,2346,23,23
SMOKED MEATS,forward,False,0.2463511549338707,0.19328275327542283,0.2265918352293341,1326,13,13
SNACK NUTS,forward,False,-0.4907948651398177,0.2216779804872536,0.07771249847878224,612,6,6
SOAP - LIQUID & BAR,forward,False,0.22081540457312568,0.08007052391442081,0.11017951324366516,306,3,3
SOFT DRINKS,forward,False,-0.0233181962000717,0.04691604600111944,0.6196626642579127,22950,225,225
SOUP,forward,False,-0.07737289913002111,0.08758619542409614,0.3785723361352392,14076,138,138
SPICES & EXTRACTS,forward,False,-0.3577256029330006,0.1347138092253712,0.014134222598605604,2448,24,24
SQUASH,forward,False,0.02995719014095619,0.09613909490247054,0.7709080362851364,510,5,5
STONE FRUIT,forward,False,-0.056792112699857386,0.10922865629164966,0.6134096555839708,1224,12,12
SUGARS/SWEETNERS,forward,False,-0.009718730680196686,0.28557457116738133,0.9731329388604602,2550,25,25
SWEET GOODS & SNACKS,forward,False,-0.18658269262175478,0.38611981063679623,0.6766627920298233,306,3,3
TEAS,forward,False,-0.5961810876966961,0.7282278275953233,0.4990010197640563,306,3,3
TOMATOES,forward,False,-0.030183754635934482,0.09335995908649221,0.7538497781277725,1020,10,10
TROPICAL FRUIT,forward,False,-0.28923054709749235,0.3222414511400372,0.39562899978143884,918,9,9
TURKEY,forward,False,0.19444548817751078,0.10619637553675006,0.16450585553006505,408,4,4
UNKNOWN,forward,False,-1.972274151538844,0.3705806765213512,0.03353857357647317,306,3,3
VALUE ADDED FRUIT,forward,False,0.2170074215145727,0.12536662939381624,0.10156264584716003,1836,18,18
VALUE ADDED VEGETABLES,forward,False,0.6988569433144916,0.6075052776659073,0.28776851639920764,816,8,8
VEGETABLES - ALL OTHERS,forward,False,0.15427439632583737,0.10856438955115032,0.16816867110895833,2550,25,25
VEGETABLES - SHELF STABLE,forward,False,0.12361090499106815,0.05783552680907732,0.03467467218989001,11934,117,117
VEGETABLES SALAD,forward,False,0.005759865211016171,0.061042899526658666,0.927145571368146,918,9,9
WAREHOUSE SNACKS,forward,False,-0.28909591882162694,0.22341393399935722,0.2079823468709529,2550,25,25
WATER,forward,False,-0.05916792469317414,0.21253823187058551,0.7863866755865054,1122,11,11
WATER - CARBONATED/FLVRD DRINK,forward,False,-0.03717599784781393,0.14884130188434525,0.8038098759924158,5100,50,50
YOGURT,forward,False,-0.1269841948952431,0.09128011970577925,0.1662823735837184,15096,148,148
AIR CARE,backward,False,-0.8801010462410274,0.6896095038186508,0.33003851118080196,306,3,3
APPLES,backward,False,0.08931451401095314,0.1160828909125314,0.4483332670276775,2856,28,28
BABY FOODS,backward,False,-0.03072698110787041,0.23782417605217893,0.8976460774685167,6018,59,59
BABY HBC,backward,False,-0.08232316490880914,0.17195906836619687,0.6648527646869149,408,4,4
BACON,backward,False,0.16645647000975383,0.20360896282293897,0.4202918251997517,3060,30,30
BAG SNACKS,backward,False,-0.43042392078748093,0.19790269163071192,0.031181598233455052,15606,153,153
BAKED BREAD/BUNS/ROLLS,backward,False,-0.054110827484949664,0.12345871754953158,0.661850996346467,14382,141,141
BAKED SWEET GOODS,backward,False,0.05025235915049696,0.11270903075718088,0.6571153606190869,7038,69,69
BAKING MIXES,backward,False,-0.15692833475373663,0.08904900255398811,0.08439081438050285,4998,49,49
BAKING NEEDS,backward,False,-0.38990484167836803,0.17349284830551023,0.03142114738245693,3468,34,34
BATH TISSUES,backward,False,-0.3272547313538504,0.6159288238075045,0.5985537700208272,3672,36,36
BATTERIES,backward,False,0.4584380321767383,0.09918038901552453,0.01906221095761296,408,4,4
BEANS - CANNED GLASS & MW,backward,False,-0.5786714660673719,0.12630521532032024,3.788231933736249e-05,4590,45,45
BEEF,backward,False,-0.11069241169474846,0.10036029559016404,0.2737732582347916,7344,72,72
BEERS/ALES,backward,False,-1.142257701877747,0.2929002690408256,0.00031811089673073993,4692,46,46
BERRIES,backward,False,-0.06146964362038087,0.3067585935421354,0.8440616810255147,1530,15,15
BLEACH,backward,False,-1.1605985094625049,0.3711529330775169,0.012180260706994479,1020,10,10
BREAD,backward,False,-0.04115127757764025,0.17628131804842093,0.8180532097264949,1938,19,19
BREAKFAST SAUSAGE/SANDWICHES,backward,False,-0.03885109039979613,0.12011365955159753,0.7482239326613118,3774,37,37
BREAKFAST SWEETS,backward,False,-0.15485990504242764,0.11524848697458111,0.20041805377143987,1530,15,15
BROCCOLI/CAULIFLOWER,backward,False,0.13771399246625823,1.0259735230532632,0.8997053733099232,510,5,5
BUTTER,backward,False,0.3966402035951025,0.1094738829942776,0.005544477830974136,1020,10,10
CAKES,backward,False,0.07704103050246013,0.09226150725559652,0.464976906477177,408,4,4
CANDY - CHECKLANE,backward,False,0.2068588599974905,0.050331832770446935,8.718604036576362e-05,9282,91,91
CANDY - PACKAGED,backward,False,-0.13267574558272138,0.1300734763048144,0.31317818135789727,4692,46,46
CANNED JUICES,backward,False,-0.08870561780636675,0.10642918673831397,0.40669213718466046,9690,95,95
CANNED MILK,backward,False,-0.7083003942072172,0.29480441597623075,0.07414607928770771,510,5,5
CARROTS,backward,False,-0.3300008863340646,0.233779002482881,0.21716334389515765,612,6,6
CAT FOOD,backward,False,0.049716172045840175,0.15820884810435612,0.7548209654332153,4590,45,45
CAT LITTER,backward,False,-0.6144365969244278,0.28904539732582835,0.071115707273085,816,8,8
CHEESE,backward,False,0.0773930703392964,0.060867999649265814,0.20524155873339556,17952,176,176
CHEESES,backward,False,-0.00752444594038946,0.06221138371730024,0.9049377981736435,2142,21,21
CHICKEN,backward,False,0.2713976430925581,0.2297298407827933,0.2473901254588191,2958,29,29
CHICKEN/POULTRY,backward,False,-0.007719181563871829,0.18814583722859596,0.9680090641023329,1224,12,12
CIGARETTES,backward,False,-1.2708138334141676,0.20960526843283903,1.7928455566357367e-06,2856,28,28
CITRUS,backward,False,-0.7980839881053932,0.40916827622937096,0.06527073077564981,2142,21,21
COCOA MIXES,backward,False,-1.25514429106279,0.3391720154799957,0.004915895380171978,1020,10,10
COFFEE,backward,False,0.041041590793515444,0.17648911167571926,0.8178687920749799,2856,28,28
COFFEE FILTERS,backward,False,0.38165998635590925,0.2061997388189361,0.16127659647084727,408,4,4
COLD CEREAL,backward,False,0.15431179828356156,0.1017761290714636,0.13180976729012558,13872,136,136
CONDIMENTS/SAUCES,backward,False,-0.2981218529696616,0.16221259157956372,0.07180091185629002,5406,53,53
CONVENIENT BRKFST/WHLSM SNACKS,backward,False,0.250425280153345,0.1349297596463427,0.06755048315032114,7446,73,73
COOKIES,backward,False,-0.039542725339308846,0.16905448927899716,0.8228352147474204,714,7,7
COOKIES/CONES,backward,False,-0.01560330985536294,0.10337858601520888,0.8806879879686029,4794,47,47
CORN,backward,False,-1.530645105528741,0.5388749968499409,0.06562250867619858,408,4,4
COUPON/MISC ITEMS,backward,False,-0.07463183681883206,0.05261127393436681,0.2058211407361517,714,7,7
CRACKERS/MISC BKD FD,backward,False,-0.04100027929996863,0.0746824630544202,0.5848341001900728,6936,68,68
DELI MEATS,backward,False,-0.12206495394851682,0.06503631951764673,0.06702816236689237,4692,46,46
DIAPERS & DISPOSABLES,backward,False,0.6323952774376552,0.04341984516202281,0.004681031147896662,306,3,3
DINNER MXS:DRY,backward,False,0.019086939432383616,0.11380656866139373,0.8673291111531505,6732,66,66
DINNER SAUSAGE,backward,False,-0.20113806194993647,0.10493774830949743,0.06346485356429384,3672,36,36
DISHWASH DETERGENTS,backward,False,0.272149148626213,0.5966617242295175,0.6534745075406215,2040,20,20
DOG FOODS,backward,False,0.1809553780610938,0.1792169008230484,0.32766557115093553,1734,17,17
DRIED FRUIT,backward,False,0.06760014276061684,0.39741896576681085,0.8731897418718416,510,5,5
DRY BN/VEG/POTATO/RICE,backward,False,0.06485603739287059,0.062337539899479544,0.30140948957614705,7956,78,78
DRY MIX DESSERTS,backward,False,1.1913820783688653,0.29018946323165584,0.001070506313472574,1530,15,15
DRY NOODLES/PASTA,backward,False,-0.13290680381877784,0.08042857486755887,0.10349213244766646,6426,63,63
DRY SAUCES/GRAVY,backward,False,-0.8976857519973709,0.11244304599518863,6.109365838387268e-08,2346,23,23
EGGS,backward,False,0.0551131599650679,0.1504304998350961,0.7188888804982156,1734,17,17
ELECTRICAL SUPPPLIES,backward,False,0.5887361034069065,0.3150210681133694,0.1205871440093675,612,6,6
FACIAL TISS/DNR NAPKIN,backward,False,-0.4359458960371184,0.1524985937337917,0.007943414166119598,2958,29,29
FD WRAPS/BAGS/TRSH BG,backward,False,-0.0693078624887003,0.058775852633988844,0.24480629979211815,4488,44,44
FLORAL-FRESH CUT,backward,False,-0.09795033356073697,0.041844543479852524,0.14407979516364788,306,3,3
FLOUR & MEALS,backward,False,0.15774004128254984,0.1994365730175064,0.447338119473239,1122,11,11
FLUID MILK PRODUCTS,backward,False,-0.20150691833339043,0.0679883224104999,0.004203752133099704,6936,68,68
FROZEN BREAD/DOUGH,backward,False,-0.7019985885627511,0.4340043771989651,0.11698408996467713,2958,29,29
FROZEN MEAT,backward,False,-0.1905686861467336,0.11201521003599707,0.09923560147602906,3162,31,31
FROZEN PIE/DESSERTS,backward,False,-0.05946226048481591,0.22839702463805311,0.7981368168476006,1632,16,16
FROZEN PIZZA,backward,False,-0.2593581261751214,0.0904605193335641,0.004845768454926343,13158,129,129
FRUIT - SHELF STABLE,backward,False,-0.3087557976341929,0.07123048144239122,4.1180894120958617e-05,8466,83,83
FRZN BREAKFAST FOODS,backward,False,-0.11324706976116829,0.12285230333120091,0.36450029358960745,2958,29,29
FRZN FRUITS,backward,False,-0.7409427955812944,0.366971032544002,0.1136171566235513,510,5,5
FRZN ICE,backward,False,-4.089563841125312,7.175218605849266,0.6085949574163996,408,4,4
FRZN JCE CONC/DRNKS,backward,False,0.21180641686003457,0.4455175050410421,0.6592879839061919,510,5,5
FRZN MEAT/MEAT DINNERS,backward,False,-0.1210253523462687,0.05011264135741997,0.016631993887339398,20502,201,201
FRZN NOVELTIES/WTR ICE,backward,False,-0.48572775855929656,0.12406710584622539,0.00034314205003766195,4182,41,41
FRZN POTATOES,backward,False,-0.7152344330633105,0.11480394385558446,2.244352263350267e-07,4182,41,41
FRZN VEGETABLE/VEG DSH,backward,False,-0.1309812330918545,0.07821835317569042,0.09835955331722783,7446,73,73
GRAPES,backward,False,0.039522132817178805,0.39847939992157,0.9237740622177486,816,8,8
GREETING CARDS/WRAP/PARTY SPLY,backward,False,0.2895892323917265,0.212406794677051,0.20001817612561051,1224,12,12
HEAT/SERVE,backward,False,0.2469182804410212,0.1619664369441749,0.15836410988438046,1122,11,11
HERBS,backward,False,-0.38145931172252867,0.41967237346770714,0.40506056569331905,612,6,6
HISPANIC,backward,False,0.0031158276346136987,0.11173465244743283,0.9778540487218175,5712,56,56
HOT CEREAL,backward,False,0.11557743478384999,0.15658209030917106,0.4679025686428433,2448,24,24
HOT DOGS,backward,False,-0.20921557102455615,0.07932243563091575,0.013284437114778452,3060,30,30
HOUSEHOLD CLEANG NEEDS,backward,False,0.2709595384043439,0.41295782836249484,0.5216705256734285,1632,16,16
ICE CREAM/MILK/SHERBTS,backward,False,0.14981737926041916,0.04874596623924684,0.0030150348138498085,7242,71,71
INFANT FORMULA,backward,False,-1.02763113316398,0.7451657111134531,0.26170453341268435,408,4,4
ISOTONIC DRINKS,backward,False,-1.357244274337647,0.33915494908280264,0.0006004430657182995,2346,23,23
LAUNDRY ADDITIVES,backward,False,0.001165318868584282,0.3451848087973937,0.9974369565594551,612,6,6
LAUNDRY DETERGENTS,backward,False,-0.30994624872833454,0.33893256978988584,0.3708471852924694,2244,22,22
LUNCHMEAT,backward,False,-0.10309451417377864,0.05187117195131304,0.049017170497291096,13056,128,128
MAGAZINE,backward,False,0.3076270462449687,9.786737326694374e-18,9.286950769098844e-256,1734,17,17
MARGARINES,backward,False,0.2167489661431542,0.1565026119205613,0.17414411970542665,3978,39,39
MEAT - MISC,backward,False,-0.5003767674415244,0.19741722251103092,0.021375400492528285,1836,18,18
MEAT - SHELF STABLE,backward,False,-0.051533553186277475,0.12249181060298218,0.6752933705597162,7038,69,69
MELONS,backward,False,-1.633665153753862,1.1329741481696856,0.22277929981382566,510,5,5
MILK BY-PRODUCTS,backward,False,0.015114461347940866,0.1081620034341708,0.8894165322641857,5304,52,52
MISC. DAIRY,backward,False,-0.13853524602414208,0.17147836128742086,0.4259659419874703,2958,29,29
MISCELLANEOUS,backward,False,0.5698040924028452,0.611210311733871,0.403978831459919,510,5,5
MOLASSES/SYRUP/PANCAKE MIXS,backward,False,-0.13975445456175892,0.34447076203924165,0.6920979314268376,1326,13,13
MUSHROOMS,backward,False,-0.0354469572075929,0.23225814922075042,0.8820656896081001,1020,10,10
NEWSPAPER,backward,False,0.057706103028236345,0.0729141263228218,0.4440581089787221,1326,13,13
NO COMMODITY DESCRIPTION,backward,False,0.49795178554793734,0.1544941681554542,0.08427122180744526,306,3,3
NUTS,backward,False,0.4854237018106957,0.5709392544182101,0.4340175854156823,612,6,6
OLIVES,backward,False,-0.2724028784758338,0.12409031402757043,0.059437256705025185,918,9,9
ONIONS,backward,False,0.28816017032332647,0.17375988796336445,0.1194682388559029,1530,15,15
ORGANICS FRUIT & VEGETABLES,backward,False,-0.7946720988130703,0.3808839301183609,0.05571733245990677,1530,15,15
PAPER HOUSEWARES,backward,False,-0.16578737529730778,0.13498668825420737,0.2273504240990668,3774,37,37
PAPER TOWELS,backward,False,0.8560330250980492,0.39797057288702326,0.04221725191497072,2448,24,24
PASTA SAUCE,backward,False,-0.5860965273389427,0.13587183364696964,6.086265033692723e-05,6222,61,61
PEARS,backward,False,0.05004118663218617,0.3652785277426811,0.8997122037482672,408,4,4
PEPPERS-ALL,backward,False,0.08010741807704393,0.06887580425800835,0.28291130936822007,816,8,8
PICKLE/RELISH/PKLD VEG,backward,False,-0.21774090513834268,0.22335105619990958,0.34741122532976954,1428,14,14
PIES,backward,False,-0.9403502199479605,1.5100806083168419,0.5775980484724577,408,4,4
PNT BTR/JELLY/JAMS,backward,False,-0.2655929205145427,0.1943748766818065,0.1835167056839456,2754,27,27
POPCORN,backward,False,0.02850846786291736,0.13584521025233068,0.8420602480797873,612,6,6
PORK,backward,False,0.04197111303422998,0.23679241137535637,0.8601859192497513,4284,42,42
POTATOES,backward,False,-0.10731713052389874,0.20319650436089276,0.6032104850040417,2142,21,21
PREPARED FOOD,backward,False,-0.17300210137517172,0.17382130126096182,0.39295557715414015,408,4,4
PROCESSED,backward,False,0.7567108446916774,0.34407019572636793,0.06379764994445869,816,8,8
PWDR/CRYSTL DRNK MX,backward,False,0.006094489832999871,0.22483898940675737,0.9785903928245142,2652,26,26
REFRGRATD DOUGH PRODUCTS,backward,False,-0.2115631829998758,0.06349052208353335,0.0014149480719228404,6834,67,67
REFRGRATD JUICES/DRNKS,backward,False,-0.33156607891199397,0.10487291901378563,0.0022351080038823783,8058,79,79
REFRIGERATED,backward,False,-0.20878741035576434,0.3204718820302452,0.5252748610114464,1530,15,15
ROLLS,backward,False,-0.5428022122082191,0.1803460278733137,0.013122500818296766,1122,11,11
SALAD BAR,backward,False,-0.02925453518890556,0.05744761389359395,0.6228351772348812,1020,10,10
SALAD MIX,backward,False,0.04396060953967334,0.19686516222251813,0.8245977990137819,3672,36,36
SALADS/DIPS,backward,False,0.13343693012486751,0.03530285473965766,0.0013718377740164157,1938,19,19
SALD DRSNG/SNDWCH SPRD,backward,False,-0.051992326138317016,0.1827743930504453,0.7772552679475204,5100,50,50
SANDWICHES,backward,False,-0.09940562849754044,0.008513263398080381,0.0013495100488232587,408,4,4
SEAFOOD - FROZEN,backward,False,0.06404595869775558,0.18107424538581054,0.7284859945648416,1632,16,16
SEAFOOD - MISC,backward,False,-0.2151369840021497,0.21875702036484457,0.42907203206687516,306,3,3
SEAFOOD - SHELF STABLE,backward,False,-0.09559908526213956,0.1398705515696035,0.5030059645567244,1938,19,19
SEAFOOD-FRESH,backward,False,0.26635260768738406,0.3708865567906051,0.4959278297812254,816,8,8
SHORTENING/OIL,backward,False,-0.35954474752908044,0.156985879984514,0.031956853940739605,2346,23,23
SMOKED MEATS,backward,False,0.07280406117934574,0.1365032982580782,0.6035295581890752,1326,13,13
SNACK NUTS,backward,False,0.036462285979388324,0.22020534041514148,0.8749719312256357,612,6,6
SOAP - LIQUID & BAR,backward,False,0.29686344541407406,0.2739937648596233,0.3918380540139854,306,3,3
SOFT DRINKS,backward,False,0.040054975406550695,0.06323485983577273,0.5270978678175393,22950,225,225
SOUP,backward,False,-0.16620112177302207,0.08218472775652094,0.045093252018457174,14076,138,138
SPICES & EXTRACTS,backward,False,-0.28974402915647085,0.12398077531190335,0.02850999477081971,2448,24,24
SQUASH,backward,False,-0.1285165368184045,0.0819488221779675,0.19189716725604644,510,5,5
STONE FRUIT,backward,False,0.18133678847648377,0.17502134265133654,0.32240327945360925,1224,12,12
SUGARS/SWEETNERS,backward,False,-0.23833042653155773,0.27421879539437655,0.39338775365909695,2550,25,25
SWEET GOODS & SNACKS,backward,False,-0.6251965299325266,0.05977856999313678,0.009018858123098774,306,3,3
TEAS,backward,False,0.10442975533449449,0.12007614520213744,0.47615999380608187,306,3,3
TOMATOES,backward,False,-0.09270003036335009,0.19554011009782307,0.6467388280259398,1020,10,10
TROPICAL FRUIT,backward,False,-0.16613222313610787,0.26207212315877493,0.5438296736177126,918,9,9
TURKEY,backward,False,-0.06367981774376849,0.08697004985786679,0.5170609995251507,408,4,4
UNKNOWN,backward,False,-0.5874750845305244,0.7914906407094564,0.5352757031176572,306,3,3
VALUE ADDED FRUIT,backward,False,0.10205324150099411,0.12584106691242944,0.4285915902496973,1836,18,18
VALUE ADDED VEGETABLES,backward,False,0.3829772975030899,0.33433746970249534,0.2896574326753229,816,8,8
VEGETABLES - ALL OTHERS,backward,False,0.05702183065990945,0.0979068377088453,0.565723140539567,2550,25,25
VEGETABLES - SHELF STABLE,backward,False,-0.07470027414661454,0.05577389665785074,0.1830779806341669,11934,117,117
VEGETABLES SALAD,backward,False,-0.12341678697691012,0.07724911223352307,0.1487887408988469,918,9,9
WAREHOUSE SNACKS,backward,False,0.19005903942615635,0.2417027789257129,0.4393675969115941,2550,25,25
WATER,backward,False,-0.1846232648543958,0.1483010134601237,0.24154413238463465,1122,11,11
WATER - CARBONATED/FLVRD DRINK,backward,False,-0.1364387240494201,0.18783972146778485,0.4710754977152093,5100,50,50
YOGURT,backward,False,0.06440437122447923,0.06703799421028057,0.33827332538968424,15096,148,148
AIR CARE,permute,False,0.3214082787147942,0.62394471803927,0.6577502598982177,306,3,3
APPLES,permute,False,-0.060539165932525264,0.0667287293687472,0.3723047678702853,2856,28,28
BABY FOODS,permute,False,-0.135804782872747,0.07274988926808583,0.0669960476233321,6018,59,59
BABY HBC,permute,False,-0.16964681173764173,0.4015177342562212,0.7011047304841065,408,4,4
BACON,permute,False,0.03006076459610592,0.0848375469227325,0.7256527421395367,3060,30,30
BAG SNACKS,permute,False,-0.1133169900420848,0.0621999444088925,0.07044843065633724,15606,153,153
BAKED BREAD/BUNS/ROLLS,permute,False,-0.07620179387701154,0.05150882026400842,0.1412819199138424,14382,141,141
BAKED SWEET GOODS,permute,False,0.04597448894116898,0.08505947388918617,0.590619562548391,7038,69,69
BAKING MIXES,permute,False,-0.0458372877561455,0.07549539304704489,0.5466106165025046,4998,49,49
BAKING NEEDS,permute,False,0.03717375146196906,0.11519521162059122,0.7489565535794362,3468,34,34
BATH TISSUES,permute,False,-0.11701807476332046,0.13130517065844435,0.37891214100826764,3672,36,36
BATTERIES,permute,False,-0.43078365121827483,0.16046411491924462,0.07475543127940737,408,4,4
BEANS - CANNED GLASS & MW,permute,False,-0.04514644822174399,0.0678061482724616,0.5090041758515274,4590,45,45
BEEF,permute,False,-0.017413283454815444,0.045333425572134274,0.702040642071633,7344,72,72
BEERS/ALES,permute,False,0.19789295004642704,0.14995947950183156,0.19362893933771688,4692,46,46
BERRIES,permute,False,-0.13514495110703045,0.12338510064058389,0.2918665138971379,1530,15,15
BLEACH,permute,False,0.022638357109755595,0.13614658658882517,0.8716127564761847,1020,10,10
BREAD,permute,False,0.03009118796001525,0.12576186567338235,0.8135985900362808,1938,19,19
BREAKFAST SAUSAGE/SANDWICHES,permute,False,-0.06298159447551092,0.08284944555813317,0.4520891994376174,3774,37,37
BREAKFAST SWEETS,permute,False,-0.20818647338477933,0.08946538908359464,0.03548324224710572,1530,15,15
BROCCOLI/CAULIFLOWER,permute,False,-0.0956146511032129,0.32007790847480116,0.7800275285265932,510,5,5
BUTTER,permute,False,0.07361492312681626,0.17940154099592848,0.6911557871951111,1020,10,10
CAKES,permute,False,0.16218030958204993,0.030367064601618827,0.012835602033520077,408,4,4
CANDY - CHECKLANE,permute,False,0.01031655208267454,0.041396405500566356,0.8037633427656247,9282,91,91
CANDY - PACKAGED,permute,False,0.00965436490052778,0.05958387397286079,0.8720077233705641,4692,46,46
CANNED JUICES,permute,False,-0.0035441723439766084,0.05953476053901967,0.9526554403351468,9690,95,95
CANNED MILK,permute,False,-0.2045218384429345,0.22203845873433886,0.40911924284401463,510,5,5
CARROTS,permute,False,-0.014359173523127268,0.10642060157364838,0.8979318416604506,612,6,6
CAT FOOD,permute,False,-0.03903689987246174,0.11169922231293818,0.7283944490617015,4590,45,45
CAT LITTER,permute,False,0.18152585553054149,0.12441281958801736,0.1879148374771437,816,8,8
CHEESE,permute,False,-0.01773838533732863,0.033193873512580345,0.5937518273050755,17952,176,176
CHEESES,permute,False,-0.03058327985302323,0.03943733467697262,0.44712313349423227,2142,21,21
CHICKEN,permute,False,-0.019193739374206497,0.03928500315942174,0.6289462207681379,2958,29,29
CHICKEN/POULTRY,permute,False,-0.012727831432705646,0.24582833392271897,0.959636013100599,1224,12,12
CIGARETTES,permute,False,-0.0327325023924066,0.09625624217596773,0.7364458352474235,2856,28,28
CITRUS,permute,False,-0.2599827223186788,0.09390643358138084,0.011852674419205365,2142,21,21
COCOA MIXES,permute,False,0.1065900535013095,0.2063882428305905,0.6179864745343722,1020,10,10
COFFEE,permute,False,-0.10372876707431798,0.10427846039373638,0.32870003037493856,2856,28,28
COFFEE FILTERS,permute,False,-0.17931531912748802,0.2738729250333457,0.559356251132388,408,4,4
COLD CEREAL,permute,False,0.019937322301470807,0.0503349162806765,0.6926615391415731,13872,136,136
CONDIMENTS/SAUCES,permute,False,-0.06214180794990713,0.09460275825351565,0.5141606525753224,5406,53,53
CONVENIENT BRKFST/WHLSM SNACKS,permute,False,0.018505568446140652,0.05828889794749702,0.7517981652848211,7446,73,73
COOKIES,permute,False,-0.1725329750895411,0.1551281957272077,0.30862007200103586,714,7,7
COOKIES/CONES,permute,False,-0.021458911494514843,0.12952644342717687,0.869141039424121,4794,47,47
CORN,permute,False,0.5437677368925021,0.14850438510992284,0.0352050784255672,408,4,4
COUPON/MISC ITEMS,permute,False,0.04050550120952201,0.025255003819372554,0.15986618212951437,714,7,7
CRACKERS/MISC BKD FD,permute,False,-0.025374732198509768,0.06787307083006201,0.7096921685417742,6936,68,68
DELI MEATS,permute,False,-0.015118570029953444,0.03365396931553748,0.6554177547234606,4692,46,46
DIAPERS & DISPOSABLES,permute,False,-1.2801307050843282,0.227148450356499,0.03007247964683353,306,3,3
DINNER MXS:DRY,permute,False,-0.07508706482708066,0.04623370678667903,0.10919956245715869,6732,66,66
DINNER SAUSAGE,permute,False,0.034158535741564154,0.07307388110317722,0.6430739291377816,3672,36,36
DISHWASH DETERGENTS,permute,False,0.2739632870700905,0.14416098679961187,0.07266334855353286,2040,20,20
DOG FOODS,permute,False,-0.09968380221138835,0.1288784374874454,0.450520698406374,1734,17,17
DRIED FRUIT,permute,False,0.5466480827837896,0.08848939926404717,0.0034880655806427633,510,5,5
DRY BN/VEG/POTATO/RICE,permute,False,0.03888052776224876,0.06555726178907335,0.5548673817695725,7956,78,78
DRY MIX DESSERTS,permute,False,0.336594894709991,0.16930596889645289,0.06672002457813929,1530,15,15
DRY NOODLES/PASTA,permute,False,0.018824169465474903,0.07847966404897003,0.8112296782157326,6426,63,63
DRY SAUCES/GRAVY,permute,False,-0.09089141502374265,0.0765823784332589,0.2479471143825973,2346,23,23
EGGS,permute,False,0.24035240367324232,0.11922303184177194,0.06091259652463441,1734,17,17
ELECTRICAL SUPPPLIES,permute,False,0.42068186401055035,0.20549311533437803,0.09598662650506763,612,6,6
FACIAL TISS/DNR NAPKIN,permute,False,-0.20105112163699093,0.13341889844519447,0.14303240811776224,2958,29,29
FD WRAPS/BAGS/TRSH BG,permute,False,0.11582191313195117,0.05234501592352204,0.03228027381618861,4488,44,44
FLORAL-FRESH CUT,permute,False,-0.16844545449102,0.03602799323786017,0.042829360851442635,306,3,3
FLOUR & MEALS,permute,False,-0.1014940409042711,0.16175122673203268,0.5444117358261791,1122,11,11
FLUID MILK PRODUCTS,permute,False,0.06842857635559604,0.04962187286966924,0.17248101256346127,6936,68,68
FROZEN BREAD/DOUGH,permute,False,0.12751270655363076,0.13166601545596993,0.3411083698728651,2958,29,29
FROZEN MEAT,permute,False,0.04173774595983141,0.09927416496005811,0.6771683758068192,3162,31,31
FROZEN PIE/DESSERTS,permute,False,-0.10655815361697171,0.1429765566409853,0.46761824096977467,1632,16,16
FROZEN PIZZA,permute,False,0.0032367396809047234,0.05739598922097537,0.9551165606477698,13158,129,129
FRUIT - SHELF STABLE,permute,False,-0.016960646486913932,0.07053757756464017,0.8105827996708392,8466,83,83
FRZN BREAKFAST FOODS,permute,False,0.09660572604429876,0.1209675882814102,0.43123963353922523,2958,29,29
FRZN FRUITS,permute,False,-0.31594396468883734,0.20350065403978998,0.19548641800808264,510,5,5
FRZN ICE,permute,False,-0.3041513134132338,2.606065373836156,0.9144652299222216,408,4,4
FRZN JCE CONC/DRNKS,permute,False,-0.5730668678187413,0.23384936720034327,0.07040121487451063,510,5,5
FRZN MEAT/MEAT DINNERS,permute,False,0.020893472570788236,0.03427452828282326,0.5428241319754146,20502,201,201
FRZN NOVELTIES/WTR ICE,permute,False,-0.11419198050250033,0.11069067972393457,0.3084423814274455,4182,41,41
FRZN POTATOES,permute,False,-0.03460453618848199,0.08891442307427098,0.6992004380861951,4182,41,41
FRZN VEGETABLE/VEG DSH,permute,False,-0.04322738025335191,0.06115334124984272,0.48192959155106474,7446,73,73
GRAPES,permute,False,0.04834719171799365,0.23961247981430248,0.8458330354737239,816,8,8
GREETING CARDS/WRAP/PARTY SPLY,permute,False,-0.4907149647813223,0.2997413249802378,0.12986528042222029,1224,12,12
HEAT/SERVE,permute,False,0.1464594631548247,0.15656726144692945,0.37160013914735046,1122,11,11
HERBS,permute,False,0.1497128370727129,0.09459033064847862,0.17432576809201725,612,6,6
HISPANIC,permute,False,-0.12544168834030536,0.0800906741163081,0.12302710815338,5712,56,56
HOT CEREAL,permute,False,0.0873590957326413,0.07766739469168259,0.2722820315624137,2448,24,24
HOT DOGS,permute,False,0.019244058322807022,0.07236201188204539,0.7921659304529962,3060,30,30
HOUSEHOLD CLEANG NEEDS,permute,False,-0.013001244920418825,0.1418035052626801,0.9281616077578836,1632,16,16
ICE CREAM/MILK/SHERBTS,permute,False,0.04856678618872958,0.04155708261413006,0.24649862716462206,7242,71,71
INFANT FORMULA,permute,False,0.7902797535333914,0.3480347539783494,0.10785622339583034,408,4,4
ISOTONIC DRINKS,permute,False,-0.06351634322061706,0.13092340453026205,0.6323720998245357,2346,23,23
LAUNDRY ADDITIVES,permute,False,0.29889824966020767,0.15400709318332162,0.10995693873896953,612,6,6
LAUNDRY DETERGENTS,permute,False,-0.09655699702286927,0.11564047812179411,0.4131301684421379,2244,22,22
LUNCHMEAT,permute,False,0.0016239081853526994,0.042301157778065604,0.9694376408132119,13056,128,128
MAGAZINE,permute,False,-0.34579853447076786,6.361379262351341e-17,1.4511380312873226e-243,1734,17,17
MARGARINES,permute,False,0.09515669341561246,0.05021284697219733,0.06571032319974565,3978,39,39
MEAT - MISC,permute,False,0.04882314741193341,0.11261471659784722,0.6700727560387978,1836,18,18
MEAT - SHELF STABLE,permute,False,-0.05623196396789574,0.07090794309295013,0.4305200041901913,7038,69,69
MELONS,permute,False,0.18283558425925628,0.13793116008550146,0.2556245845956979,510,5,5
MILK BY-PRODUCTS,permute,False,0.024496968819871092,0.08224649606298451,0.7670290542614127,5304,52,52
MISC. DAIRY,permute,False,0.20145191852818184,0.16184731754217505,0.22355865253046314,2958,29,29
MISCELLANEOUS,permute,False,0.007729190070449887,0.34175148453393134,0.9830395033684987,510,5,5
MOLASSES/SYRUP/PANCAKE MIXS,permute,False,-0.1737216374666246,0.1650870730005321,0.31338963874433534,1326,13,13
MUSHROOMS,permute,False,0.16493542551595416,0.17179313704495458,0.36209546482515864,1020,10,10
NEWSPAPER,permute,False,0.2608745997758445,0.17089872357086985,0.15280582441944446,1326,13,13
NO COMMODITY DESCRIPTION,permute,False,-0.6738359156910025,0.20611029049808377,0.08219034095165835,306,3,3
NUTS,permute,False,0.08681191566216208,0.39847495262208454,0.8361498834364662,612,6,6
OLIVES,permute,False,0.0006612979747387803,0.13028186474312048,0.9960743263149734,918,9,9
ONIONS,permute,False,0.05765090177001232,0.0642065957583414,0.3844224579552795,1530,15,15
ORGANICS FRUIT & VEGETABLES,permute,False,0.04800125775402554,0.2988499299426024,0.8746873718132716,1530,15,15
PAPER HOUSEWARES,permute,False,-0.14202634818854576,0.1003193680946144,0.16544494365304221,3774,37,37
PAPER TOWELS,permute,False,0.1304325490669988,0.11290676111294198,0.2598598343342129,2448,24,24
PASTA SAUCE,permute,False,0.009859291627760147,0.09157521795974718,0.9146219837908556,6222,61,61
PEARS,permute,False,0.17751609393348639,0.11746028230909371,0.22789221203921578,408,4,4
PEPPERS-ALL,permute,False,0.0465771060737916,0.04931243109847477,0.37634994668088584,816,8,8
PICKLE/RELISH/PKLD VEG,permute,False,0.09692142849398086,0.16124712305136285,0.5581263690270912,1428,14,14
PIES,permute,False,-0.25545247891394507,0.3957935834506938,0.564620376410101,408,4,4
PNT BTR/JELLY/JAMS,permute,False,-0.05772627281654818,0.10904644533811682,0.6010377580189991,2754,27,27
POPCORN,permute,False,-0.2938719459316721,0.18089488638497023,0.16518741291001665,612,6,6
PORK,permute,False,0.024224675223451023,0.0633649518859263,0.7042104962030379,4284,42,42
POTATOES,permute,False,-0.13438098629610154,0.12802983170843446,0.3064173452646238,2142,21,21
PREPARED FOOD,permute,False,0.1552247099664708,0.1943705655444502,0.4828974785416591,408,4,4
PROCESSED,permute,False,-0.24473165916226747,0.0978042490173138,0.04085689432078366,816,8,8
PWDR/CRYSTL DRNK MX,permute,False,0.02989785905557235,0.061901926951436696,0.6333073796203335,2652,26,26
REFRGRATD DOUGH PRODUCTS,permute,False,-0.036781734707648846,0.05805345857236515,0.5285420462741132,6834,67,67
REFRGRATD JUICES/DRNKS,permute,False,0.02701447032402114,0.056672547110982456,0.6349252298203385,8058,79,79
REFRIGERATED,permute,False,0.11136739399400296,0.19132602983328637,0.5697672214637949,1530,15,15
ROLLS,permute,False,-0.32068547867370883,0.0923048977345786,0.0059789548882563616,1122,11,11
SALAD BAR,permute,False,0.035959891313221415,0.06133584690565754,0.5720969455748355,1020,10,10
SALAD MIX,permute,False,-0.08574016492286023,0.05666197398119186,0.1392106601317114,3672,36,36
SALADS/DIPS,permute,False,-0.11645112670615612,0.08612673704491128,0.19309189399900503,1938,19,19
SALD DRSNG/SNDWCH SPRD,permute,False,-0.019109332559922355,0.069205919538741,0.783615031646633,5100,50,50
SANDWICHES,permute,False,0.002253923881933237,0.006991719310452657,0.7683313267267481,408,4,4
SEAFOOD - FROZEN,permute,False,-0.023784322684320812,0.07936609922831761,0.768534954915304,1632,16,16
SEAFOOD - MISC,permute,False,0.3715242535275998,0.13274915181772579,0.1074772709382351,306,3,3
SEAFOOD - SHELF STABLE,permute,False,-0.016362902242512977,0.10490909167365642,0.8777908492978944,1938,19,19
SEAFOOD-FRESH,permute,False,0.03297270762423969,0.08558074973423725,0.7114686026750406,816,8,8
SHORTENING/OIL,permute,False,0.0221058656495598,0.12584588163402682,0.8621692354012824,2346,23,23
SMOKED MEATS,permute,False,0.08224125372518261,0.03592746590642433,0.040998849524056996,1326,13,13
SNACK NUTS,permute,False,0.40642071120880346,0.17372921158321222,0.06643039823381656,612,6,6
SOAP - LIQUID & BAR,permute,False,-0.6246800894376597,0.3430669805058476,0.21022379373278646,306,3,3
SOFT DRINKS,permute,False,0.03901921068615428,0.03703575314611195,0.2932217136594682,22950,225,225
SOUP,permute,False,0.02331204603319777,0.04527827846612593,0.6074794217321389,14076,138,138
SPICES & EXTRACTS,permute,False,-0.010237385326949526,0.09413964987374267,0.9143465037218128,2448,24,24
SQUASH,permute,False,-0.09420338187735643,0.10049453705497118,0.4016253622690649,510,5,5
STONE FRUIT,permute,False,-0.08346593386013122,0.05848716704797052,0.18132088826934895,1224,12,12
SUGARS/SWEETNERS,permute,False,-0.24506016698625008,0.16695315041689798,0.15513262068477393,2550,25,25
SWEET GOODS & SNACKS,permute,False,0.05857750099583005,0.24995289307620028,0.8365160905056059,306,3,3
TEAS,permute,False,0.3165763893646277,0.6923624247335335,0.6923617226453662,306,3,3
TOMATOES,permute,False,-0.05400895146574964,0.044532314746967436,0.2560770378408908,1020,10,10
TROPICAL FRUIT,permute,False,-0.1222509084305008,0.06637467152202667,0.10275647966768789,918,9,9
TURKEY,permute,False,-0.006387178481933382,0.057075089582402795,0.917963683311695,408,4,4
UNKNOWN,permute,False,-0.21414205732868882,0.29904504037082114,0.5482603942635746,306,3,3
VALUE ADDED FRUIT,permute,False,-0.03613074421136415,0.0686113797722225,0.6052750654485193,1836,18,18
VALUE ADDED VEGETABLES,permute,False,-0.22533381705381078,0.10247374025844237,0.06383061792690738,816,8,8
VEGETABLES - ALL OTHERS,permute,False,-0.009188079984406123,0.09416197138798399,0.9230782143050712,2550,25,25
VEGETABLES - SHELF STABLE,permute,False,0.005077406684411399,0.03689162685562526,0.8907711982281195,11934,117,117
VEGETABLES SALAD,permute,False,0.08835388567006812,0.08014737293357693,0.30234716964034464,918,9,9
WAREHOUSE SNACKS,permute,False,-0.14276468146462476,0.14122648482087544,0.32215197216981983,2550,25,25
WATER,permute,False,-0.060812653621403395,0.1315723445699753,0.6538308578471663,1122,11,11
WATER - CARBONATED/FLVRD DRINK,permute,False,0.04159684832897974,0.08792759529785583,0.6382563286206511,5100,50,50
YOGURT,permute,False,-0.08472084319888003,0.05826247585687387,0.1480438042909407,15096,148,148
AIR CARE,swap,False,0.06570580464809736,0.7706816451278145,0.9398236329888963,306,3,3
APPLES,swap,False,0.11574409121215799,0.08522268849764428,0.18566165668190926,2856,28,28
BABY FOODS,swap,False,-0.5021979692029662,0.20987747028816722,0.01997836279476529,6018,59,59
BABY HBC,swap,False,-0.5999419828749952,1.2755329795581112,0.6701896416127964,408,4,4
BACON,swap,False,0.1751509551682859,0.09469554715654639,0.07458372773303576,3060,30,30
BAG SNACKS,swap,False,-0.576216755112194,0.24007411324661349,0.01759749397305225,15606,153,153
BAKED BREAD/BUNS/ROLLS,swap,False,-0.21557423069239323,0.12120135280621669,0.07746820732431878,14382,141,141
BAKED SWEET GOODS,swap,False,-0.3492948872769299,0.12807163888955414,0.008115921854478573,7038,69,69
BAKING MIXES,swap,False,-0.06703181086461098,0.11607883090833453,0.566322360538831,4998,49,49
BAKING NEEDS,swap,False,-0.6007330909010842,0.22773505568971641,0.012628307089511438,3468,34,34
BATH TISSUES,swap,False,-0.049144033941282174,0.5937739016856216,0.9345094933613691,3672,36,36
BATTERIES,swap,False,-0.0937362291104616,0.2964377088600876,0.7725679289225927,408,4,4
BEANS - CANNED GLASS & MW,swap,False,-0.059833450261847616,0.16323298912640632,0.7157097246176574,4590,45,45
BEEF,swap,False,-0.06423506768842198,0.1043063861131712,0.5399755597157975,7344,72,72
BEERS/ALES,swap,False,0.21985241262374655,0.34250264405927566,0.5241947620660208,4692,46,46
BERRIES,swap,False,-0.31481168050467595,0.29086959882686286,0.29740397467387536,1530,15,15
BLEACH,swap,False,-0.37022258795058494,0.2600196518125364,0.18822897340566389,1020,10,10
BREAD,swap,False,-0.04957674308253215,0.1887489677551809,0.7957956010039107,1938,19,19
BREAKFAST SAUSAGE/SANDWICHES,swap,False,-0.08569833395140232,0.1506022272173863,0.5728639933115396,3774,37,37
BREAKFAST SWEETS,swap,False,-0.01989819249668607,0.10200048618854782,0.8481335635523168,1530,15,15
BROCCOLI/CAULIFLOWER,swap,False,-1.416095354809962,0.9636885156975397,0.21564614812997188,510,5,5
BUTTER,swap,False,-0.5039094196921017,0.41772981573702445,0.2584520791197694,1020,10,10
CAKES,swap,False,0.19484489630207624,0.03590940357472932,0.012283404067034593,408,4,4
CANDY - CHECKLANE,swap,False,-0.08060842251763449,0.07968529017374945,0.31444855322499277,9282,91,91
CANDY - PACKAGED,swap,False,-0.5483155317599303,0.18817218310606657,0.005542140618208226,4692,46,46
CANNED JUICES,swap,False,-0.027517925934668404,0.11828208537934329,0.816541632681,9690,95,95
CANNED MILK,swap,False,-1.4780021295994352,0.7056356607525044,0.1042909998020603,510,5,5
CARROTS,swap,False,0.1253988668152304,0.16664855400913775,0.48566092166425046,612,6,6
CAT FOOD,swap,False,-0.16808119761775459,0.18079345024431967,0.35760622454753477,4590,45,45
CAT LITTER,swap,False,0.016188242961586885,0.4033712208873109,0.9691082382127991,816,8,8
CHEESE,swap,False,0.07356972157664587,0.06902789014138982,0.28798362529776794,17952,176,176
CHEESES,swap,False,-0.06345720834419888,0.07243510272304726,0.39140035875646983,2142,21,21
CHICKEN,swap,False,0.1269167847656337,0.08173757283720215,0.13171766245542377,2958,29,29
CHICKEN/POULTRY,swap,False,0.05126157579154133,0.39372558834842925,0.898761599804852,1224,12,12
CIGARETTES,swap,False,-1.0614095935414243,0.2485897974032091,0.0002160855070995274,2856,28,28
CITRUS,swap,False,-0.3624342964769822,0.3757307261423632,0.34625890883852084,2142,21,21
COCOA MIXES,swap,False,0.43143355120562593,0.32206414910532744,0.21322066887255198,1020,10,10
COFFEE,swap,False,-0.037204627812697455,0.09729091386869981,0.7051539517605827,2856,28,28
COFFEE FILTERS,swap,False,-0.13838674435237822,0.2504241684802848,0.619038410469087,408,4,4
COLD CEREAL,swap,False,-0.12721115183290246,0.13025968183837675,0.33051570281574694,13872,136,136
CONDIMENTS/SAUCES,swap,False,-0.1042809719404985,0.1589174083912304,0.5145913087137017,5406,53,53
CONVENIENT BRKFST/WHLSM SNACKS,swap,False,-0.14956380253986637,0.11664647534740384,0.20388651317898257,7446,73,73
COOKIES,swap,False,-0.7844981504139832,0.23908207548129737,0.016795441035565052,714,7,7
COOKIES/CONES,swap,False,-0.03658631356678398,0.12959079850652666,0.7789631576490169,4794,47,47
CORN,swap,False,-1.5793927823704534,0.2750613301952464,0.01049035579857954,408,4,4
COUPON/MISC ITEMS,swap,False,0.006075107247539334,0.028432447807971776,0.8378815724064654,714,7,7
CRACKERS/MISC BKD FD,swap,False,-0.04125209848560507,0.11571576195776002,0.7225900782735097,6936,68,68
DELI MEATS,swap,False,-0.05627527897810988,0.06411951703389411,0.3847889683040585,4692,46,46
DIAPERS & DISPOSABLES,swap,False,-0.5553638868626231,0.3101217302779461,0.2152087750162968,306,3,3
DINNER MXS:DRY,swap,False,-0.0463288232231192,0.07640834621916447,0.5464061508599772,6732,66,66
DINNER SAUSAGE,swap,False,-0.009393476363182513,0.15018708620063329,0.9504845215091853,3672,36,36
DISHWASH DETERGENTS,swap,False,-0.5915109088438795,0.21367867283211753,0.012241115570079116,2040,20,20
DOG FOODS,swap,False,0.013762594731637377,0.1681862661312815,0.9357972339597084,1734,17,17
DRIED FRUIT,swap,False,0.5104024843888545,0.22204612283157818,0.08306388909328766,510,5,5
DRY BN/VEG/POTATO/RICE,swap,False,-0.3775737824931839,0.11979062473029481,0.002311271377600373,7956,78,78
DRY MIX DESSERTS,swap,False,-0.010111992955863286,0.3957233274896341,0.9799743865973547,1530,15,15
DRY NOODLES/PASTA,swap,False,-0.03759238611126903,0.12105693708195321,0.7571958837620609,6426,63,63
DRY SAUCES/GRAVY,swap,False,-0.38496152706718023,0.12704631362792282,0.006149863554256959,2346,23,23
EGGS,swap,False,0.04648250822950537,0.22221969148228923,0.8369526149355362,1734,17,17
ELECTRICAL SUPPPLIES,swap,False,-0.22771673701492015,0.31511036243692464,0.5022673595475851,612,6,6
FACIAL TISS/DNR NAPKIN,swap,False,-0.6228704034690205,0.1629840707575547,0.0006764371269216897,2958,29,29
FD WRAPS/BAGS/TRSH BG,swap,False,-0.21723047192344655,0.07865452285126114,0.008420461080114057,4488,44,44
FLORAL-FRESH CUT,swap,False,0.07532135313529129,0.045698550872926735,0.241073831974694,306,3,3
FLOUR & MEALS,swap,False,-0.2180261765068364,0.4227884892171504,0.6172817419526615,1122,11,11
FLUID MILK PRODUCTS,swap,False,0.024151345659476457,0.09988995984110795,0.8096895029773689,6936,68,68
FROZEN BREAD/DOUGH,swap,False,0.12928095652472466,0.2712906888588176,0.6373874102816033,2958,29,29
FROZEN MEAT,swap,False,-0.16852016790874602,0.12543265022086864,0.1891814054879408,3162,31,31
FROZEN PIE/DESSERTS,swap,False,-0.6615248229211206,0.14705137574421398,0.0004244834289917838,1632,16,16
FROZEN PIZZA,swap,False,-0.16408627675208423,0.07934241939050785,0.04064662342146419,13158,129,129
FRUIT - SHELF STABLE,swap,False,-0.0016790427594528194,0.09871109818593439,0.9864702241638778,8466,83,83
FRZN BREAKFAST FOODS,swap,False,-0.12745326927875397,0.2864819743464799,0.6598187511383098,2958,29,29
FRZN FRUITS,swap,False,-0.31217957274946057,0.4593089818709445,0.5340109162449451,510,5,5
FRZN ICE,swap,False,-0.29245628488026126,2.5981521947119637,0.9174863203640214,408,4,4
FRZN JCE CONC/DRNKS,swap,False,-0.7311480058364352,0.3880899866046482,0.13267199835108792,510,5,5
FRZN MEAT/MEAT DINNERS,swap,False,-0.2904904652600148,0.06010936865842629,2.6781478453811717e-06,20502,201,201
FRZN NOVELTIES/WTR ICE,swap,False,-0.21143091163981004,0.18925823459193092,0.27059326306208553,4182,41,41
FRZN POTATOES,swap,False,-0.4439039316971834,0.13751937618166943,0.002490964946025698,4182,41,41
FRZN VEGETABLE/VEG DSH,swap,False,-0.18217018266662208,0.10156607977023274,0.07707402294252656,7446,73,73
GRAPES,swap,False,-0.21850017296326688,0.2052282146058755,0.3223663124850866,816,8,8
GREETING CARDS/WRAP/PARTY SPLY,swap,False,-0.4528475908582235,0.22968104324801566,0.0743237462627435,1224,12,12
HEAT/SERVE,swap,False,0.16314649005129103,0.11484507193699058,0.18586005168401884,1122,11,11
HERBS,swap,False,-0.1954150342772008,0.34976117912329413,0.6004555535154266,612,6,6
HISPANIC,swap,False,0.20569423956324423,0.10973831536835742,0.0661891974177109,5712,56,56
HOT CEREAL,swap,False,-0.4504320694926215,0.2192675292067237,0.051485913635063336,2448,24,24
HOT DOGS,swap,False,-0.30815554028543346,0.13732630435431992,0.03263631995858838,3060,30,30
HOUSEHOLD CLEANG NEEDS,swap,False,-0.2947228368275557,0.23044003273059419,0.22034498822463194,1632,16,16
ICE CREAM/MILK/SHERBTS,swap,False,-0.2173571636425227,0.08735532618040956,0.015222318072878731,7242,71,71
INFANT FORMULA,swap,False,0.8802670194312607,0.423523796036933,0.12919553976789086,408,4,4
ISOTONIC DRINKS,swap,False,-1.8645124526483405,0.3972024140182077,0.00011077529568411083,2346,23,23
LAUNDRY ADDITIVES,swap,False,0.6703874420393146,0.4055291550702691,0.15921459463571722,612,6,6
LAUNDRY DETERGENTS,swap,False,-0.5442307484996244,0.20977163288269307,0.01692234217716256,2244,22,22
LUNCHMEAT,swap,False,-0.09203544167554896,0.060083609247435533,0.1280616212606873,13056,128,128
MAGAZINE,swap,False,-0.32786283601244676,2.4956180183070623e-16,1.0711078921397316e-233,1734,17,17
MARGARINES,swap,False,-0.05964719978428926,0.10271757462191855,0.5648767398862241,3978,39,39
MEAT - MISC,swap,False,-0.11153406600358613,0.16738386782355658,0.514137603043372,1836,18,18
MEAT - SHELF STABLE,swap,False,-0.22453380069449166,0.1472222730190345,0.13186330844014632,7038,69,69
MELONS,swap,False,-1.676107437460114,0.8418796091417386,0.1173284274092526,510,5,5
MILK BY-PRODUCTS,swap,False,-0.1945743402687937,0.17369262052830203,0.2678667944817136,5304,52,52
MISC. DAIRY,swap,False,-0.13048002172491344,0.21853009673724727,0.55525168020168,2958,29,29
MISCELLANEOUS,swap,False,0.4959244878440127,0.14497684692997173,0.02676260223114575,510,5,5
MOLASSES/SYRUP/PANCAKE MIXS,swap,False,-0.244900999553709,0.2677725035127067,0.3784200710467107,1326,13,13
MUSHROOMS,swap,False,-0.3453101405155516,0.45814567985054866,0.4702797636492265,1020,10,10
NEWSPAPER,swap,False,0.709656973473193,0.3691902311153758,0.07863990041837822,1326,13,13
NO COMMODITY DESCRIPTION,swap,False,-0.9130629340790026,0.04817266631017561,0.00277198725935084,306,3,3
NUTS,swap,False,-0.43770115731645354,0.2847632166614651,0.1848816518054234,612,6,6
OLIVES,swap,False,-0.3499987379948852,0.14862110172839513,0.04632025095874046,918,9,9
ONIONS,swap,False,0.01824785264945634,0.07992273496704078,0.8226996871493815,1530,15,15
ORGANICS FRUIT & VEGETABLES,swap,False,0.15598816749781733,0.4702442722232842,0.745016361276795,1530,15,15
PAPER HOUSEWARES,swap,False,-0.5292752673756892,0.218040111016226,0.020336748409674477,3774,37,37
PAPER TOWELS,swap,False,-0.2765498778793056,0.24543732606481247,0.27146141474868885,2448,24,24
PASTA SAUCE,swap,False,-0.2227176974931645,0.14838892829138142,0.13862452695789382,6222,61,61
PEARS,swap,False,0.16940105224826485,0.40060077726653465,0.7008731721402199,408,4,4
PEPPERS-ALL,swap,False,0.12274062528202526,0.03146335292439487,0.00589078408452649,816,8,8
PICKLE/RELISH/PKLD VEG,swap,False,-0.1441271824550305,0.15432931941151723,0.3673814569827393,1428,14,14
PIES,swap,False,-2.168739217075915,0.689020300191235,0.05136180270089261,408,4,4
PNT BTR/JELLY/JAMS,swap,False,-0.3278510533320864,0.1711853893562425,0.06653091666701086,2754,27,27
POPCORN,swap,False,0.04876886758853957,0.207469303799875,0.8234815842931552,612,6,6
PORK,swap,False,0.1537378923734245,0.22608690734967643,0.5003295875909322,4284,42,42
POTATOES,swap,False,-0.23098025220769636,0.1839259831354968,0.22365012223378913,2142,21,21
PREPARED FOOD,swap,False,-1.0185205617825377,0.9546906386816775,0.36426954257765404,408,4,4
PROCESSED,swap,False,0.10862427593528916,0.3587944800961709,0.7708805555489671,816,8,8
PWDR/CRYSTL DRNK MX,swap,False,-0.2858035116750986,0.09879427092360905,0.0077978487459239324,2652,26,26
REFRGRATD DOUGH PRODUCTS,swap,False,-0.3632388047859698,0.10489918320859215,0.0009433329745006177,6834,67,67
REFRGRATD JUICES/DRNKS,swap,False,-0.16340588419333793,0.0986816619332882,0.10176229512365366,8058,79,79
REFRIGERATED,swap,False,-0.2992174716465489,0.2562314926249802,0.262406191003805,1530,15,15
ROLLS,swap,False,-0.33881554981401046,0.40279937608524147,0.4199217577337252,1122,11,11
SALAD BAR,swap,False,-0.002704712112501967,0.09432586383055225,0.9777502606159318,1020,10,10
SALAD MIX,swap,False,0.02406537171396824,0.2408229960220557,0.9209703401511741,3672,36,36
SALADS/DIPS,swap,False,-0.09906630806738241,0.11019939164347917,0.3805357649620448,1938,19,19
SALD DRSNG/SNDWCH SPRD,swap,False,0.07162976125927475,0.10069815714879037,0.48025163856142894,5100,50,50
SANDWICHES,swap,False,0.07816089450775811,0.0038259587505028183,0.00025644219869162046,408,4,4
SEAFOOD - FROZEN,swap,False,-0.1585827185561214,0.12813739771716315,0.23488803573726388,1632,16,16
SEAFOOD - MISC,swap,False,0.1147520131856544,0.19248521072174274,0.6115546094891346,306,3,3
SEAFOOD - SHELF STABLE,swap,False,-0.0034919128289661624,0.18012436784756758,0.9847463598808288,1938,19,19
SEAFOOD-FRESH,swap,False,-0.11514832849395773,0.302243440218369,0.7145179586650396,816,8,8
SHORTENING/OIL,swap,False,0.05108712944259357,0.16943107355778908,0.7658484360567476,2346,23,23
SMOKED MEATS,swap,False,-0.2012760120091017,0.11707953851839051,0.11125310540976849,1326,13,13
SNACK NUTS,swap,False,0.03030730519046451,0.09636529210667104,0.7658381320210708,612,6,6
SOAP - LIQUID & BAR,swap,False,0.21603558480514665,0.309352790340237,0.5572350273098428,306,3,3
SOFT DRINKS,swap,False,-0.4991845215230364,0.0913461699545543,1.230869514104994e-07,22950,225,225
SOUP,swap,False,-0.22682372626459615,0.08355228383295077,0.007486183811721992,14076,138,138
SPICES & EXTRACTS,swap,False,-0.5963853480091151,0.19783175255388047,0.006174731897909367,2448,24,24
SQUASH,swap,False,0.06144140014894013,0.0959181635976741,0.5566619863027009,510,5,5
STONE FRUIT,swap,False,-0.03467933062991049,0.18727387797605075,0.8564582608169686,1224,12,12
SUGARS/SWEETNERS,swap,False,-0.9803037610413919,0.2520694903727769,0.0006971474641193129,2550,25,25
SWEET GOODS & SNACKS,swap,False,-0.510911157421349,0.2200806323155489,0.14598829767315596,306,3,3
TEAS,swap,False,-0.8406907953656193,1.0704631167058465,0.5145090823882406,306,3,3
TOMATOES,swap,False,0.041272723949719065,0.08403023050353792,0.6350641528115881,1020,10,10
TROPICAL FRUIT,swap,False,-0.07791734853727803,0.1610372494653042,0.6414610542351383,918,9,9
TURKEY,swap,False,0.14258870396612675,0.042192616199274446,0.04310820110398775,408,4,4
UNKNOWN,swap,False,-2.061034214131391,1.2182081365449582,0.23274589393371267,306,3,3
VALUE ADDED FRUIT,swap,False,0.05033555686092611,0.11462233524195828,0.6660888781392629,1836,18,18
VALUE ADDED VEGETABLES,swap,False,0.8112468948490807,0.3059140784933342,0.032852008705006645,816,8,8
VEGETABLES - ALL OTHERS,swap,False,0.028744992470327833,0.13960906644875493,0.8386084717809896,2550,25,25
VEGETABLES - SHELF STABLE,swap,False,-0.19813157693799255,0.08360033460447058,0.019439029903657003,11934,117,117
VEGETABLES SALAD,swap,False,-0.24114868901906225,0.13085461842996887,0.10259204628103498,918,9,9
WAREHOUSE SNACKS,swap,False,-0.24553594801366546,0.22593266626569045,0.2879350234698829,2550,25,25
WATER,swap,False,-1.1991071716265074,0.3787883579504644,0.010061926903646712,1122,11,11
WATER - CARBONATED/FLVRD DRINK,swap,False,-0.051918898064841984,0.1604342672815621,0.7476069034011141,5100,50,50
YOGURT,swap,False,-0.17009344256048836,0.11654436785996819,0.14656843077039167,15096,148,148
AIR CARE,actual,True,-1.4882294821225701,0.3421929022001792,0.04901464179377622,306,3,3
APPLES,actual,True,-0.13307165926886366,0.20117202347301597,0.5139092233855889,2856,28,28
BABY FOODS,actual,True,0.12689443468290165,0.21437330845296895,0.5561965335922175,6018,59,59
BABY HBC,actual,True,0.08233516444645275,0.9834262882645075,0.9385506287948381,408,4,4
BACON,actual,True,-1.6331843347342696,0.23663283783349132,1.3890198471316874e-07,3060,30,30
BAG SNACKS,actual,True,-1.6025524379870557,0.27032141150507777,1.979604221260458e-08,15606,153,153
BAKED BREAD/BUNS/ROLLS,actual,True,-0.7626311519278108,0.17140136024823252,1.7429090344658548e-05,14382,141,141
BAKED SWEET GOODS,actual,True,-1.1714577304121534,0.13443128395414206,1.1092028897615128e-12,7038,69,69
BAKING MIXES,actual,True,-0.8563133950886394,0.13272974259001016,5.103369622119e-08,4998,49,49
BAKING NEEDS,actual,True,-0.8132770778136812,0.15661164256302462,1.0442080140624698e-05,3468,34,34
BATH TISSUES,actual,True,-1.780723666983543,1.0263895372547152,0.09155100635275865,3672,36,36
BATTERIES,actual,True,-1.0613833675639732,0.3599259305116938,0.06007812134374525,408,4,4
BEANS - CANNED GLASS & MW,actual,True,-1.2968240626013696,0.2233269898048398,6.483413459552678e-07,4590,45,45
BEEF,actual,True,-0.4376949266340739,0.1417163140384326,0.0028701297523537833,7344,72,72
BEERS/ALES,actual,True,-1.3584190591643688,0.29591307497225994,3.5462642015832973e-05,4692,46,46
BERRIES,actual,True,-0.7053504983553706,0.370646331134029,0.07780452761144255,1530,15,15
BLEACH,actual,True,-2.090525475563406,0.31760103752843494,0.00010132747856137145,1020,10,10
BREAD,actual,True,-1.234424549116048,0.2055382261021478,1.1136575372756989e-05,1938,19,19
BREAKFAST SAUSAGE/SANDWICHES,actual,True,-1.528001579940794,0.18012221934039468,4.1472131191533204e-10,3774,37,37
BREAKFAST SWEETS,actual,True,-1.0896399566189499,0.45434451019236033,0.030971482469560187,1530,15,15
BROCCOLI/CAULIFLOWER,actual,True,-0.09245198179991046,1.5330243161609802,0.954804044475043,510,5,5
BUTTER,actual,True,-2.3919681034444005,0.3154429178909859,3.386383689942503e-05,1020,10,10
CAKES,actual,True,0.008568014915289529,0.038523552708059905,0.8382763660140894,408,4,4
CANDY - CHECKLANE,actual,True,-0.9541939853644315,0.08148120167680692,8.669335294044205e-20,9282,91,91
CANDY - PACKAGED,actual,True,-0.9191335126251522,0.27271236291380435,0.0015493940358732154,4692,46,46
CANNED JUICES,actual,True,-1.2306239882532217,0.15798942728776097,8.814957239088338e-12,9690,95,95
CANNED MILK,actual,True,-1.0638846314991466,0.5837463301781972,0.1424608174948532,510,5,5
CARROTS,actual,True,-0.2709711030816611,0.3124424582256826,0.42545144386721223,612,6,6
CAT FOOD,actual,True,-0.37737186539934503,0.15838247688856935,0.02157349106123967,4590,45,45
CAT LITTER,actual,True,-0.9265335258638908,0.15350776932788776,0.0005233099201421349,816,8,8
CHEESE,actual,True,-0.8053357896206766,0.09437879059001943,6.608699521359586e-15,17952,176,176
CHEESES,actual,True,-0.23437774679781043,0.08362288866587053,0.010988952154498922,2142,21,21
CHICKEN,actual,True,-0.17578150979387105,0.4369065651555282,0.6904947387113074,2958,29,29
CHICKEN/POULTRY,actual,True,-0.740812903100555,0.3994874301415015,0.09066315653670551,1224,12,12
CIGARETTES,actual,True,0.5162646541270917,0.2712934173270961,0.06775743363883807,2856,28,28
CITRUS,actual,True,-1.0637158665845772,0.37293089874755675,0.009846246758647974,2142,21,21
COCOA MIXES,actual,True,-1.443628404574245,0.3693291307810084,0.003571344598401921,1020,10,10
COFFEE,actual,True,-0.6782917484662611,0.23919474887338346,0.008559987616644735,2856,28,28
COFFEE FILTERS,actual,True,-0.2889690550696519,0.23562609609744223,0.3075316039641955,408,4,4
COLD CEREAL,actual,True,-1.649280377565409,0.18320862303929997,1.8208993862511367e-15,13872,136,136
CONDIMENTS/SAUCES,actual,True,-1.3512975439624182,0.23529462499536857,4.887173230061851e-07,5406,53,53
CONVENIENT BRKFST/WHLSM SNACKS,actual,True,-0.8550610924073242,0.2281597468805615,0.0003573262384816025,7446,73,73
COOKIES,actual,True,-0.606610115083283,0.4869243279283376,0.2592775460469593,714,7,7
COOKIES/CONES,actual,True,-1.0515980053984353,0.23117475301916762,3.9236478621143446e-05,4794,47,47
CORN,actual,True,-2.2100610274078605,0.129733229917176,0.00044060589258378586,408,4,4
COUPON/MISC ITEMS,actual,True,0.012739670447771882,0.032470123637167926,0.7083576201374042,714,7,7
CRACKERS/MISC BKD FD,actual,True,-1.188737036111263,0.16285525295570308,4.400200828741668e-10,6936,68,68
DELI MEATS,actual,True,-0.24450243331776403,0.07792896623372829,0.0030031115830184453,4692,46,46
DIAPERS & DISPOSABLES,actual,True,-1.2786533422283877,0.7323472768049141,0.22293203273243645,306,3,3
DINNER MXS:DRY,actual,True,-0.9022900679196192,0.11259566591298514,2.761357499739027e-11,6732,66,66
DINNER SAUSAGE,actual,True,-0.9248267702019323,0.1823863344755309,1.2956121977433756e-05,3672,36,36
DISHWASH DETERGENTS,actual,True,0.6541039940444985,0.5951235313722826,0.2854542361716817,2040,20,20
DOG FOODS,actual,True,-0.3763493865450374,0.1895827538946116,0.06454518429417448,1734,17,17
DRIED FRUIT,actual,True,-1.965975762714176,0.31294114320765265,0.0032784740612300882,510,5,5
DRY BN/VEG/POTATO/RICE,actual,True,-0.520461845052549,0.08132551663869193,1.1111453899198197e-08,7956,78,78
DRY MIX DESSERTS,actual,True,-0.3308910990111253,0.45455460312193324,0.47864583978745046,1530,15,15
DRY NOODLES/PASTA,actual,True,-1.0625787332426082,0.16261909350756762,1.3671405640235804e-08,6426,63,63
DRY SAUCES/GRAVY,actual,True,-0.9466300380703081,0.22706268209597483,0.0003992953552768742,2346,23,23
EGGS,actual,True,-1.6699186363249214,0.3082432908940456,5.696168228648195e-05,1734,17,17
ELECTRICAL SUPPPLIES,actual,True,-1.3227369182002346,0.3231541469227126,0.00941719946309166,612,6,6
FACIAL TISS/DNR NAPKIN,actual,True,-1.24087950558053,0.16161959341526524,2.3056686833375138e-08,2958,29,29
FD WRAPS/BAGS/TRSH BG,actual,True,-0.8938530172644285,0.07753577254597263,9.700355803945931e-15,4488,44,44
FLORAL-FRESH CUT,actual,True,0.04435435902475177,0.032734378563867,0.3081771770547099,306,3,3
FLOUR & MEALS,actual,True,-0.9715650587937046,0.31057598577955164,0.010722035638473812,1122,11,11
FLUID MILK PRODUCTS,actual,True,-0.8390857771454859,0.41370685139761054,0.04651699064264046,6936,68,68
FROZEN BREAD/DOUGH,actual,True,-1.6789062458818345,0.41099586705947855,0.000334455908322058,2958,29,29
FROZEN MEAT,actual,True,-1.1718348434835282,0.12386182859720396,1.6367993616883236e-10,3162,31,31
FROZEN PIE/DESSERTS,actual,True,-0.6354765457203968,0.30648587441642294,0.05576952031869059,1632,16,16
FROZEN PIZZA,actual,True,-1.296737942359358,0.08486723225211816,1.218111585811208e-30,13158,129,129
FRUIT - SHELF STABLE,actual,True,-1.6885457626223772,0.07321344012286427,1.3424998733551487e-37,8466,83,83
FRZN BREAKFAST FOODS,actual,True,-0.9170345039369374,0.15172597342844085,1.62581586374957e-06,2958,29,29
FRZN FRUITS,actual,True,-0.9743345972387583,0.6339315239971436,0.19911296277695092,510,5,5
FRZN ICE,actual,True,-10.107284259161082,5.663053649453157,0.1722894556678903,408,4,4
FRZN JCE CONC/DRNKS,actual,True,-0.568493868012731,0.18590902267073292,0.0377352614778223,510,5,5
FRZN MEAT/MEAT DINNERS,actual,True,-0.81931946832233,0.05740731886214005,2.485525767639296e-32,20502,201,201
FRZN NOVELTIES/WTR ICE,actual,True,-0.8213553875519525,0.13358299599179715,2.920897514702053e-07,4182,41,41
FRZN POTATOES,actual,True,-0.7302377765413013,0.1455165636274564,1.117104633712404e-05,4182,41,41
FRZN VEGETABLE/VEG DSH,actual,True,-0.5365123004101199,0.10043278939898315,1.0273457098223987e-06,7446,73,73
GRAPES,actual,True,-0.6305078432067064,0.42808966793548214,0.18427881367613713,816,8,8
GREETING CARDS/WRAP/PARTY SPLY,actual,True,1.596278541477657,0.2743156518637609,0.00011599856905845423,1224,12,12
HEAT/SERVE,actual,True,-0.7187576901423771,0.18869410582679694,0.003434170152927254,1122,11,11
HERBS,actual,True,-0.1890991998111054,0.12812909442221443,0.2000089851016429,612,6,6
HISPANIC,actual,True,-0.6457471651787294,0.12458432565893154,3.2134405700461506e-06,5712,56,56
HOT CEREAL,actual,True,-0.8369465717911804,0.10834518415334822,7.778157763094056e-08,2448,24,24
HOT DOGS,actual,True,-0.8973524196985629,0.1421365779066642,6.768170454427401e-07,3060,30,30
HOUSEHOLD CLEANG NEEDS,actual,True,0.10487319700542284,0.5734953287211126,0.8573513151885865,1632,16,16
ICE CREAM/MILK/SHERBTS,actual,True,-0.6785925513373549,0.10826727483235847,2.6223397588151078e-08,7242,71,71
INFANT FORMULA,actual,True,-1.5061675074103162,0.6875141387489565,0.11617342597408435,408,4,4
ISOTONIC DRINKS,actual,True,-0.8255141192593309,0.4858853756787864,0.10342036921953687,2346,23,23
LAUNDRY ADDITIVES,actual,True,-1.3577139188173242,0.16704894924048674,0.0004576156616530443,612,6,6
LAUNDRY DETERGENTS,actual,True,-1.0566240729125351,0.39674614628129984,0.014546507987804009,2244,22,22
LUNCHMEAT,actual,True,-1.108072690354345,0.08468332184210212,2.6678892694368983e-25,13056,128,128
MAGAZINE,actual,True,1.6224716210236694,0.3589536415493302,0.00034881618510340385,1734,17,17
MARGARINES,actual,True,-0.7114694956618155,0.24837945394492275,0.0067677266960706785,3978,39,39
MEAT - MISC,actual,True,-1.696267951796308,0.2638362809826131,6.231015350866434e-06,1836,18,18
MEAT - SHELF STABLE,actual,True,-0.7887280604842171,0.24041514138499187,0.0016355669461110367,7038,69,69
MELONS,actual,True,-0.8484834872022067,0.5092546132564096,0.17101681484821504,510,5,5
MILK BY-PRODUCTS,actual,True,-1.0018910174328874,0.11270602438336402,6.0904418112375805e-12,5304,52,52
MISC. DAIRY,actual,True,-0.8868882903132235,0.3407244715806791,0.014614967673999675,2958,29,29
MISCELLANEOUS,actual,True,-1.262814683378089,0.39755138215237906,0.03364829042745381,510,5,5
MOLASSES/SYRUP/PANCAKE MIXS,actual,True,-0.7139425059067124,0.24549100753237696,0.01312433012009904,1326,13,13
MUSHROOMS,actual,True,-1.617118116446334,0.30123386678032543,0.0004513598067714645,1020,10,10
NEWSPAPER,actual,True,-0.1824998767032565,0.22877009987676572,0.4405202992564631,1326,13,13
NO COMMODITY DESCRIPTION,actual,True,-0.7215041337530471,0.5397921839023543,0.31310842010413653,306,3,3
NUTS,actual,True,0.07165996301638791,0.7469504012556656,0.9272973468350005,612,6,6
OLIVES,actual,True,-1.1426889759638479,0.24679160529591834,0.0016876592292824693,918,9,9
ONIONS,actual,True,0.04988051738328106,0.12941639879181005,0.7057142044062965,1530,15,15
ORGANICS FRUIT & VEGETABLES,actual,True,-1.9856875036726676,0.43089453545005135,0.00040600908774154123,1530,15,15
PAPER HOUSEWARES,actual,True,-1.2129317546708183,0.1713090220164887,2.5759716959084424e-08,3774,37,37
PAPER TOWELS,actual,True,0.28720191877936607,0.6811043421943741,0.6771802515596752,2448,24,24
PASTA SAUCE,actual,True,-1.0958192697270555,0.16097755817503961,5.3275600742101465e-09,6222,61,61
PEARS,actual,True,0.05582009282474756,0.08953803502463592,0.577190025207617,408,4,4
PEPPERS-ALL,actual,True,-0.04822734290933082,0.07082093075795143,0.5177718718808685,816,8,8
PICKLE/RELISH/PKLD VEG,actual,True,-1.1042499322465449,0.09894837307940145,4.965910444047679e-08,1428,14,14
PIES,actual,True,-2.5165045895812925,0.991238928567561,0.08477240573581066,408,4,4
PNT BTR/JELLY/JAMS,actual,True,-1.3419262851218896,0.2547252177121358,1.6583356199422727e-05,2754,27,27
POPCORN,actual,True,-0.8955315951546566,0.19894129198020896,0.006390778642394325,612,6,6
PORK,actual,True,-0.5027046276252544,0.2968609950170225,0.09796500952429568,4284,42,42
POTATOES,actual,True,0.22222436257852315,0.31084453763593844,0.48292999327214126,2142,21,21
PREPARED FOOD,actual,True,-1.236001533977256,0.6003360146196579,0.13164108526748147,408,4,4
PROCESSED,actual,True,-0.5732253033584459,0.25068042224218584,0.05608149491185947,816,8,8
PWDR/CRYSTL DRNK MX,actual,True,-0.04260908606611969,0.32223027930366854,0.8958594745839605,2652,26,26
REFRGRATD DOUGH PRODUCTS,actual,True,-1.3427517859058156,0.10053869322955478,1.97626630834576e-20,6834,67,67
REFRGRATD JUICES/DRNKS,actual,True,-1.361973131843124,0.1469818211265618,3.287700532696591e-14,8058,79,79
REFRIGERATED,actual,True,-0.8237304617112565,0.20399728733411077,0.0012217388110186641,1530,15,15
ROLLS,actual,True,-0.807313174712496,0.16498579512457381,0.0006294296168614087,1122,11,11
SALAD BAR,actual,True,0.0725023856592972,0.05462239263433639,0.21708043942759886,1020,10,10
SALAD MIX,actual,True,-1.3152326283283082,0.5190693554303989,0.01591379853610276,3672,36,36
SALADS/DIPS,actual,True,-0.23893765627584687,0.1382964921827882,0.10115617253950648,1938,19,19
SALD DRSNG/SNDWCH SPRD,actual,True,-1.067671152475168,0.23430131716790373,3.4695304263083376e-05,5100,50,50
SANDWICHES,actual,True,0.0008937489469655489,0.031057192442500898,0.9788493884295579,408,4,4
SEAFOOD - FROZEN,actual,True,-0.43111266770686674,0.3059970982501554,0.17926302640785868,1632,16,16
SEAFOOD - MISC,actual,True,-0.41204572335639356,0.10427319364894734,0.058479309714384586,306,3,3
SEAFOOD - SHELF STABLE,actual,True,-1.3810147047351793,0.10295929840321986,8.241226299260229e-11,1938,19,19
SEAFOOD-FRESH,actual,True,0.47674865446329745,0.5741934618884562,0.43377405588452644,816,8,8
SHORTENING/OIL,actual,True,-1.3771932380825993,0.15649738879679756,1.170772842936211e-08,2346,23,23
SMOKED MEATS,actual,True,-0.058320790342904556,0.17190306758541352,0.7402731642870679,1326,13,13
SNACK NUTS,actual,True,-0.6231927475966181,0.13979789638337778,0.006653943644655397,612,6,6
SOAP - LIQUID & BAR,actual,True,-1.0986143653898668,0.28507920237097617,0.0612169622843933,306,3,3
SOFT DRINKS,actual,True,-1.001839434922747,0.11387582667310724,3.8027579835571786e-16,22950,225,225
SOUP,actual,True,-0.9395882885954286,0.11799653843457275,5.761068722541298e-13,14076,138,138
SPICES & EXTRACTS,actual,True,-0.8377203921523065,0.1256779567309258,8.440622943592632e-07,2448,24,24
SQUASH,actual,True,-0.10287144060547691,0.07727103527121337,0.2538950871319412,510,5,5
STONE FRUIT,actual,True,-0.15164046076318027,0.12556554137641285,0.25250307051344845,1224,12,12
SUGARS/SWEETNERS,actual,True,-0.9394483343867048,0.19982677040213714,8.874797948738668e-05,2550,25,25
SWEET GOODS & SNACKS,actual,True,-1.264819678912971,0.24747646002330312,0.03621645640708369,306,3,3
TEAS,actual,True,-0.8322134912493194,0.33467856870852986,0.13074917073298328,306,3,3
TOMATOES,actual,True,-0.5231204777163395,0.21581740457580478,0.03836426787685425,1020,10,10
TROPICAL FRUIT,actual,True,-0.5980049965107354,0.21562418341822073,0.024170728430423442,918,9,9
TURKEY,actual,True,-0.3167153620729207,0.1707970117406165,0.16073065327896724,408,4,4
UNKNOWN,actual,True,1.1691218517611774,0.22673705536397257,0.03561474986707828,306,3,3
VALUE ADDED FRUIT,actual,True,0.09779087991229739,0.15415908923511196,0.5342962411260845,1836,18,18
VALUE ADDED VEGETABLES,actual,True,0.38533999837770766,0.3739910570509659,0.3371274888624549,816,8,8
VEGETABLES - ALL OTHERS,actual,True,-0.08230286782236192,0.09972424063693511,0.41732704308002144,2550,25,25
VEGETABLES - SHELF STABLE,actual,True,-0.9648794026114252,0.10279369791856009,6.50453969663839e-16,11934,117,117
VEGETABLES SALAD,actual,True,-0.16219291784363557,0.15409383124126017,0.32329369770551364,918,9,9
WAREHOUSE SNACKS,actual,True,-1.231108500705182,0.2923377872856638,0.0003085657416106986,2550,25,25
WATER,actual,True,-0.2335831659544018,0.38375638196562956,0.5563125114952108,1122,11,11
WATER - CARBONATED/FLVRD DRINK,actual,True,-1.309054080635776,0.25798294173342573,5.9951102427511294e-06,5100,50,50
YOGURT,actual,True,-1.2058100644738405,0.09196452156348862,1.685951867453985e-26,15096,148,148
AIR CARE,forward,True,-1.0351776252269211,0.268167761449448,0.061030300659888126,306,3,3
APPLES,forward,True,-0.11271466377156299,0.13740003498407416,0.4192064054330755,2856,28,28
BABY FOODS,forward,True,0.5528244930612023,0.21499250676388895,0.01271606690792116,6018,59,59
BABY HBC,forward,True,0.34120175664305263,0.49331989387180625,0.5388809737738276,408,4,4
BACON,forward,True,0.11821003763680668,0.10342154487459974,0.2623903163971617,3060,30,30
BAG SNACKS,forward,True,-0.5054878723525518,0.2049355969468441,0.014752108611713539,15606,153,153
BAKED BREAD/BUNS/ROLLS,forward,True,-0.28065031086250497,0.13850530770537467,0.044635509936364365,14382,141,141
BAKED SWEET GOODS,forward,True,-0.08274723776726096,0.07011714153390568,0.24206102988567965,7038,69,69
BAKING MIXES,forward,True,-0.11728767406183847,0.07354432837414572,0.11732358373665537,4998,49,49
BAKING NEEDS,forward,True,-0.30877431985766896,0.11163776837715268,0.009225941795495393,3468,34,34
BATH TISSUES,forward,True,-0.4445395952195403,0.8042552557879962,0.5839584598845153,3672,36,36
BATTERIES,forward,True,0.18971987105465188,0.2675434693277191,0.5293924781172418,408,4,4
BEANS - CANNED GLASS & MW,forward,True,-0.2743673795926443,0.13374445112970645,0.04620714307454335,4590,45,45
BEEF,forward,True,0.14225106589464326,0.10683618338145903,0.18728781701506372,7344,72,72
BEERS/ALES,forward,True,-0.4302602577341249,0.31107186695525907,0.17344222767268783,4692,46,46
BERRIES,forward,True,-0.3297638610320924,0.22895120220418452,0.17176360269430155,1530,15,15
BLEACH,forward,True,-1.0544735626818558,0.31599583013584154,0.008701802386503782,1020,10,10
BREAD,forward,True,-0.21281928008969556,0.187271306211597,0.2706839174329327,1938,19,19
BREAKFAST SAUSAGE/SANDWICHES,forward,True,0.10249438681081222,0.09828219504024921,0.30396684128380874,3774,37,37
BREAKFAST SWEETS,forward,True,0.20924175486059593,0.1460390157732489,0.17387181357821868,1530,15,15
BROCCOLI/CAULIFLOWER,forward,True,-0.08762400997023435,1.3259604449319191,0.950482470100362,510,5,5
BUTTER,forward,True,0.5163650040702411,0.14274358325710998,0.005594114243095063,1020,10,10
CAKES,forward,True,-0.1440623005408375,0.05116489837950216,0.06697899216395387,408,4,4
CANDY - CHECKLANE,forward,True,0.21746636753752044,0.06384415142968117,0.0009862578358784033,9282,91,91
CANDY - PACKAGED,forward,True,0.26015581528863957,0.1003089511580666,0.012772330987850083,4692,46,46
CANNED JUICES,forward,True,-0.3229960259072258,0.10677485252200991,0.0032060691343190665,9690,95,95
CANNED MILK,forward,True,-0.34528379691587907,0.6829022210550135,0.639718654395499,510,5,5
CARROTS,forward,True,0.011534985646123956,0.08064661282064628,0.8918509027244887,612,6,6
CAT FOOD,forward,True,-0.18025533063463248,0.13405308981315758,0.1856273600264215,4590,45,45
CAT LITTER,forward,True,-0.05849118879948355,0.27346837004453983,0.8367321906146007,816,8,8
CHEESE,forward,True,-0.09619876857390457,0.06210332570475868,0.12318548413627499,17952,176,176
CHEESES,forward,True,0.05037181258237578,0.06931372511467723,0.4758168137670171,2142,21,21
CHICKEN,forward,True,0.2811038064440967,0.19380674666436185,0.15804858461147997,2958,29,29
CHICKEN/POULTRY,forward,True,-0.25033914491172005,0.210400010171899,0.259162346046572,1224,12,12
CIGARETTES,forward,True,-0.12327019468894604,0.23029459382600656,0.5968435974164054,2856,28,28
CITRUS,forward,True,-0.8949137189695249,0.22803320891261777,0.0008393413071517368,2142,21,21
COCOA MIXES,forward,True,-0.5542124003982181,0.38927043014409274,0.18825838151559657,1020,10,10
COFFEE,forward,True,-0.1999209842820379,0.14729773812941838,0.18593743205202817,2856,28,28
COFFEE FILTERS,forward,True,-0.49706938020640357,0.207195516110784,0.09595768844415298,408,4,4
COLD CEREAL,forward,True,-0.09470755425302284,0.07294050243836353,0.19635604229117262,13872,136,136
CONDIMENTS/SAUCES,forward,True,-0.16193604422815583,0.13893831043809568,0.2491251471421323,5406,53,53
CONVENIENT BRKFST/WHLSM SNACKS,forward,True,0.2947041673649823,0.13248355418199173,0.02925306394577312,7446,73,73
COOKIES,forward,True,0.06435599355778372,0.12287940574052633,0.6192376449887682,714,7,7
COOKIES/CONES,forward,True,0.04678540506233973,0.13103822694103145,0.7226973865060731,4794,47,47
CORN,forward,True,-1.7884270236833222,0.097272430061087,0.00035109163540012855,408,4,4
COUPON/MISC ITEMS,forward,True,-0.0297824885460101,0.016812074650377852,0.12686144110939934,714,7,7
CRACKERS/MISC BKD FD,forward,True,-0.1827644387251869,0.10533749007145315,0.08733227895937849,6936,68,68
DELI MEATS,forward,True,-0.00958969594482324,0.0724323329090701,0.8952619155598456,4692,46,46
DIAPERS & DISPOSABLES,forward,True,-1.126273770761208,0.26185025909881315,0.05003100505241462,306,3,3
DINNER MXS:DRY,forward,True,-0.09791714165918287,0.11144166256584442,0.3828328313245062,6732,66,66
DINNER SAUSAGE,forward,True,-0.40043734215032883,0.12393295085775272,0.0026854561775083905,3672,36,36
DISHWASH DETERGENTS,forward,True,0.8748147098875206,0.3952341169535291,0.03930283675350808,2040,20,20
DOG FOODS,forward,True,-0.04663983730318676,0.1766668931525983,0.7951510501357091,1734,17,17
DRIED FRUIT,forward,True,-0.06365231003463147,0.15944900619962712,0.7101401891583969,510,5,5
DRY BN/VEG/POTATO/RICE,forward,True,0.13004108810767992,0.07822345154960314,0.1004922654806999,7956,78,78
DRY MIX DESSERTS,forward,True,0.8337064132480767,0.42840314881696356,0.07200108186331101,1530,15,15
DRY NOODLES/PASTA,forward,True,0.03563099137688183,0.06866155036531393,0.6056523956848431,6426,63,63
DRY SAUCES/GRAVY,forward,True,-0.013959190200971543,0.10492443215865102,0.8953708305694019,2346,23,23
EGGS,forward,True,-0.8560396815354615,0.17647617346600863,0.00017705748667747598,1734,17,17
ELECTRICAL SUPPPLIES,forward,True,0.42098965195124904,0.20089837928854806,0.09026327656719194,612,6,6
FACIAL TISS/DNR NAPKIN,forward,True,-0.47992031306455263,0.15615659862180206,0.004681683101940237,2958,29,29
FD WRAPS/BAGS/TRSH BG,forward,True,0.20594334562763256,0.06835000883212362,0.004322467306006521,4488,44,44
FLORAL-FRESH CUT,forward,True,-0.003180330408252654,0.07058658622096493,0.9681569418083885,306,3,3
FLOUR & MEALS,forward,True,-0.09425700857147383,0.18269591373078872,0.617122277168022,1122,11,11
FLUID MILK PRODUCTS,forward,True,0.004978043107131754,0.10172063373626823,0.961113997002398,6936,68,68
FROZEN BREAD/DOUGH,forward,True,-0.6933235898938455,0.3326803099654972,0.04639848726508865,2958,29,29
FROZEN MEAT,forward,True,-0.21287617235415482,0.10452149296798013,0.05059207700274871,3162,31,31
FROZEN PIE/DESSERTS,forward,True,-0.32916069157109745,0.13475560987304724,0.02743454199095157,1632,16,16
FROZEN PIZZA,forward,True,-0.16089611954862615,0.05991049997311684,0.008199465028602373,13158,129,129
FRUIT - SHELF STABLE,forward,True,-0.09602852120431328,0.06902586671578159,0.16792914410817797,8466,83,83
FRZN BREAKFAST FOODS,forward,True,-0.17390156780336197,0.10643176246194966,0.11347007149386605,2958,29,29
FRZN FRUITS,forward,True,-0.7525515248461432,0.7348836418353253,0.36370291258985554,510,5,5
FRZN ICE,forward,True,-9.535233943135577,1.8182171388697412,0.01349888662173259,408,4,4
FRZN JCE CONC/DRNKS,forward,True,-1.5016767385625094,0.601703700913438,0.06707358749525517,510,5,5
FRZN MEAT/MEAT DINNERS,forward,True,-0.06484909780113435,0.0469599471511,0.16883702901606612,20502,201,201
FRZN NOVELTIES/WTR ICE,forward,True,0.08154954597341377,0.09849271701961673,0.4125973423113246,4182,41,41
FRZN POTATOES,forward,True,-0.03254227961854335,0.12640868093699997,0.7981611703249282,4182,41,41
FRZN VEGETABLE/VEG DSH,forward,True,-0.01419115860188934,0.0800479299720977,0.8597836824027897,7446,73,73
GRAPES,forward,True,0.5738536252795773,0.07406245272084558,0.0001117309355404175,816,8,8
GREETING CARDS/WRAP/PARTY SPLY,forward,True,1.6624418954650004,0.4175240917315083,0.0021526579360331625,1224,12,12
HEAT/SERVE,forward,True,0.09672116379425832,0.1831230131257086,0.6088976970299634,1122,11,11
HERBS,forward,True,-0.266642390641769,0.09949747931970372,0.04382585714212614,612,6,6
HISPANIC,forward,True,-0.09075015611629406,0.11574418847165899,0.4363698809754972,5712,56,56
HOT CEREAL,forward,True,0.0013652926110309341,0.0926095446128984,0.9883647818835855,2448,24,24
HOT DOGS,forward,True,-0.052475964855214004,0.06097669207737376,0.3965230078691986,3060,30,30
HOUSEHOLD CLEANG NEEDS,forward,True,0.27965657028831264,0.4124770121753773,0.508100507815868,1632,16,16
ICE CREAM/MILK/SHERBTS,forward,True,0.012475226160145684,0.043742787179598445,0.7763368556891252,7242,71,71
INFANT FORMULA,forward,True,-1.129199462656228,0.6906872179246559,0.20058529523763938,408,4,4
ISOTONIC DRINKS,forward,True,0.1423238827218608,0.293002982283769,0.6319527642724325,2346,23,23
LAUNDRY ADDITIVES,forward,True,-0.18080392083297922,0.3443973081522961,0.6220300002273039,612,6,6
LAUNDRY DETERGENTS,forward,True,0.06993365953920644,0.3261888251103774,0.8323062385040803,2244,22,22
LUNCHMEAT,forward,True,-0.12121678926202198,0.049222381375938005,0.015131960964690223,13056,128,128
MAGAZINE,forward,True,0.9008399807190356,0.454033427286842,0.06467376741593422,1734,17,17
MARGARINES,forward,True,0.08088326358307857,0.14909884588789352,0.5906548978072468,3978,39,39
MEAT - MISC,forward,True,-0.3943137172985706,0.14702298660336366,0.015756048758963016,1836,18,18
MEAT - SHELF STABLE,forward,True,0.000843578960453637,0.09543052453348516,0.992972899939627,7038,69,69
MELONS,forward,True,0.2542339999983596,0.1265039386452822,0.11483923800750367,510,5,5
MILK BY-PRODUCTS,forward,True,0.23700187557602423,0.10673169845949466,0.030851619918728666,5304,52,52
MISC. DAIRY,forward,True,-0.00782771312575928,0.174462530361487,0.9645313142666623,2958,29,29
MISCELLANEOUS,forward,True,-0.09498485044964164,0.4979621202997952,0.8580137991192948,510,5,5
MOLASSES/SYRUP/PANCAKE MIXS,forward,True,-0.2478829861932906,0.21601631201073432,0.27353055546253713,1326,13,13
MUSHROOMS,forward,True,0.006673726455438111,0.31504642141709516,0.9835616373666061,1020,10,10
NEWSPAPER,forward,True,0.5551858253429597,0.23977877671342382,0.039091214235906634,1326,13,13
NO COMMODITY DESCRIPTION,forward,True,-0.913909231413423,0.33432292367341865,0.11181898041019772,306,3,3
NUTS,forward,True,0.4642946334419945,0.5889545677757981,0.4662141661482565,612,6,6
OLIVES,forward,True,-0.18029287815228554,0.12038894521016247,0.17261614961681196,918,9,9
ONIONS,forward,True,0.10344364690065766,0.1046220682633504,0.33957351470853137,1530,15,15
ORGANICS FRUIT & VEGETABLES,forward,True,-1.3220048009092842,0.6036038009107096,0.045937075414031026,1530,15,15
PAPER HOUSEWARES,forward,True,-0.1185795632789249,0.16822983097907285,0.48542895859305013,3774,37,37
PAPER TOWELS,forward,True,0.9466116304571829,0.3937662380938414,0.024670127630714016,2448,24,24
PASTA SAUCE,forward,True,-0.3537991804767484,0.09735622942237475,0.0005800495776228188,6222,61,61
PEARS,forward,True,0.12050766297302574,0.19744133250044454,0.5847602799522515,408,4,4
PEPPERS-ALL,forward,True,0.012298767547762907,0.0511710306521094,0.8169488154553439,816,8,8
PICKLE/RELISH/PKLD VEG,forward,True,-0.3691957434495991,0.1274897527430878,0.012506291494898817,1428,14,14
PIES,forward,True,-0.35032778565109823,0.6123086683060706,0.6072878059824469,408,4,4
PNT BTR/JELLY/JAMS,forward,True,-0.1703555605505455,0.11721606027776615,0.15809198610847036,2754,27,27
POPCORN,forward,True,-0.2130569949360863,0.1329401112262078,0.16991330258465595,612,6,6
PORK,forward,True,-0.12803991564033865,0.2432828681203986,0.601515049810184,4284,42,42
POTATOES,forward,True,0.15330835218188058,0.1912068279523888,0.4320964744634114,2142,21,21
PREPARED FOOD,forward,True,-0.28501615426740334,0.24324713612850693,0.32590108981341503,408,4,4
PROCESSED,forward,True,0.17336671639481346,0.2559712753459502,0.5199707527500079,816,8,8
PWDR/CRYSTL DRNK MX,forward,True,0.34853155808752506,0.17209209563319489,0.053642754579090894,2652,26,26
REFRGRATD DOUGH PRODUCTS,forward,True,-0.1547355081324772,0.054775128848024775,0.006248862520418709,6834,67,67
REFRGRATD JUICES/DRNKS,forward,True,-0.15285492379035553,0.09406164543601901,0.10818601106977763,8058,79,79
REFRIGERATED,forward,True,-0.12536645930168186,0.13528122580089263,0.3697778602434124,1530,15,15
ROLLS,forward,True,-0.32262584364228925,0.234967716866708,0.19973471045793437,1122,11,11
SALAD BAR,forward,True,-0.00042078740338900264,0.08158207301298112,0.9959971745925149,1020,10,10
SALAD MIX,forward,True,-0.028908678576826254,0.2614747009097966,0.9125967153181769,3672,36,36
SALADS/DIPS,forward,True,-0.18388567623066487,0.0817604773951302,0.03726414306192404,1938,19,19
SALD DRSNG/SNDWCH SPRD,forward,True,0.08261568914605266,0.15355737691208854,0.5930043341736648,5100,50,50
SANDWICHES,forward,True,-0.09350347875303969,0.021882513501309427,0.023531612719392116,408,4,4
SEAFOOD - FROZEN,forward,True,-0.22477462571547022,0.16272103830535314,0.18740313411953788,1632,16,16
SEAFOOD - MISC,forward,True,0.13512517444177702,0.22201435502437872,0.6046868053048677,306,3,3
SEAFOOD - SHELF STABLE,forward,True,0.03908378934973166,0.14360643680270882,0.788597033894092,1938,19,19
SEAFOOD-FRESH,forward,True,0.5824214399634645,0.4105235634155311,0.19893150787525377,816,8,8
SHORTENING/OIL,forward,True,-0.08092622867521589,0.16904376400291576,0.6368547435503362,2346,23,23
SMOKED MEATS,forward,True,0.13114631535234594,0.08867320121250725,0.16490952327893355,1326,13,13
SNACK NUTS,forward,True,-0.019885043558694512,0.13402258698106542,0.8878482197574904,612,6,6
SOAP - LIQUID & BAR,forward,True,-0.3053585417322361,0.2692363900771605,0.3743655087242873,306,3,3
SOFT DRINKS,forward,True,-0.062299387004079984,0.04695358630912402,0.18591617808360708,22950,225,225
SOUP,forward,True,-0.03202777796176141,0.0888447499299662,0.719034809850513,14076,138,138
SPICES & EXTRACTS,forward,True,-0.3558819507173919,0.11628925651802374,0.0055443246665072155,2448,24,24
SQUASH,forward,True,0.06484293473694092,0.068352675508202,0.39651537694420275,510,5,5
STONE FRUIT,forward,True,0.1637533194539328,0.08717403889107159,0.0870621628328999,1224,12,12
SUGARS/SWEETNERS,forward,True,-0.14314281985902733,0.24710841102885772,0.5678040467155896,2550,25,25
SWEET GOODS & SNACKS,forward,True,-0.5497676536005802,0.18803030879161908,0.09977553475884268,306,3,3
TEAS,forward,True,-0.5158036991951365,0.7507973060210456,0.563042417301759,306,3,3
TOMATOES,forward,True,-0.10535514351770028,0.13846863225588943,0.4662071635561059,1020,10,10
TROPICAL FRUIT,forward,True,-0.4008650074049326,0.33858867012164795,0.27042315237739173,918,9,9
TURKEY,forward,True,0.16959346266212313,0.07927152385210466,0.12192223080246195,408,4,4
UNKNOWN,forward,True,0.4031167118936544,0.1868236378485304,0.16363168170237533,306,3,3
VALUE ADDED FRUIT,forward,True,0.1065979982403505,0.10009298370749908,0.30177389698661833,1836,18,18
VALUE ADDED VEGETABLES,forward,True,0.6058223386441427,0.3942066701054888,0.16822137599385104,816,8,8
VEGETABLES - ALL OTHERS,forward,True,0.06173822531111124,0.08616802687663064,0.4806056424175248,2550,25,25
VEGETABLES - SHELF STABLE,forward,True,0.10750752572317761,0.04974164176838533,0.032725928187368955,11934,117,117
VEGETABLES SALAD,forward,True,0.0026986358646790757,0.12411654812446221,0.9831856852242464,918,9,9
WAREHOUSE SNACKS,forward,True,-0.3612950820588775,0.24689335807239665,0.15634232418174276,2550,25,25
WATER,forward,True,0.17766255692540667,0.290832531465709,0.5549117966961016,1122,11,11
WATER - CARBONATED/FLVRD DRINK,forward,True,-0.17401394031908532,0.14958602265672719,0.2503401901830364,5100,50,50
YOGURT,forward,True,-0.10530951149776491,0.08681545530276091,0.22706507546693108,15096,148,148
AIR CARE,backward,True,0.23034725063844078,0.3786518875537685,0.604849833383734,306,3,3
APPLES,backward,True,0.08739488271315356,0.10834879170526295,0.4269412017177753,2856,28,28
BABY FOODS,backward,True,0.14808240273183138,0.12392812624385241,0.23698726644891727,6018,59,59
BABY HBC,backward,True,1.3531817180705232,0.3487005832021962,0.030310443040607257,408,4,4
BACON,backward,True,0.11393308438341684,0.18819396490238918,0.5496205245211988,3060,30,30
BAG SNACKS,backward,True,-0.4304981788404144,0.19991943395525744,0.03286749970986846,15606,153,153
BAKED BREAD/BUNS/ROLLS,backward,True,-0.019106876390166977,0.126492660172198,0.8801527070950508,14382,141,141
BAKED SWEET GOODS,backward,True,0.017959328581220135,0.10780571124419129,0.8681872143447811,7038,69,69
BAKING MIXES,backward,True,-0.330684403166001,0.08260591131143073,0.00021584572632203525,4998,49,49
BAKING NEEDS,backward,True,-0.2095605398385086,0.16960337529428882,0.2253343953570799,3468,34,34
BATH TISSUES,backward,True,-0.24256457561830777,0.6191672029354907,0.6976112078981622,3672,36,36
BATTERIES,backward,True,0.7059640469278594,0.14805672915004373,0.0175220538147883,408,4,4
BEANS - CANNED GLASS & MW,backward,True,-0.6152330261315233,0.14268407979288705,8.990320112314717e-05,4590,45,45
BEEF,backward,True,-0.05716721317198064,0.0972813904752343,0.558632994802559,7344,72,72
BEERS/ALES,backward,True,-0.6656003487399299,0.24216740907133877,0.008585089487143547,4692,46,46
BERRIES,backward,True,0.3111563893923468,0.2569767697896135,0.2460035807011313,1530,15,15
BLEACH,backward,True,-1.2469370314020023,0.47574989329004636,0.02776570255247191,1020,10,10
BREAD,backward,True,-0.20648085052767956,0.14731194103612885,0.17802564347281497,1938,19,19
BREAKFAST SAUSAGE/SANDWICHES,backward,True,-0.01344243348556913,0.10679296748092759,0.900532204625244,3774,37,37
BREAKFAST SWEETS,backward,True,-0.09273364202362995,0.10279633457611814,0.382256588964653,1530,15,15
BROCCOLI/CAULIFLOWER,backward,True,0.5139914958765379,1.0631247480015695,0.6540338216277017,510,5,5
BUTTER,backward,True,0.42562657519908276,0.13717042669371968,0.012662995323761906,1020,10,10
CAKES,backward,True,0.20931116923813203,0.10018135262554709,0.12785954992650703,408,4,4
CANDY - CHECKLANE,backward,True,0.16346135484803115,0.051330298922053284,0.001992389192583055,9282,91,91
CANDY - PACKAGED,backward,True,-0.12527792968843535,0.12451229410356938,0.31972366722961637,4692,46,46
CANNED JUICES,backward,True,-0.18501126274394183,0.09490745037614969,0.05422998687928216,9690,95,95
CANNED MILK,backward,True,-0.5358908870000617,0.35429856645606267,0.20494116808255614,510,5,5
CARROTS,backward,True,-0.1339426538167865,0.09860328311473095,0.2324111353236886,612,6,6
CAT FOOD,backward,True,-0.2752214581926392,0.1438679545540571,0.062267882142021946,4590,45,45
CAT LITTER,backward,True,-0.5559383662280761,0.26266985082085537,0.07209409670380187,816,8,8
CHEESE,backward,True,-0.13206493203767208,0.05803011012455027,0.02407006862442972,17952,176,176
CHEESES,backward,True,-0.007862452194672782,0.04432068090356777,0.8609791913202551,2142,21,21
CHICKEN,backward,True,0.3013395967545611,0.20332473233747964,0.149492109851947,2958,29,29
CHICKEN/POULTRY,backward,True,-0.07004371357733231,0.1373288700311589,0.6200989938969481,1224,12,12
CIGARETTES,backward,True,-0.1893655287722715,0.199746397692186,0.3515229391276715,2856,28,28
CITRUS,backward,True,-0.5180415391009916,0.35889550088128247,0.16438027892690274,2142,21,21
COCOA MIXES,backward,True,-1.2913768515950228,0.34331844152159297,0.0044749643344687475,1020,10,10
COFFEE,backward,True,0.034132885269407255,0.16250728834520628,0.8352140944411989,2856,28,28
COFFEE FILTERS,backward,True,0.10697869639347707,0.19601372995355335,0.6231885718121681,408,4,4
COLD CEREAL,backward,True,0.1734483240304234,0.10328524826004588,0.09540392116181047,13872,136,136
CONDIMENTS/SAUCES,backward,True,-0.22628342896386594,0.15124918639338633,0.1406735171043266,5406,53,53
CONVENIENT BRKFST/WHLSM SNACKS,backward,True,0.28808305473441365,0.12001479349555713,0.0189638639649191,7446,73,73
COOKIES,backward,True,-0.21187341881023022,0.1534364544423485,0.21655509840165119,714,7,7
COOKIES/CONES,backward,True,0.07039572853789615,0.1186296610828582,0.5558152084103678,4794,47,47
CORN,backward,True,0.318292928321794,0.4088794241358781,0.4930606005739351,408,4,4
COUPON/MISC ITEMS,backward,True,-0.014123075297037761,0.015256762503624599,0.39031957213786,714,7,7
CRACKERS/MISC BKD FD,backward,True,-0.1844622136654825,0.0786187444329814,0.02192782243791106,6936,68,68
DELI MEATS,backward,True,-0.10572648310622276,0.06834839605419035,0.1288977903738369,4692,46,46
DIAPERS & DISPOSABLES,backward,True,0.934553379465773,0.7442172200908188,0.33602767948975953,306,3,3
DINNER MXS:DRY,backward,True,-0.12267780852032434,0.10552014479117217,0.24924223398340584,6732,66,66
DINNER SAUSAGE,backward,True,-0.26998754875966174,0.10107976504886441,0.011396343547591128,3672,36,36
DISHWASH DETERGENTS,backward,True,0.8387698452978953,0.42057516262912675,0.06066493145388457,2040,20,20
DOG FOODS,backward,True,0.001067952450050972,0.20481665026955245,0.9959041581982793,1734,17,17
DRIED FRUIT,backward,True,0.4724169942982038,0.24394940347190294,0.12487335033333236,510,5,5
DRY BN/VEG/POTATO/RICE,backward,True,0.10242497046551918,0.04966495188304163,0.04255038707313277,7956,78,78
DRY MIX DESSERTS,backward,True,0.8346941510859374,0.4130981932103231,0.06288125437961842,1530,15,15
DRY NOODLES/PASTA,backward,True,-0.12726084846718597,0.07070756764711421,0.07675492601427912,6426,63,63
DRY SAUCES/GRAVY,backward,True,-0.5470064738825179,0.1318806598533333,0.00042060178002754906,2346,23,23
EGGS,backward,True,-0.11851052556113356,0.15565032133954254,0.4575007033237789,1734,17,17
ELECTRICAL SUPPPLIES,backward,True,0.7283796408496206,0.4802971276649734,0.18983186636348012,612,6,6
FACIAL TISS/DNR NAPKIN,backward,True,-0.26797740134030795,0.1291076470190569,0.04722992162534935,2958,29,29
FD WRAPS/BAGS/TRSH BG,backward,True,0.1417472196456333,0.05404206572931957,0.012013400744852134,4488,44,44
FLORAL-FRESH CUT,backward,True,-0.07693204821377794,0.0226537877226558,0.07684757721726565,306,3,3
FLOUR & MEALS,backward,True,-0.1859063416823618,0.32169080300616376,0.5761100915810624,1122,11,11
FLUID MILK PRODUCTS,backward,True,-0.18870121672032641,0.06259323580137106,0.0036303047359382023,6936,68,68
FROZEN BREAD/DOUGH,backward,True,-0.8419539595339031,0.44050182407937366,0.06624500234949258,2958,29,29
FROZEN MEAT,backward,True,-0.04968394621810005,0.09786077295169904,0.6153760574871371,3162,31,31
FROZEN PIE/DESSERTS,backward,True,0.07751626558005832,0.2657170049663282,0.7744927017956157,1632,16,16
FROZEN PIZZA,backward,True,-0.20559262921284438,0.08401747091677372,0.01576093095271913,13158,129,129
FRUIT - SHELF STABLE,backward,True,-0.2955423917374335,0.06933175662283911,5.3641989879747856e-05,8466,83,83
FRZN BREAKFAST FOODS,backward,True,-0.1812672238178311,0.10632950562805672,0.09931087790571874,2958,29,29
FRZN FRUITS,backward,True,0.334623081377525,0.26004216699715227,0.26758372480592674,510,5,5
FRZN ICE,backward,True,-7.6246096041367135,7.564294190529734,0.3877182479542856,408,4,4
FRZN JCE CONC/DRNKS,backward,True,0.4340748111693314,0.37456579523494177,0.31097840593001275,510,5,5
FRZN MEAT/MEAT DINNERS,backward,True,-0.01883460860709237,0.03730130156943009,0.614162743336532,20502,201,201
FRZN NOVELTIES/WTR ICE,backward,True,-0.21858034459666295,0.07696544981531474,0.007060390939512103,4182,41,41
FRZN POTATOES,backward,True,-0.4430957401824158,0.09506662459517651,3.465010092565264e-05,4182,41,41
FRZN VEGETABLE/VEG DSH,backward,True,0.012717977727310831,0.08458320520476013,0.8809005975540732,7446,73,73
GRAPES,backward,True,-0.08140183519740539,0.31799278728943803,0.8053209557338209,816,8,8
GREETING CARDS/WRAP/PARTY SPLY,backward,True,0.779752731329896,0.42352690368184814,0.09271450662645539,1224,12,12
HEAT/SERVE,backward,True,0.22275878776414051,0.12203534091563557,0.09791523422395153,1122,11,11
HERBS,backward,True,-0.48247129168998804,0.3072744075210932,0.17717376930912726,612,6,6
HISPANIC,backward,True,0.001140964087604097,0.10151220378089318,0.9910728976726847,5712,56,56
HOT CEREAL,backward,True,0.2639657272946827,0.14956571173978586,0.09086052778450908,2448,24,24
HOT DOGS,backward,True,-0.113196605852292,0.056301096100938114,0.053752772326993825,3060,30,30
HOUSEHOLD CLEANG NEEDS,backward,True,0.4968089936234457,0.2877645297253246,0.10479879551448776,1632,16,16
ICE CREAM/MILK/SHERBTS,backward,True,0.12153282528479506,0.04097502373732918,0.004123901312715368,7242,71,71
INFANT FORMULA,backward,True,-0.8203459385398801,0.9338082217971558,0.44435203066944723,408,4,4
ISOTONIC DRINKS,backward,True,0.09314446778730112,0.38415689883332615,0.8106662599651554,2346,23,23
LAUNDRY ADDITIVES,backward,True,-0.6256929538333691,0.333172570073043,0.11918478775377518,612,6,6
LAUNDRY DETERGENTS,backward,True,-0.22258120252791136,0.2954283557003199,0.4595627228272523,2244,22,22
LUNCHMEAT,backward,True,-0.07293873649622577,0.04286976790199966,0.09131441923048855,13056,128,128
MAGAZINE,backward,True,0.8978749535528325,0.15520510377607646,2.788970754617926e-05,1734,17,17
MARGARINES,backward,True,0.1530005620409392,0.16628215996663429,0.3633113552841225,3978,39,39
MEAT - MISC,backward,True,-0.5241964594504679,0.2132223334600828,0.02497967201518303,1836,18,18
MEAT - SHELF STABLE,backward,True,-0.12046192090444312,0.08495003710295927,0.160747784817283,7038,69,69
MELONS,backward,True,-0.3642791669134907,0.484049625095875,0.49357599640107536,510,5,5
MILK BY-PRODUCTS,backward,True,-0.08779821968657266,0.09174374994097022,0.3430849746208038,5304,52,52
MISC. DAIRY,backward,True,-0.12164237625875994,0.14574853734706567,0.41100503132469757,2958,29,29
MISCELLANEOUS,backward,True,1.1554374252793977,0.5799446517581055,0.11713917652382623,510,5,5
MOLASSES/SYRUP/PANCAKE MIXS,backward,True,-0.32069678767074766,0.322907346050753,0.34023954904151543,1326,13,13
MUSHROOMS,backward,True,-0.13965509471035423,0.30799285303520674,0.6609696640920881,1020,10,10
NEWSPAPER,backward,True,-0.11108072236019423,0.09917478008174234,0.28460929629574966,1326,13,13
NO COMMODITY DESCRIPTION,backward,True,-0.6126196571721182,1.2017740574080935,0.6609002096715033,306,3,3
NUTS,backward,True,0.3378578943755612,0.6291659418694187,0.6142975308143437,612,6,6
OLIVES,backward,True,0.0017632531544440038,0.11254687159728854,0.987883858866146,918,9,9
ONIONS,backward,True,0.2896279030012098,0.2006082363493142,0.17081348188676035,1530,15,15
ORGANICS FRUIT & VEGETABLES,backward,True,-1.0468847332218258,0.37490346156201976,0.014393668817245386,1530,15,15
PAPER HOUSEWARES,backward,True,-0.007489660032145079,0.12617633085035196,0.9529947165004868,3774,37,37
PAPER TOWELS,backward,True,1.0256397344565444,0.32920549974767804,0.004865443643530073,2448,24,24
PASTA SAUCE,backward,True,-0.253993714151574,0.10684821374053284,0.02065280928103272,6222,61,61
PEARS,backward,True,0.26768781166748407,0.2532661868843854,0.3681204109298556,408,4,4
PEPPERS-ALL,backward,True,0.1304585806378191,0.06692736348057526,0.0922685768842022,816,8,8
PICKLE/RELISH/PKLD VEG,backward,True,-0.15000452303818898,0.16516319273151178,0.3802907467829535,1428,14,14
PIES,backward,True,-0.6389609335542867,0.7384363806878361,0.4505313917209534,408,4,4
PNT BTR/JELLY/JAMS,backward,True,-0.17719907400991755,0.1317763885275419,0.1903379984467234,2754,27,27
POPCORN,backward,True,-0.04069733188811951,0.14987142218670696,0.7968244400586108,612,6,6
PORK,backward,True,0.04707796384730827,0.237121694953851,0.8436044060052414,4284,42,42
POTATOES,backward,True,0.10737145394614052,0.21879924962394312,0.6289581620838665,2142,21,21
PREPARED FOOD,backward,True,-0.5531068835571673,0.25571720332393694,0.11924260878619429,408,4,4
PROCESSED,backward,True,0.7541078752602589,0.2819135208227032,0.031770368221583786,816,8,8
PWDR/CRYSTL DRNK MX,backward,True,0.15853883533189533,0.23329228640574576,0.5030199788627233,2652,26,26
REFRGRATD DOUGH PRODUCTS,backward,True,-0.2016748854064809,0.05553211933145914,0.0005509574684809151,6834,67,67
REFRGRATD JUICES/DRNKS,backward,True,-0.20359945576670582,0.09550611850745559,0.0361715907320277,8058,79,79
REFRIGERATED,backward,True,-0.04556783630447321,0.22848492296094092,0.8447902571339787,1530,15,15
ROLLS,backward,True,-0.39701319072380997,0.1444956953635523,0.02056354831507785,1122,11,11
SALAD BAR,backward,True,0.005093248825466046,0.0502676454306299,0.9215157721685587,1020,10,10
SALAD MIX,backward,True,0.03130851140586783,0.18837607356423444,0.8689542692582028,3672,36,36
SALADS/DIPS,backward,True,0.038891084378991754,0.08054898760358019,0.6350397929325325,1938,19,19
SALD DRSNG/SNDWCH SPRD,backward,True,-0.04289717856869061,0.19553713805263434,0.8272644074120598,5100,50,50
SANDWICHES,backward,True,-0.10453279864316341,0.031136752849376566,0.04382364973790187,408,4,4
SEAFOOD - FROZEN,backward,True,0.17563811499012028,0.175516484928497,0.33284575904640146,1632,16,16
SEAFOOD - MISC,backward,True,-0.25416431274903817,0.3306024029700357,0.5223921270301214,306,3,3
SEAFOOD - SHELF STABLE,backward,True,0.04201276569679564,0.12789004422257982,0.7463192933036329,1938,19,19
SEAFOOD-FRESH,backward,True,0.5734652694684416,0.3798916480048635,0.1749018662838459,816,8,8
SHORTENING/OIL,backward,True,-0.29626927332423864,0.1784710933308383,0.11109455640635947,2346,23,23
SMOKED MEATS,backward,True,0.04088076335408521,0.10749353229452963,0.7103621505976594,1326,13,13
SNACK NUTS,backward,True,-0.1718703992409823,0.18415045054156123,0.3934995702377888,612,6,6
SOAP - LIQUID & BAR,backward,True,-0.24889866997780585,0.1261514686603554,0.1872257612031329,306,3,3
SOFT DRINKS,backward,True,0.017503017981731747,0.06955564061259273,0.8015496441957479,22950,225,225
SOUP,backward,True,-0.04261403500876727,0.0686618395662299,0.5358700192339769,14076,138,138
SPICES & EXTRACTS,backward,True,-0.27019065137428744,0.10265262052778308,0.014897815735764531,2448,24,24
SQUASH,backward,True,-0.2322664211171429,0.10179762478717669,0.08463252532922391,510,5,5
STONE FRUIT,backward,True,-0.09834340500072764,0.10202617615444691,0.355806496442716,1224,12,12
SUGARS/SWEETNERS,backward,True,0.04944058897736336,0.190723667492874,0.7976712214721261,2550,25,25
SWEET GOODS & SNACKS,backward,True,-0.6345133023628033,0.1574904558504971,0.0564413226020631,306,3,3
TEAS,backward,True,-1.0573711954829388,0.2872632792681047,0.0665273791906287,306,3,3
TOMATOES,backward,True,0.021518967640658377,0.21524469666732832,0.9225561758261731,1020,10,10
TROPICAL FRUIT,backward,True,-0.10382243296645018,0.2573076029469197,0.6971535611140756,918,9,9
TURKEY,backward,True,-0.04368844914162971,0.11684832813753528,0.7333467278996078,408,4,4
UNKNOWN,backward,True,1.4160271325261782,0.1183494551887946,0.006913018148791867,306,3,3
VALUE ADDED FRUIT,backward,True,0.18130660393502923,0.13317952604434063,0.1911692720170489,1836,18,18
VALUE ADDED VEGETABLES,backward,True,0.14489672731159575,0.26399560704332514,0.6001621618439215,816,8,8
VEGETABLES - ALL OTHERS,backward,True,0.04460604556004534,0.07770443647407799,0.5712769806118727,2550,25,25
VEGETABLES - SHELF STABLE,backward,True,0.018968920779855417,0.05046525855459882,0.70769205622199,11934,117,117
VEGETABLES SALAD,backward,True,-0.12579460468027392,0.12437623250866627,0.34143186047544555,918,9,9
WAREHOUSE SNACKS,backward,True,0.26338172540301674,0.23551337232257652,0.27449533564912537,2550,25,25
WATER,backward,True,-0.01718587792869404,0.1832783341903389,0.9271446020708844,1122,11,11
WATER - CARBONATED/FLVRD DRINK,backward,True,0.0204090694639795,0.1908370861737109,0.915269294842491,5100,50,50
YOGURT,backward,True,-0.08276328259699824,0.0715296548038755,0.2491292474657816,15096,148,148
AIR CARE,permute,True,0.19478714228745217,0.34248502700270445,0.6268787992363947,306,3,3
APPLES,permute,True,-0.07362758871352915,0.064432293388998,0.26319002687200505,2856,28,28
BABY FOODS,permute,True,-0.15691956440856084,0.0745381970808083,0.03961345233471502,6018,59,59
BABY HBC,permute,True,-0.25010657927387875,0.389396191501793,0.566393707470313,408,4,4
BACON,permute,True,0.026726524842008454,0.07636302012537169,0.7288731412704242,3060,30,30
BAG SNACKS,permute,True,-0.14495207027599089,0.05589374475184912,0.010433201326257927,15606,153,153
BAKED BREAD/BUNS/ROLLS,permute,True,-0.06548109355457413,0.04781060000067256,0.1730066058759357,14382,141,141
BAKED SWEET GOODS,permute,True,0.06553571702561702,0.07859977342154097,0.40731862024852716,7038,69,69
BAKING MIXES,permute,True,-0.02752452751252417,0.05784594940880843,0.6363578640903012,4998,49,49
BAKING NEEDS,permute,True,0.12682361331151312,0.08901114788446596,0.16360273199564182,3468,34,34
BATH TISSUES,permute,True,-0.049267320184713234,0.12916906476969145,0.7051993487023798,3672,36,36
BATTERIES,permute,True,-0.011266505806194869,0.10627867194972677,0.922266120603656,408,4,4
BEANS - CANNED GLASS & MW,permute,True,0.01200308515643161,0.07271485490256645,0.8696444787225821,4590,45,45
BEEF,permute,True,-0.011540864816452437,0.03968512350762694,0.7720437875239041,7344,72,72
BEERS/ALES,permute,True,0.298632822926847,0.1607646846763176,0.06977999023410875,4692,46,46
BERRIES,permute,True,-0.1393782667041419,0.13135173448630946,0.3066043386825667,1530,15,15
BLEACH,permute,True,0.08080459359260025,0.1365841044517224,0.5686718439094347,1020,10,10
BREAD,permute,True,0.04165101108921951,0.11549930867304022,0.7225830457566709,1938,19,19
BREAKFAST SAUSAGE/SANDWICHES,permute,True,-0.07642316555823839,0.0732053852120117,0.3034657608942466,3774,37,37
BREAKFAST SWEETS,permute,True,-0.1773634586923586,0.08088966603412989,0.0457248792792592,1530,15,15
BROCCOLI/CAULIFLOWER,permute,True,-0.2582110464766903,0.24562547867026077,0.3524623716881114,510,5,5
BUTTER,permute,True,0.03529163108933799,0.16928158980225214,0.839496873676012,1020,10,10
CAKES,permute,True,0.25377503368154275,0.055198356639535685,0.019340686952887792,408,4,4
CANDY - CHECKLANE,permute,True,-0.006463384297326295,0.03812577480934116,0.8657618618337611,9282,91,91
CANDY - PACKAGED,permute,True,0.039527349188189405,0.05267035470931067,0.4568799319032595,4692,46,46
CANNED JUICES,permute,True,-0.015267212872456134,0.05894358960213856,0.7961908255932635,9690,95,95
CANNED MILK,permute,True,-0.04879935984470419,0.3290852284687581,0.889290637721787,510,5,5
CARROTS,permute,True,0.06453508191991483,0.09824515277666991,0.5402860873761037,612,6,6
CAT FOOD,permute,True,0.006949912228106911,0.09503133480952607,0.94203185391064,4590,45,45
CAT LITTER,permute,True,0.22746814718115282,0.1471699199195974,0.16611520037243452,816,8,8
CHEESE,permute,True,-0.024405583314521896,0.031596409304311346,0.4409097842730523,17952,176,176
CHEESES,permute,True,-0.0484960156433554,0.040502186327749067,0.24516264683591535,2142,21,21
CHICKEN,permute,True,-0.03619475703312214,0.03490156195463846,0.30858488941097173,2958,29,29
CHICKEN/POULTRY,permute,True,0.06283708286581632,0.3031076939415208,0.8395561094659975,1224,12,12
CIGARETTES,permute,True,0.017606102461599694,0.10448327378482568,0.8674408658087731,2856,28,28
CITRUS,permute,True,-0.19700366690910212,0.09059217746458066,0.04183224297115015,2142,21,21
COCOA MIXES,permute,True,0.17522233234962395,0.19575880763321607,0.39404595580872626,1020,10,10
COFFEE,permute,True,-0.08003544524386001,0.09399876964582998,0.4020071825103332,2856,28,28
COFFEE FILTERS,permute,True,-0.15758157481117374,0.1250350277632136,0.29667448371887256,408,4,4
COLD CEREAL,permute,True,0.03662081451652295,0.04652786257316448,0.4326188419433803,13872,136,136
CONDIMENTS/SAUCES,permute,True,-0.04303110982270469,0.0850350495010888,0.614967489373951,5406,53,53
CONVENIENT BRKFST/WHLSM SNACKS,permute,True,-0.012685663501822758,0.05183827046572309,0.8073722871739984,7446,73,73
COOKIES,permute,True,-0.16309296872191792,0.08359705761417426,0.09892975078169648,714,7,7
COOKIES/CONES,permute,True,5.186944714323002e-06,0.11530961554815491,0.9999643034663186,4794,47,47
CORN,permute,True,0.13480501979361928,0.299086513532318,0.6827728093511884,408,4,4
COUPON/MISC ITEMS,permute,True,0.005045796992460581,0.02852537594902692,0.8654163524312799,714,7,7
CRACKERS/MISC BKD FD,permute,True,-0.02586249240981441,0.061250362733866706,0.6742001074296884,6936,68,68
DELI MEATS,permute,True,-0.013078348252027337,0.03593956350064338,0.7176381349985234,4692,46,46
DIAPERS & DISPOSABLES,permute,True,-1.5403682898929987,0.1371897932892133,0.007839065379081795,306,3,3
DINNER MXS:DRY,permute,True,-0.09377867856612432,0.04027884403342116,0.023021815217348782,6732,66,66
DINNER SAUSAGE,permute,True,0.023664221166023316,0.06497099156246265,0.717879430086301,3672,36,36
DISHWASH DETERGENTS,permute,True,0.05233408419278011,0.1299309399951508,0.6916032279697724,2040,20,20
DOG FOODS,permute,True,-0.11772034438168412,0.12257766938556604,0.35115680342416244,1734,17,17
DRIED FRUIT,permute,True,0.6637097057984221,0.14668064001773165,0.010618855317664499,510,5,5
DRY BN/VEG/POTATO/RICE,permute,True,0.0686283583094068,0.06231799194210531,0.2742138181390365,7956,78,78
DRY MIX DESSERTS,permute,True,0.2693448227845693,0.11027251250045435,0.028449190478123543,1530,15,15
DRY NOODLES/PASTA,permute,True,0.0622210936343804,0.07441966551675411,0.4063184020143106,6426,63,63
DRY SAUCES/GRAVY,permute,True,-0.053559974624255706,0.08161620870628042,0.5184740203232601,2346,23,23
EGGS,permute,True,0.2823205028140624,0.1056156482142315,0.016664581682819153,1734,17,17
ELECTRICAL SUPPPLIES,permute,True,0.42521674169814977,0.08697983362767583,0.004518711721639945,612,6,6
FACIAL TISS/DNR NAPKIN,permute,True,-0.167347806516282,0.11344193467373562,0.15131997212598933,2958,29,29
FD WRAPS/BAGS/TRSH BG,permute,True,0.11403251421013709,0.0411685930772829,0.008246146194095305,4488,44,44
FLORAL-FRESH CUT,permute,True,-0.1673089162941851,0.06208004632564936,0.11450902313585327,306,3,3
FLOUR & MEALS,permute,True,-0.16223178308995595,0.137499630011743,0.2653579813390763,1122,11,11
FLUID MILK PRODUCTS,permute,True,0.05370486879315898,0.048662554098145135,0.27370695282621577,6936,68,68
FROZEN BREAD/DOUGH,permute,True,0.18854466358360897,0.11370062556420818,0.10842888251735863,2958,29,29
FROZEN MEAT,permute,True,0.0401777401497902,0.08521082916275696,0.6406879308072075,3162,31,31
FROZEN PIE/DESSERTS,permute,True,-0.06439329554481364,0.10455504947717942,0.5472066537968672,1632,16,16
FROZEN PIZZA,permute,True,0.0032062115733414356,0.052125408080177175,0.9510493314476915,13158,129,129
FRUIT - SHELF STABLE,permute,True,-0.011099551863929443,0.06361771579590861,0.8619240689873358,8466,83,83
FRZN BREAKFAST FOODS,permute,True,0.13231482420386984,0.12294662543741168,0.2910249208768403,2958,29,29
FRZN FRUITS,permute,True,-0.538486023620672,0.2344950966558905,0.08327155244965875,510,5,5
FRZN ICE,permute,True,-0.13889483529315821,0.5552453026706878,0.8186231308817389,408,4,4
FRZN JCE CONC/DRNKS,permute,True,-0.22788259624145607,0.28854893615026594,0.4738530716053041,510,5,5
FRZN MEAT/MEAT DINNERS,permute,True,0.007674398847644797,0.03261212639622803,0.814198453943989,20502,201,201
FRZN NOVELTIES/WTR ICE,permute,True,-0.07198501567687657,0.09318654549113743,0.4443690472339098,4182,41,41
FRZN POTATOES,permute,True,-0.004590236523835183,0.08217810090310822,0.9557336675758603,4182,41,41
FRZN VEGETABLE/VEG DSH,permute,True,-0.0388100168907509,0.05906477087460588,0.5132272911296947,7446,73,73
GRAPES,permute,True,-0.023702940703007134,0.15614598714400496,0.8836271955080963,816,8,8
GREETING CARDS/WRAP/PARTY SPLY,permute,True,-0.4535690061753727,0.46611689392878275,0.3514260098610553,1224,12,12
HEAT/SERVE,permute,True,0.13492517041566632,0.11333493897708037,0.2613435275861932,1122,11,11
HERBS,permute,True,0.2625549660571586,0.0675880794126372,0.011587530909751393,612,6,6
HISPANIC,permute,True,-0.11476130051407533,0.07670906813044813,0.1403548379146666,5712,56,56
HOT CEREAL,permute,True,0.027449451352154243,0.07676311312738815,0.7239133319540336,2448,24,24
HOT DOGS,permute,True,0.023130116229833363,0.07223921539750056,0.7511216095577418,3060,30,30
HOUSEHOLD CLEANG NEEDS,permute,True,-0.0540834909936059,0.12331399035661564,0.6672143683183489,1632,16,16
ICE CREAM/MILK/SHERBTS,permute,True,0.04872275731293763,0.044426716531218005,0.27653134237940236,7242,71,71
INFANT FORMULA,permute,True,0.7561470131352175,0.3512838547959928,0.12042092387059207,408,4,4
ISOTONIC DRINKS,permute,True,0.010511796116659514,0.12230623793318539,0.9322863414819472,2346,23,23
LAUNDRY ADDITIVES,permute,True,0.057013328234434536,0.13638062643157178,0.6932608656096165,612,6,6
LAUNDRY DETERGENTS,permute,True,-0.17665493162628007,0.10982532028080104,0.12265543532412604,2244,22,22
LUNCHMEAT,permute,True,0.001546374629412605,0.0391708946952316,0.9685715689007304,13056,128,128
MAGAZINE,permute,True,-0.07241687772829616,0.06075858481565767,0.25068789538153374,1734,17,17
MARGARINES,permute,True,0.10825797936846522,0.05400377593299012,0.05216520646520816,3978,39,39
MEAT - MISC,permute,True,0.0923320088618301,0.07419957304490096,0.23024582576530694,1836,18,18
MEAT - SHELF STABLE,permute,True,-0.028727332928053528,0.07251963508833137,0.6932480822326198,7038,69,69
MELONS,permute,True,0.09150846854976334,0.14675703824299619,0.5667255611647533,510,5,5
MILK BY-PRODUCTS,permute,True,0.036092224540432746,0.07394329640019381,0.6275662517601166,5304,52,52
MISC. DAIRY,permute,True,0.2876766509148801,0.09946116315332243,0.0073183627782379395,2958,29,29
MISCELLANEOUS,permute,True,0.306371539549395,0.42530244225337044,0.5111516520866826,510,5,5
MOLASSES/SYRUP/PANCAKE MIXS,permute,True,-0.173331331314156,0.14168642064849543,0.24467937055466626,1326,13,13
MUSHROOMS,permute,True,0.3733300213179744,0.18147728316754078,0.06979892279277057,1020,10,10
NEWSPAPER,permute,True,0.3104617932266692,0.1201896057715542,0.023960544981444672,1326,13,13
NO COMMODITY DESCRIPTION,permute,True,-1.1045143255063095,0.3983383109987207,0.10917536021464377,306,3,3
NUTS,permute,True,0.15570106024108954,0.16901156108983698,0.39919236713660583,612,6,6
OLIVES,permute,True,0.017161057738152862,0.08235064216762886,0.8401321636604658,918,9,9
ONIONS,permute,True,0.037519982947541254,0.05011161978630919,0.46641488116932484,1530,15,15
ORGANICS FRUIT & VEGETABLES,permute,True,0.07522280785694185,0.25445271656696483,0.7718551136311779,1530,15,15
PAPER HOUSEWARES,permute,True,-0.13074050637847656,0.08692716991227095,0.14129863968523018,3774,37,37
PAPER TOWELS,permute,True,0.08203759828008649,0.08748987118920003,0.3581512654472936,2448,24,24
PASTA SAUCE,permute,True,0.030977071314276475,0.0823258442313328,0.7080405203541876,6222,61,61
PEARS,permute,True,0.10921999318739882,0.13383585233373987,0.4742292532487297,408,4,4
PEPPERS-ALL,permute,True,0.03467913204835524,0.034296904515111595,0.34561452281972255,816,8,8
PICKLE/RELISH/PKLD VEG,permute,True,0.006821089929062855,0.15613930192464762,0.9658186487311602,1428,14,14
PIES,permute,True,-0.03056887783013381,0.5222522044484209,0.957004968821817,408,4,4
PNT BTR/JELLY/JAMS,permute,True,-0.018935725724470085,0.08268531434031617,0.8206533481991792,2754,27,27
POPCORN,permute,True,-0.19850291619607477,0.1282573948490022,0.1823728341374887,612,6,6
PORK,permute,True,0.03569773506686006,0.05832047240681353,0.5438539765695314,4284,42,42
POTATOES,permute,True,-0.148685680223259,0.11719370468556743,0.2191102264265812,2142,21,21
PREPARED FOOD,permute,True,-0.09976051018673791,0.2534324753749109,0.7201574268274578,408,4,4
PROCESSED,permute,True,-0.20950950841605895,0.16800410208334216,0.25248425549797904,816,8,8
PWDR/CRYSTL DRNK MX,permute,True,-0.011095716604166316,0.05889589872506766,0.8520876446739493,2652,26,26
REFRGRATD DOUGH PRODUCTS,permute,True,-0.0441992707967935,0.052722945845402734,0.4048708414903578,6834,67,67
REFRGRATD JUICES/DRNKS,permute,True,0.005890950900786308,0.050191226935443346,0.9068684549913806,8058,79,79
REFRIGERATED,permute,True,0.17163485197990727,0.13723820790112767,0.23156664681653835,1530,15,15
ROLLS,permute,True,-0.25837069782670574,0.07611794441676421,0.0068357064701440465,1122,11,11
SALAD BAR,permute,True,0.007985182180926146,0.05623123604396723,0.8902032034699651,1020,10,10
SALAD MIX,permute,True,-0.13868623667396032,0.058968293202118785,0.024434612637287193,3672,36,36
SALADS/DIPS,permute,True,-0.09460836953278437,0.07622786625314208,0.23049145300552237,1938,19,19
SALD DRSNG/SNDWCH SPRD,permute,True,-0.04310283287760618,0.057857479653820196,0.459840520886596,5100,50,50
SANDWICHES,permute,True,-0.018326894195971836,0.034988590382376776,0.636652914604684,408,4,4
SEAFOOD - FROZEN,permute,True,-0.021824533536628086,0.06765749678136716,0.7514704870800829,1632,16,16
SEAFOOD - MISC,permute,True,0.09821949367295361,0.0657247555132971,0.27367376387991726,306,3,3
SEAFOOD - SHELF STABLE,permute,True,0.01988066684115733,0.09877979257115171,0.8427501821373029,1938,19,19
SEAFOOD-FRESH,permute,True,0.0053687371587655885,0.09362918445494109,0.955876484880666,816,8,8
SHORTENING/OIL,permute,True,0.004203752747384626,0.13543266712386914,0.9755179700716471,2346,23,23
SMOKED MEATS,permute,True,0.04582673350308478,0.046923475590955256,0.34803190182830857,1326,13,13
SNACK NUTS,permute,True,0.2646419513336508,0.1180239842508715,0.0750004291678597,612,6,6
SOAP - LIQUID & BAR,permute,True,-0.6851635617492101,0.37059784656029066,0.2057293784280311,306,3,3
SOFT DRINKS,permute,True,0.03798826516168367,0.03557367373597798,0.28672604173479693,22950,225,225
SOUP,permute,True,0.020099288434445344,0.04061504219168523,0.6214824740058993,14076,138,138
SPICES & EXTRACTS,permute,True,-0.00881771921924822,0.09797363290044123,0.9290656466085261,2448,24,24
SQUASH,permute,True,-0.10906884301250841,0.06448673956619778,0.16603230318025103,510,5,5
STONE FRUIT,permute,True,-0.03215814133834209,0.06116924405557842,0.6095146132351389,1224,12,12
SUGARS/SWEETNERS,permute,True,-0.2206844752739441,0.12141152802487615,0.08162293413651858,2550,25,25
SWEET GOODS & SNACKS,permute,True,-0.04701085431124839,0.25085521462717497,0.8686348888001715,306,3,3
TEAS,permute,True,-0.026373853925394,0.05590639239215298,0.6835635341145125,306,3,3
TOMATOES,permute,True,-0.05808657320833894,0.04311471166279419,0.21083455261665013,1020,10,10
TROPICAL FRUIT,permute,True,-0.07583024754173913,0.07184301709488113,0.32202727881726523,918,9,9
TURKEY,permute,True,0.060141325263025805,0.0503902084837569,0.31844711197018466,408,4,4
UNKNOWN,permute,True,-0.318954711274962,0.04203575947818513,0.01692937809258459,306,3,3
VALUE ADDED FRUIT,permute,True,-0.017246656843428566,0.0713514024258295,0.8118931227268276,1836,18,18
VALUE ADDED VEGETABLES,permute,True,-0.23443976692139562,0.10579778139231194,0.062250656126091354,816,8,8
VEGETABLES - ALL OTHERS,permute,True,-0.013183694569436287,0.09068584752354393,0.8856267869753964,2550,25,25
VEGETABLES - SHELF STABLE,permute,True,0.017033055396483532,0.03396741207221096,0.6170027998798185,11934,117,117
VEGETABLES SALAD,permute,True,0.1406666958371407,0.08086982085801382,0.12014999026206498,918,9,9
WAREHOUSE SNACKS,permute,True,-0.07857689450431675,0.13235564366689087,0.5582807037110757,2550,25,25
WATER,permute,True,-0.00576217736398518,0.0977499514101593,0.9541547777054672,1122,11,11
WATER - CARBONATED/FLVRD DRINK,permute,True,0.04702047469044063,0.07822965877657244,0.5505726038801791,5100,50,50
YOGURT,permute,True,-0.0891324018156314,0.05632517498309212,0.11569348677748832,15096,148,148
AIR CARE,swap,True,1.6377922572164312,0.8017042265711424,0.17779014360129933,306,3,3
APPLES,swap,True,0.17644629342763724,0.09172447653888954,0.06500052226958782,2856,28,28
BABY FOODS,swap,True,-0.206885167493702,0.14206422604435343,0.15070776909004374,6018,59,59
BABY HBC,swap,True,-0.1936133511172279,1.1794267770192925,0.8800428324213361,408,4,4
BACON,swap,True,0.19136478594851924,0.10129231041930013,0.0688971712035779,3060,30,30
BAG SNACKS,swap,True,-0.5917473545748857,0.2486299010450876,0.01855104516117364,15606,153,153
BAKED BREAD/BUNS/ROLLS,swap,True,-0.14439765220366935,0.12685117673483243,0.25692971321231706,14382,141,141
BAKED SWEET GOODS,swap,True,-0.20059339692627634,0.13277552508168838,0.13548012706586998,7038,69,69
BAKING MIXES,swap,True,-0.10900946274422778,0.1139686661891542,0.34361941163521736,4998,49,49
BAKING NEEDS,swap,True,0.007564135419609095,0.1929737610808799,0.9689689179641252,3468,34,34
BATH TISSUES,swap,True,-0.03436538640558243,0.556982754568624,0.9511533787868487,3672,36,36
BATTERIES,swap,True,-0.01918282940186208,0.19687384007048445,0.9285241188815352,408,4,4
BEANS - CANNED GLASS & MW,swap,True,-0.0277514265039072,0.1582777562696324,0.861621820773278,4590,45,45
BEEF,swap,True,-0.03716304224655388,0.10310492207245485,0.7195889214612147,7344,72,72
BEERS/ALES,swap,True,0.6837368202785483,0.29376256511021726,0.02449441704025497,4692,46,46
BERRIES,swap,True,-0.091360624482363,0.3830078861558931,0.8149226540657443,1530,15,15
BLEACH,swap,True,0.2710752574754192,0.3718789494275054,0.48457746478466224,1020,10,10
BREAD,swap,True,0.030674375397990887,0.2000963671262332,0.8798687576146904,1938,19,19
BREAKFAST SAUSAGE/SANDWICHES,swap,True,0.013753420173808002,0.14892579151506902,0.9269313218475334,3774,37,37
BREAKFAST SWEETS,swap,True,0.08782084939601116,0.1442387375326851,0.5523709228239859,1530,15,15
BROCCOLI/CAULIFLOWER,swap,True,-1.5179722577200423,1.3421921575938036,0.32128388874286307,510,5,5
BUTTER,swap,True,-0.3265245712182403,0.5641921070886119,0.5769544375196191,1020,10,10
CAKES,swap,True,-0.04304424175686837,0.06778345286423312,0.5705337850500237,408,4,4
CANDY - CHECKLANE,swap,True,-0.04901048671848875,0.0812508969452253,0.54789322421677,9282,91,91
CANDY - PACKAGED,swap,True,-0.37164560590098245,0.16602880084874444,0.030184544127620262,4692,46,46
CANNED JUICES,swap,True,0.01414787808632223,0.09636672532155835,0.8835941198746935,9690,95,95
CANNED MILK,swap,True,-0.2546031846521264,0.7751092885583272,0.7590297426608781,510,5,5
CARROTS,swap,True,0.21591086484024974,0.18372809239023194,0.2928384458606663,612,6,6
CAT FOOD,swap,True,-0.0565262133931909,0.16113290175372064,0.7274088071084439,4590,45,45
CAT LITTER,swap,True,0.527412970138691,0.284190740164446,0.10585569295369639,816,8,8
CHEESE,swap,True,-0.0567588911233174,0.06749197962632152,0.4015110240013049,17952,176,176
CHEESES,swap,True,-0.033781921972878326,0.0696631476295388,0.6329932215798777,2142,21,21
CHICKEN,swap,True,0.10898382633120952,0.07964171455100211,0.18205945697845907,2958,29,29
CHICKEN/POULTRY,swap,True,0.21530987878178748,0.36426862915774805,0.5664178351136766,1224,12,12
CIGARETTES,swap,True,0.35187879070674655,0.2603902981236853,0.18779792792502284,2856,28,28
CITRUS,swap,True,-0.07509425610882095,0.44468893487331346,0.8675957410668053,2142,21,21
COCOA MIXES,swap,True,0.6870436882228796,0.4327415356166627,0.1468270186834728,1020,10,10
COFFEE,swap,True,0.03629704137283796,0.09926858257758253,0.717479276229163,2856,28,28
COFFEE FILTERS,swap,True,-0.1105513220751927,0.3058532641536758,0.7417184955090192,408,4,4
COLD CEREAL,swap,True,-0.07680459158451743,0.12832919070479826,0.5505114449925903,13872,136,136
CONDIMENTS/SAUCES,swap,True,0.028494199520612957,0.1543867589655562,0.8542891428020825,5406,53,53
CONVENIENT BRKFST/WHLSM SNACKS,swap,True,-0.006901889140674955,0.11448473641454782,0.95209444477645,7446,73,73
COOKIES,swap,True,0.23821950166403338,0.16424523984008121,0.1971382045817812,714,7,7
COOKIES/CONES,swap,True,0.21116193261878516,0.10375602762894873,0.047618517702347214,4794,47,47
CORN,swap,True,2.085585425270202,0.19214657874650445,0.001673288105089455,408,4,4
COUPON/MISC ITEMS,swap,True,-0.00667056766518309,0.04670472599909834,0.8911046106592097,714,7,7
CRACKERS/MISC BKD FD,swap,True,-0.14663195647015892,0.12257059118344785,0.2357934687082289,6936,68,68
DELI MEATS,swap,True,-0.022272865564650003,0.061257353876298805,0.717863148147904,4692,46,46
DIAPERS & DISPOSABLES,swap,True,-1.0994316314249106,1.0422300098006285,0.40209740166552843,306,3,3
DINNER MXS:DRY,swap,True,0.013939696207132722,0.06561079571823501,0.8324127367239355,6732,66,66
DINNER SAUSAGE,swap,True,0.0804652263817453,0.1377770956282936,0.5629491633771719,3672,36,36
DISHWASH DETERGENTS,swap,True,-0.24179370113120924,0.24513163644378844,0.33634064677553455,2040,20,20
DOG FOODS,swap,True,-0.14444319224291197,0.1492058647642984,0.34741136941750494,1734,17,17
DRIED FRUIT,swap,True,0.5824816573785124,0.24115791449500404,0.07312971238170239,510,5,5
DRY BN/VEG/POTATO/RICE,swap,True,-0.07388923439941533,0.07618332825151262,0.3351394969984465,7956,78,78
DRY MIX DESSERTS,swap,True,0.07368535356074803,0.26779229183300834,0.7872136308909339,1530,15,15
DRY NOODLES/PASTA,swap,True,4.3495243859899595e-05,0.13569025002374321,0.9997452688420551,6426,63,63
DRY SAUCES/GRAVY,swap,True,0.2498411127791557,0.16082173511667464,0.1345655305479179,2346,23,23
EGGS,swap,True,-0.07248461511016874,0.23302979139215368,0.7597761985759888,1734,17,17
ELECTRICAL SUPPPLIES,swap,True,0.6710336356236277,0.5326925341694219,0.26337655522629233,612,6,6
FACIAL TISS/DNR NAPKIN,swap,True,-0.4362621942450323,0.20299006722749893,0.04040897863250071,2958,29,29
FD WRAPS/BAGS/TRSH BG,swap,True,-0.032714740378195134,0.07148132437999616,0.6494949842520689,4488,44,44
FLORAL-FRESH CUT,swap,True,0.0631911960124373,0.06270277012983254,0.4196631915765593,306,3,3
FLOUR & MEALS,swap,True,0.026270291035079225,0.23138154882813025,0.9118521439579624,1122,11,11
FLUID MILK PRODUCTS,swap,True,0.02700582076048646,0.09220579393982103,0.770514193159323,6936,68,68
FROZEN BREAD/DOUGH,swap,True,0.05511513522701875,0.26746866076730824,0.8382334411165191,2958,29,29
FROZEN MEAT,swap,True,0.045981289463890074,0.126554641535105,0.7189050409154965,3162,31,31
FROZEN PIE/DESSERTS,swap,True,-0.25946331579158427,0.10691453996837215,0.028299208025004866,1632,16,16
FROZEN PIZZA,swap,True,0.012801365372629043,0.06730727341085957,0.8494592785638114,13158,129,129
FRUIT - SHELF STABLE,swap,True,0.15171115576972763,0.09047561250810501,0.09738653903312663,8466,83,83
FRZN BREAKFAST FOODS,swap,True,-0.16439304504915342,0.19039217840389258,0.3952294351244847,2958,29,29
FRZN FRUITS,swap,True,-0.06784085736923062,0.40558308129747966,0.8752752951702747,510,5,5
FRZN ICE,swap,True,9.873143658057316,5.623606316745926,0.17740981533677927,408,4,4
FRZN JCE CONC/DRNKS,swap,True,-0.3723203525066974,0.39618898127640895,0.40055086723846645,510,5,5
FRZN MEAT/MEAT DINNERS,swap,True,-0.17136633442164703,0.04782872713601171,0.00042676254982789146,20502,201,201
FRZN NOVELTIES/WTR ICE,swap,True,0.025379569787677168,0.13630650939145575,0.8532330437198502,4182,41,41
FRZN POTATOES,swap,True,-0.11490031298162151,0.19008334679070524,0.5489426190859438,4182,41,41
FRZN VEGETABLE/VEG DSH,swap,True,0.046892918547967906,0.08696288119748752,0.5913923697988314,7446,73,73
GRAPES,swap,True,0.24892586492051927,0.17382029089891313,0.19521992804877494,816,8,8
GREETING CARDS/WRAP/PARTY SPLY,swap,True,-0.056349624050807325,0.6938127627499636,0.9367280207177466,1224,12,12
HEAT/SERVE,swap,True,0.25354869132278723,0.06433467069344025,0.0027699806194005144,1122,11,11
HERBS,swap,True,-0.18674979684569484,0.06694291291981924,0.03845908465930141,612,6,6
HISPANIC,swap,True,0.18733004014547122,0.08507224654046568,0.03187613191347745,5712,56,56
HOT CEREAL,swap,True,-0.060566933712437106,0.236728348978004,0.8003410425553756,2448,24,24
HOT DOGS,swap,True,-0.13745651013826196,0.13479420640460624,0.31627891517662676,3060,30,30
HOUSEHOLD CLEANG NEEDS,swap,True,-0.14738266644618322,0.12617754749384968,0.26101439120143266,1632,16,16
ICE CREAM/MILK/SHERBTS,swap,True,-0.18526506818392827,0.08855672558946542,0.0400624996821674,7242,71,71
INFANT FORMULA,swap,True,2.2735298830636963,0.7204351602289263,0.05103731296745527,408,4,4
ISOTONIC DRINKS,swap,True,0.03009032153937363,0.4867588046454895,0.9512661727447365,2346,23,23
LAUNDRY ADDITIVES,swap,True,0.6150011762921148,0.45257074479211656,0.2322612810779914,612,6,6
LAUNDRY DETERGENTS,swap,True,-0.1526782575860459,0.25658086286996346,0.5581687551158766,2244,22,22
LUNCHMEAT,swap,True,-0.03244425152271701,0.06028698837540714,0.5914061470492898,13056,128,128
MAGAZINE,swap,True,0.1291133144180318,0.3729148246475916,0.7336828826781374,1734,17,17
MARGARINES,swap,True,0.03750522550318793,0.10190600330114093,0.7148875486568801,3978,39,39
MEAT - MISC,swap,True,-0.0029518625753375527,0.1987105278506209,0.9883207382488741,1836,18,18
MEAT - SHELF STABLE,swap,True,-0.21194039516037155,0.10731838767417809,0.05234419425647269,7038,69,69
MELONS,swap,True,0.40038599745723596,0.34005058505511626,0.3042970994360656,510,5,5
MILK BY-PRODUCTS,swap,True,-0.13821934043726392,0.16381231017233627,0.4027402800619987,5304,52,52
MISC. DAIRY,swap,True,0.040133719083638386,0.1508030193667371,0.7920864577258019,2958,29,29
MISCELLANEOUS,swap,True,0.8851942916624868,0.4112859481745824,0.09773350508483117,510,5,5
MOLASSES/SYRUP/PANCAKE MIXS,swap,True,0.14601927007954366,0.21631393335588175,0.5124511319460343,1326,13,13
MUSHROOMS,swap,True,-0.5042933031007453,0.5045180921484569,0.34364062094098613,1020,10,10
NEWSPAPER,swap,True,0.6459278072798702,0.17927833700970994,0.003626339112883314,1326,13,13
NO COMMODITY DESCRIPTION,swap,True,-1.7043737283585894,0.9496630631664331,0.214550104918385,306,3,3
NUTS,swap,True,-0.023220069782828257,0.21339987725803258,0.9175849491072398,612,6,6
OLIVES,swap,True,0.35072773265049745,0.2520108243665502,0.20148156038676873,918,9,9
ONIONS,swap,True,0.04854019011807364,0.08642920672301037,0.5832558301611823,1530,15,15
ORGANICS FRUIT & VEGETABLES,swap,True,0.05318158465991045,0.47596797141187486,0.9126208476613007,1530,15,15
PAPER HOUSEWARES,swap,True,-0.3332973959273181,0.20744358164950943,0.11685960634003185,3774,37,37
PAPER TOWELS,swap,True,-0.14407018732502935,0.21159948265438758,0.502756056907476,2448,24,24
PASTA SAUCE,swap,True,0.08754862751874226,0.1315358755040207,0.5082255804764102,6222,61,61
PEARS,swap,True,0.20434775721811918,0.1648755230995891,0.3033160084460805,408,4,4
PEPPERS-ALL,swap,True,0.10624040804384935,0.05055947855478177,0.073730015421647,816,8,8
PICKLE/RELISH/PKLD VEG,swap,True,-0.021949592846457047,0.14313515715947958,0.880478072370281,1428,14,14
PIES,swap,True,-1.0265759960995184,1.010284366728124,0.3843878769872834,408,4,4
PNT BTR/JELLY/JAMS,swap,True,-0.03683011815348205,0.11927659465471972,0.7599502595434079,2754,27,27
POPCORN,swap,True,0.4423380534747156,0.2592358206686555,0.14866153498035303,612,6,6
PORK,swap,True,0.24308048476856298,0.22483618841683917,0.28595111627675507,4284,42,42
POTATOES,swap,True,-0.0037519842357709196,0.14868949550222027,0.9801186458182833,2142,21,21
PREPARED FOOD,swap,True,-0.14703819193243783,0.5814779147088286,0.8167058115317013,408,4,4
PROCESSED,swap,True,0.15503390115368595,0.2755686267903401,0.5912632282221022,816,8,8
PWDR/CRYSTL DRNK MX,swap,True,-0.1604014226987773,0.14217118487569746,0.26993523960055504,2652,26,26
REFRGRATD DOUGH PRODUCTS,swap,True,-0.21669241793676727,0.11409366112930744,0.061903306265832556,6834,67,67
REFRGRATD JUICES/DRNKS,swap,True,-0.006939437070748729,0.09609878097207747,0.9426184390172578,8058,79,79
REFRIGERATED,swap,True,-0.08513411494617056,0.21481354732220106,0.6978463761358822,1530,15,15
ROLLS,swap,True,-0.2728770314414206,0.29553091248262775,0.3775684347580469,1122,11,11
SALAD BAR,swap,True,0.008030377153429188,0.10461771246056618,0.9404943841531661,1020,10,10
SALAD MIX,swap,True,0.0038453270381718745,0.21711788314575317,0.9859701601740757,3672,36,36
SALADS/DIPS,swap,True,-0.08324277420263876,0.07536787769410876,0.2839284405929707,1938,19,19
SALD DRSNG/SNDWCH SPRD,swap,True,0.03622087996146291,0.10786614902565296,0.7384593192697476,5100,50,50
SANDWICHES,swap,True,0.07771329163369939,0.018363623793547834,0.024142810677874653,408,4,4
SEAFOOD - FROZEN,swap,True,-0.11129089640992161,0.11600480859419221,0.35258483081569414,1632,16,16
SEAFOOD - MISC,swap,True,-0.066331265644534,0.09888250677125875,0.5714345652997241,306,3,3
SEAFOOD - SHELF STABLE,swap,True,0.202458639029253,0.15616123051663305,0.211188662535582,1938,19,19
SEAFOOD-FRESH,swap,True,0.08063596303378294,0.28218124952013507,0.7833335388850098,816,8,8
SHORTENING/OIL,swap,True,0.18535398076834758,0.13593502173427258,0.18650114468579515,2346,23,23
SMOKED MEATS,swap,True,-0.24045985473528106,0.07577108556023741,0.008017295685051743,1326,13,13
SNACK NUTS,swap,True,0.12136647460995191,0.3371003180940742,0.7335321941437556,612,6,6
SOAP - LIQUID & BAR,swap,True,1.1292300178424357,0.3076364552839878,0.06686065225872903,306,3,3
SOFT DRINKS,swap,True,-0.4485301029528317,0.09111700461438155,1.656086303289657e-06,22950,225,225
SOUP,swap,True,-0.052702404209551135,0.07466125123650592,0.48145704875316575,14076,138,138
SPICES & EXTRACTS,swap,True,-0.24813925018721358,0.12848243757900207,0.06585960144889653,2448,24,24
SQUASH,swap,True,0.10961850293575695,0.15391359058802243,0.5156741286449691,510,5,5
STONE FRUIT,swap,True,0.059681563674107284,0.09163788511632712,0.5282395348830913,1224,12,12
SUGARS/SWEETNERS,swap,True,-0.2460545337371345,0.23439409966632327,0.30429068404038667,2550,25,25
SWEET GOODS & SNACKS,swap,True,0.21062319173593058,0.6534795020398464,0.7777901376530801,306,3,3
TEAS,swap,True,0.8170003339566092,0.25785229948874094,0.08683130156936358,306,3,3
TOMATOES,swap,True,0.0848001346125197,0.08426476299501297,0.3405341018537317,1020,10,10
TROPICAL FRUIT,swap,True,0.025213042104288354,0.2779176560753509,0.9299444414801179,918,9,9
TURKEY,swap,True,0.28081572037651575,0.05546125462404741,0.014870307280259887,408,4,4
UNKNOWN,swap,True,-0.5062208929689002,0.5820865375879813,0.476173132861032,306,3,3
VALUE ADDED FRUIT,swap,True,-0.09506594219190125,0.0703950399373571,0.19457223869836893,1836,18,18
VALUE ADDED VEGETABLES,swap,True,0.7598870235526296,0.19361983439424446,0.005714916287372744,816,8,8
VEGETABLES - ALL OTHERS,swap,True,0.010333961888219523,0.1269876979663136,0.935816465318448,2550,25,25
VEGETABLES - SHELF STABLE,swap,True,-0.044517442352678106,0.07668129149682334,0.5626688697780435,11934,117,117
VEGETABLES SALAD,swap,True,-0.19949476414106948,0.11389147139052586,0.11794143339300102,918,9,9
WAREHOUSE SNACKS,swap,True,0.2775185213703839,0.2558675600251615,0.28886657921117853,2550,25,25
WATER,swap,True,0.03054506230823175,0.17735795520021064,0.8666980376259333,1122,11,11
WATER - CARBONATED/FLVRD DRINK,swap,True,0.08152835299735933,0.14078798733329073,0.5651839006271355,5100,50,50
YOGURT,swap,True,-0.12892954166295362,0.11827955123956128,0.2774787689273797,15096,148,148
