item_id,category,coef,clean,usable,fails_strict_placebo,real_significant_negative
0,BEANS - CANNED GLASS & MW,1.1766452,False,True,False,True
1,COLD CEREAL,2.5615304,True,True,False,True
2,PASTA SAUCE,1.9157608,False,True,False,True
3,CANNED JUICES,-0.4483032,False,True,False,True
4,BREAKFAST SAUSAGE/SANDWICHES,2.4977126,True,True,False,True
5,PASTA SAUCE,2.4849415,False,True,False,True
6,BEEF,0.8382814,True,True,False,True
7,CONVENIENT BRKFST/WHLSM SNACKS,0.56903386,True,True,False,True
8,FRUIT - SHELF STABLE,4.439613,False,True,False,True
9,BERRIES,5.344332,False,False,False,False
10,CHEESE,1.8421737,True,True,False,True
11,PEPPERS-ALL,0.1360066,False,False,False,False
12,COUPON/MISC ITEMS,-0.07862657,False,False,False,False
13,PASTA SAUCE,1.032729,False,True,False,True
14,CHEESES,0.0009275028,False,False,False,False
15,BACON,-0.35896164,True,True,False,True
16,CITRUS,1.6016977,False,True,False,True
17,LAUNDRY ADDITIVES,1.3168995,True,True,False,True
18,WATER - CARBONATED/FLVRD DRINK,0.644474,True,True,False,True
19,LAUNDRY DETERGENTS,0.07286618,False,False,False,False
20,HOT CEREAL,1.9868895,True,True,False,True
21,BEANS - CANNED GLASS & MW,1.2560724,False,True,False,True
22,FRZN MEAT/MEAT DINNERS,0.99182576,False,False,True,True
23,ORGANICS FRUIT & VEGETABLES,2.7820756,True,True,False,True
24,YOGURT,1.1929293,True,True,False,True
25,PICKLE/RELISH/PKLD VEG,-0.030075882,True,True,False,True
26,BAKED SWEET GOODS,-0.53947735,True,True,False,True
27,FLUID MILK PRODUCTS,-1.7246959,False,False,False,False
28,EGGS,-1.4096206,False,True,False,True
29,BAG SNACKS,-0.36751395,True,True,False,True
30,LAUNDRY DETERGENTS,0.2543846,False,False,False,False
31,REFRGRATD DOUGH PRODUCTS,1.610949,False,True,False,True
32,CONVENIENT BRKFST/WHLSM SNACKS,1.8388481,True,True,False,True
33,POTATOES,8.377175e-37,False,False,False,False
34,CHEESE,1.0711538,True,True,False,True
35,DRY BN/VEG/POTATO/RICE,0.041264955,True,True,False,True
36,FROZEN PIZZA,1.4994227,False,True,False,True
37,ROLLS,1.0560853,False,False,True,True
38,BABY FOODS,1.3990074,False,False,False,False
39,CHEESE,0.44415998,True,True,False,True
40,BAG SNACKS,0.18443994,True,True,False,True
41,DRY NOODLES/PASTA,0.64675325,True,True,False,True
42,DISPOSIBLE FOILWARE,1.5878161,,,,
43,BAKING NEEDS,1.6690476,False,True,False,True
44,SHORTENING/OIL,-0.22206566,True,True,False,True
45,FROZEN PIZZA,1.6988045,False,True,False,True
46,FRZN FRUITS,1.0613399,False,False,False,False
47,SPICES & EXTRACTS,-0.023696752,False,True,False,True
48,REFRGRATD JUICES/DRNKS,0.8831715,True,True,False,True
49,CANNED JUICES,0.98172426,False,True,False,True
50,BAKED BREAD/BUNS/ROLLS,0.5386315,True,True,False,True
51,YOGURT,2.1234312,True,True,False,True
52,CHEESE,1.4180497,True,True,False,True
53,PWDR/CRYSTL DRNK MX,0.3374202,False,False,False,False
54,DRY SAUCES/GRAVY,0.047209155,False,True,False,True
55,CONVENIENT BRKFST/WHLSM SNACKS,1.6158174,True,True,False,True
56,MEAT - SHELF STABLE,1.6580094,True,True,False,True
57,FRZN MEAT/MEAT DINNERS,1.7423075,False,False,True,True
58,SEAFOOD - SHELF STABLE,2.0565486,True,True,False,True
59,COLD CEREAL,1.0339841,True,True,False,True
60,SOFT DRINKS,-4.3981314,False,False,True,True
61,MILK BY-PRODUCTS,1.7185085,True,True,False,True
62,COCOA MIXES,1.307231,False,True,False,True
63,SOUP,1.6057956,True,True,False,True
64,FRZN VEGETABLE/VEG DSH,1.7358665,True,True,False,True
65,BAKED BREAD/BUNS/ROLLS,0.43637002,True,True,False,True
66,WAREHOUSE SNACKS,1.3087398,True,True,False,True
67,MISC. DAIRY,1.6113051,False,False,False,False
68,COLD CEREAL,4.8914075,True,True,False,True
69,REFRGRATD JUICES/DRNKS,-3.459058,True,True,False,True
70,BREAKFAST SAUSAGE/SANDWICHES,3.8042228,True,True,False,True
71,CHEESE,5.0361916e-05,True,True,False,True
72,MARGARINES,1.9864286,True,True,False,True
73,REFRGRATD JUICES/DRNKS,3.583827,True,True,False,True
74,CHICKEN/POULTRY,1.011539,False,False,False,False
75,DRY SAUCES/GRAVY,2.3703752,False,True,False,True
76,BEEF,1.9041128,True,True,False,True
77,MUSHROOMS,0.8255757,True,True,False,True
78,HOUSEHOLD CLEANG NEEDS,0.8558957,False,False,False,False
79,FLUID MILK PRODUCTS,1.1182868,False,False,False,False
80,BREAKFAST SWEETS,-0.39905843,False,False,False,False
81,SOUP,1.0319575,True,True,False,True
82,BERRIES,3.3168457,False,False,False,False
83,BAKED BREAD/BUNS/ROLLS,1.16027,True,True,False,True
84,MEAT - SHELF STABLE,1.6707419,True,True,False,True
85,CONDIMENTS/SAUCES,2.5432253,True,True,False,True
86,PWDR/CRYSTL DRNK MX,0.0844827,False,False,False,False
87,CAT FOOD,1.6125351,False,False,False,False
88,COLD CEREAL,2.9868627,True,True,False,True
89,COFFEE,0.083510935,True,True,False,True
90,FRUIT - SHELF STABLE,1.5745238,False,True,False,True
91,FROZEN PIZZA,0.85336506,False,True,False,True
92,APPLES,-2.1885426,False,False,False,False
93,FLUID MILK PRODUCTS,2.626753,False,False,False,False
94,ORGANICS FRUIT & VEGETABLES,0.5346492,True,True,False,True
95,BAKED BREAD/BUNS/ROLLS,0.983064,True,True,False,True
96,VEGETABLES - SHELF STABLE,-6.7733436e-06,True,True,False,True
97,MILK BY-PRODUCTS,0.5997449,True,True,False,True
98,BEEF,1.7785841,True,True,False,True
99,LUNCHMEAT,1.7628525,True,True,False,True
100,FRZN VEGETABLE/VEG DSH,1.6215991,True,True,False,True
101,VEGETABLES SALAD,-0.0014727479,False,False,False,False
102,YOGURT,1.475119,True,True,False,True
103,DRY MIX DESSERTS,1.3207983,False,False,False,False
104,PLASTIC HOUSEWARES,0.8209171,,,,
105,COOKIES/CONES,1.3672934,True,True,False,True
106,COLD CEREAL,3.612922,True,True,False,True
107,YOGURT,2.191377,True,True,False,True
108,BEEF,0.5243313,True,True,False,True
109,FRZN MEAT/MEAT DINNERS,-0.94255084,False,False,True,True
110,SEAFOOD - SHELF STABLE,2.4192204,True,True,False,True
111,HOT DOGS,2.516777,True,True,False,True
112,VALUE ADDED FRUIT,0.56354076,False,False,False,False
113,LUNCHMEAT,2.3267038,True,True,False,True
114,BREAD,2.3629162,True,True,False,True
115,BAKED BREAD/BUNS/ROLLS,0.8501471,True,True,False,True
116,WATER,3.2830684,False,False,False,False
117,SALD DRSNG/SNDWCH SPRD,1.2636526,True,True,False,True
118,HEAT/SERVE,0.051152885,True,True,False,True
119,FRZN MEAT/MEAT DINNERS,1.4361049,False,False,True,True
120,FRZN POTATOES,0.8621605,False,True,False,True
121,PAPER HOUSEWARES,1.2265239,True,True,False,True
122,VEGETABLES - SHELF STABLE,1.7355171,True,True,False,True
123,FRZN BREAKFAST FOODS,0.5517432,True,True,False,True
124,COCOA MIXES,0.8651433,False,True,False,True
125,PICKLE/RELISH/PKLD VEG,2.2976959,True,True,False,True
126,FRZN NOVELTIES/WTR ICE,-0.08800352,False,True,False,True
127,SHORTENING/OIL,1.7379975,True,True,False,True
128,CITRUS,-2.7662373,False,True,False,True
129,DINNER MXS:DRY,1.6481771,True,True,False,True
130,FRUIT - SHELF STABLE,3.7415478,False,True,False,True
131,MEAT - SHELF STABLE,0.47273612,True,True,False,True
132,YOGURT,0.95869744,True,True,False,True
133,LUNCHMEAT,1.3412272,True,True,False,True
134,DELI MEATS,-0.019814217,True,True,False,True
135,BAKED SWEET GOODS,2.318306,True,True,False,True
136,SOUP,1.9327589,True,True,False,True
137,ICE CREAM/MILK/SHERBTS,1.3061157,True,True,False,True
138,VALUE ADDED VEGETABLES,-1.1987685,False,False,False,False
139,SOUP,2.0221634,True,True,False,True
140,VEGETABLES - SHELF STABLE,0.7064085,True,True,False,True
141,FLOUR & MEALS,1.228677,False,False,False,False
142,COOKIES,0.22483127,False,False,False,False
143,BEEF,1.6766759,True,True,False,True
144,CHEESE,-1.5225118,True,True,False,True
145,VEGETABLES - SHELF STABLE,-0.19583394,True,True,False,True
146,REFRGRATD DOUGH PRODUCTS,3.3355925,False,True,False,True
147,FROZEN PIZZA,0.838694,False,True,False,True
148,CONDIMENTS/SAUCES,0.9394494,True,True,False,True
149,CONDIMENTS/SAUCES,1.7702544,True,True,False,True
150,SOFT DRINKS,0.58132577,False,False,True,True
151,WATER,1.0632054,False,False,False,False
152,YOGURT,1.0759413,True,True,False,True
153,PAPER HOUSEWARES,0.14507955,True,True,False,True
154,PEPPERS-ALL,1.5159079,False,False,False,False
155,COLD CEREAL,1.5383886,True,True,False,True
156,SPICES & EXTRACTS,3.5682044,False,True,False,True
157,FROZEN PIZZA,2.512239,False,True,False,True
158,APPLES,-0.069632754,False,False,False,False
159,CAT FOOD,-0.055123057,False,False,False,False
160,COCOA MIXES,2.1704109,False,True,False,True
161,DRY BN/VEG/POTATO/RICE,0.18674803,True,True,False,True
162,FRZN MEAT/MEAT DINNERS,2.2085938,False,False,True,True
163,LUNCHMEAT,-0.001995858,True,True,False,True
164,LAUNDRY DETERGENTS,2.4390044,False,False,False,False
165,CHEESE,0.25255474,True,True,False,True
166,LAUNDRY DETERGENTS,3.6793144,False,False,False,False
167,PASTA SAUCE,3.4694529,False,True,False,True
168,SALD DRSNG/SNDWCH SPRD,0.9823247,True,True,False,True
169,FROZEN PIE/DESSERTS,2.3734093,False,False,False,False
170,BAG SNACKS,1.9564449,True,True,False,True
171,SHORTENING/OIL,1.4339019,True,True,False,True
172,LUNCHMEAT,2.80375,True,True,False,True
173,SALAD BAR,0.022841062,False,False,False,False
174,FRZN MEAT/MEAT DINNERS,1.871122,False,False,True,True
175,FLOUR & MEALS,4.0122453e-37,False,False,False,False
176,REFRGRATD DOUGH PRODUCTS,2.450269,False,True,False,True
177,CANNED JUICES,2.2618535,False,True,False,True
178,VEGETABLES - SHELF STABLE,0.015418566,True,True,False,True
179,BAKING MIXES,2.537018,False,True,False,True
180,BAKED SWEET GOODS,2.56498,True,True,False,True
181,REFRGRATD DOUGH PRODUCTS,1.6710289,False,True,False,True
182,BEEF,2.0254543,True,True,False,True
183,CHEESE,0.83068365,True,True,False,True
184,PORK,-0.10868838,False,False,False,False
185,FRZN MEAT/MEAT DINNERS,2.3944983,False,False,True,True
186,CITRUS,-0.8231585,False,True,False,True
187,FRZN MEAT/MEAT DINNERS,2.1361454,False,False,True,True
188,BEEF,1.635779,True,True,False,True
189,FRZN NOVELTIES/WTR ICE,-0.12321775,False,True,False,True
190,FROZEN PIZZA,1.8300369,False,True,False,True
191,DOG FOODS,2.4016716,False,False,False,False
192,SOUP,0.6560292,True,True,False,True
193,CHEESE,0.5023316,True,True,False,True
194,FROZEN PIZZA,1.4313045,False,True,False,True
195,MUSHROOMS,0.5527692,True,True,False,True
196,MEAT - SHELF STABLE,1.1616203,True,True,False,True
197,LUNCHMEAT,1.4456222,True,True,False,True
198,LAUNDRY DETERGENTS,0.35629934,False,False,False,False
199,CRACKERS/MISC BKD FD,2.7804832,True,True,False,True
200,DRY BN/VEG/POTATO/RICE,1.6209255,True,True,False,True
201,CONVENIENT BRKFST/WHLSM SNACKS,1.7670338,True,True,False,True
202,YOGURT,-0.16904879,True,True,False,True
203,MILK BY-PRODUCTS,1.4200622,True,True,False,True
204,FRZN BREAKFAST FOODS,1.7381918,True,True,False,True
205,FRZN NOVELTIES/WTR ICE,-1.748663,False,True,False,True
206,CANNED JUICES,2.0702233,False,True,False,True
207,BABY FOODS,0.89804286,False,False,False,False
208,YOGURT,2.3222032,True,True,False,True
209,CHEESES,0.114815764,False,False,False,False
210,PAPER TOWELS,-4.9370284,False,False,False,False
211,SOUP,0.85713553,True,True,False,True
212,BAG SNACKS,-0.1625327,True,True,False,True
213,EGGS,-0.5058176,False,True,False,True
214,FROZEN PIZZA,0.5106101,False,True,False,True
215,BABY FOODS,-0.135112,False,False,False,False
216,ICE CREAM/MILK/SHERBTS,1.7047951,True,True,False,True
217,CANNED JUICES,-0.5640983,False,True,False,True
218,FROZEN MEAT,2.5711482,True,True,False,True
219,SOFT DRINKS,0.36300373,False,False,True,True
220,WATER - CARBONATED/FLVRD DRINK,1.3345362,True,True,False,True
221,SALADS/DIPS,1.1594144,False,False,False,False
222,SALAD MIX,1.9961474,False,False,False,False
223,NEWSPAPER,0.7105984,False,False,False,False
224,TROPICAL FRUIT,0.90054584,False,False,False,False
225,BAKED BREAD/BUNS/ROLLS,0.835555,True,True,False,True
226,ICE CREAM/MILK/SHERBTS,3.3255427,True,True,False,True
227,ONIONS,0.42056027,False,False,False,False
228,CONVENIENT BRKFST/WHLSM SNACKS,2.5033221,True,True,False,True
229,MISCELLANEOUS,2.7116492,False,False,False,False
230,BATH TISSUES,3.1153631,False,False,False,False
231,REFRGRATD JUICES/DRNKS,-1.8687437,True,True,False,True
232,REFRGRATD DOUGH PRODUCTS,1.4312519,False,True,False,True
233,MISC. DAIRY,0.12683068,False,False,False,False
234,WATER,3.3705626,False,False,False,False
235,POTATOES,1.7328751,False,False,False,False
236,OLIVES,1.4757671,True,True,False,True
237,CHEESE,1.2710292,True,True,False,True
238,EGGS,1.2628889,False,True,False,True
239,ICE CREAM/MILK/SHERBTS,1.6973333,True,True,False,True
240,MUSHROOMS,1.4686513,True,True,False,True
241,CONVENIENT BRKFST/WHLSM SNACKS,1.6609606,True,True,False,True
242,CHICKEN,0.5599493,False,False,False,False
243,DRY BN/VEG/POTATO/RICE,2.0582016,True,True,False,True
244,LUNCHMEAT,1.5038607,True,True,False,True
245,HOT DOGS,1.4724873,True,True,False,True
246,HISPANIC,0.40942132,True,True,False,True
247,PWDR/CRYSTL DRNK MX,0.6834138,False,False,False,False
248,CIGARETTES,0.4089373,False,False,False,False
249,TURKEY,2.9108868,False,False,False,False
250,LUNCHMEAT,1.0151817,True,True,False,True
251,FROZEN PIZZA,2.741295,False,True,False,True
252,BAKED BREAD/BUNS/ROLLS,0.95272535,True,True,False,True
253,FRZN MEAT/MEAT DINNERS,0.1841659,False,False,True,True
254,FRZN MEAT/MEAT DINNERS,-2.3441112,False,False,True,True
255,PORK,-0.70254177,False,False,False,False
256,WATER - CARBONATED/FLVRD DRINK,4.7026334,True,True,False,True
257,COOKIES/CONES,1.4967712,True,True,False,True
258,VEGETABLES - SHELF STABLE,0.8289248,True,True,False,True
259,FRZN MEAT/MEAT DINNERS,-0.013741737,False,False,True,True
260,YOGURT,1.6111937,True,True,False,True
261,MEAT - MISC,1.8446696,True,True,False,True
262,FD WRAPS/BAGS/TRSH BG,0.9285388,True,True,False,True
263,MISC. DAIRY,1.0543473,False,False,False,False
264,SPICES & EXTRACTS,0.83204085,False,True,False,True
265,FRZN NOVELTIES/WTR ICE,3.2230523,False,True,False,True
266,CHEESE,1.577716,True,True,False,True
267,BABY FOODS,1.2109625,False,False,False,False
268,DRY SAUCES/GRAVY,0.8913024,False,True,False,True
269,DRY BN/VEG/POTATO/RICE,1.6505556,True,True,False,True
270,SOFT DRINKS,1.0071876,False,False,True,True
271,TOMATOES,0.043193385,False,False,False,False
272,DINNER SAUSAGE,-0.06899347,False,True,False,True
273,VEGETABLES - SHELF STABLE,0.27676642,True,True,False,True
274,COOKIES/CONES,2.477757,True,True,False,True
275,CANDY - PACKAGED,5.985241,True,True,False,True
276,BAKED SWEET GOODS,1.0748497,True,True,False,True
277,FROZEN PIZZA,1.1563773,False,True,False,True
278,DRY NOODLES/PASTA,1.1422473,True,True,False,True
279,COLD CEREAL,2.7396808,True,True,False,True
280,BACON,2.9861457,True,True,False,True
281,DELI MEATS,1.310064,True,True,False,True
282,FRZN VEGETABLE/VEG DSH,1.062835,True,True,False,True
283,REFRGRATD DOUGH PRODUCTS,3.6132634,False,True,False,True
284,DOG FOODS,1.8134502,False,False,False,False
285,BAKED SWEET GOODS,2.9521813,True,True,False,True
286,YOGURT,1.5665052,True,True,False,True
287,FD WRAPS/BAGS/TRSH BG,1.711044,True,True,False,True
288,LUNCHMEAT,3.0641127,True,True,False,True
289,BAKING MIXES,0.55400884,False,True,False,True
290,BEANS - CANNED GLASS & MW,2.3242335,False,True,False,True
291,CANNED JUICES,4.365323,False,True,False,True
292,FROZEN PIZZA,0.39558393,False,True,False,True
293,WAREHOUSE SNACKS,2.7765129,True,True,False,True
294,VEGETABLES - SHELF STABLE,-0.39056623,True,True,False,True
295,DISHWASH DETERGENTS,0.43879113,False,False,False,False
296,COOKIES/CONES,1.743812,True,True,False,True
297,CONDIMENTS/SAUCES,1.5728333,True,True,False,True
298,SOFT DRINKS,0.5826317,False,False,True,True
299,CANDY - CHECKLANE,1.3201404,True,True,False,True
300,HEAT/SERVE,1.2537314,True,True,False,True
301,LAUNDRY ADDITIVES,1.1812159,True,True,False,True
302,MEAT - SHELF STABLE,3.1763463,True,True,False,True
303,BABY FOODS,-0.73436165,False,False,False,False
304,VEGETABLES - SHELF STABLE,3.9478652,True,True,False,True
305,BAKED SWEET GOODS,4.11034,True,True,False,True
306,COOKIES/CONES,0.8622952,True,True,False,True
307,MEAT - MISC,1.8397487,True,True,False,True
308,PNT BTR/JELLY/JAMS,2.274274,True,True,False,True
309,BEEF,-2.348485,True,True,False,True
310,MISC. DAIRY,2.2547746,False,False,False,False
311,SOUP,0.3562997,True,True,False,True
312,SUGARS/SWEETNERS,0.72541475,True,True,False,True
313,COOKIES/CONES,1.9520994,True,True,False,True
314,SOFT DRINKS,0.3466352,False,False,True,True
315,BEANS - CANNED GLASS & MW,0.8006616,False,True,False,True
316,FRUIT - SHELF STABLE,1.6950203,False,True,False,True
317,FACIAL TISS/DNR NAPKIN,2.4432304,False,True,False,True
318,EGGS,0.9397181,False,True,False,True
319,MISC. DAIRY,0.29484537,False,False,False,False
320,SOFT DRINKS,2.6067364,False,False,True,True
321,BAG SNACKS,0.95389265,True,True,False,True
322,CANNED JUICES,1.9052591,False,True,False,True
323,GREETING CARDS/WRAP/PARTY SPLY,9.032857e-06,False,False,False,False
324,MILK BY-PRODUCTS,1.3264503,True,True,False,True
325,BREAKFAST SAUSAGE/SANDWICHES,2.8006024,True,True,False,True
326,SALAD MIX,1.0780063,False,False,False,False
327,BAKED SWEET GOODS,0.8801018,True,True,False,True
328,CITRUS,-0.37754425,False,True,False,True
329,SOUP,1.634373,True,True,False,True
330,BAG SNACKS,1.4028808e-05,True,True,False,True
331,BEEF,0.4547196,True,True,False,True
332,PROCESSED,1.2191751,False,False,False,False
333,FRZN BREAKFAST FOODS,1.0273857,True,True,False,True
334,SHORTENING/OIL,2.1778786,True,True,False,True
335,BABY FOODS,2.183099,False,False,False,False
336,CHEESE,2.5986571,True,True,False,True
337,MILK BY-PRODUCTS,1.660892,True,True,False,True
338,COFFEE,1.333395,True,True,False,True
339,SUGARS/SWEETNERS,2.1470938,True,True,False,True
340,DRY SAUCES/GRAVY,1.1212168,False,True,False,True
341,DINNER MXS:DRY,1.5176334,True,True,False,True
342,CANNED JUICES,1.7018076,False,True,False,True
343,FRUIT - SHELF STABLE,2.8053148,False,True,False,True
344,MISC. DAIRY,1.1305538,False,False,False,False
345,CONVENIENT BRKFST/WHLSM SNACKS,0.47044542,True,True,False,True
346,CHEESE,0.9198309,True,True,False,True
347,BAKING MIXES,1.2321292,False,True,False,True
348,MEAT - SHELF STABLE,4.3543253,True,True,False,True
349,BABY FOODS,-0.96101815,False,False,False,False
350,FRUIT - SHELF STABLE,0.8383081,False,True,False,True
351,CHEESE,1.7341921,True,True,False,True
352,BAG SNACKS,-4.970494e-37,True,True,False,True
353,CHEESE,0.53059775,True,True,False,True
354,BAKING NEEDS,-1.555855e-36,False,True,False,True
355,BATH TISSUES,1.8143095,False,False,False,False
356,LUNCHMEAT,1.9778041,True,True,False,True
357,CHEESE,1.5004306,True,True,False,True
358,COLD CEREAL,2.638054,True,True,False,True
359,BABY FOODS,1.9304729,False,False,False,False
360,FRZN MEAT/MEAT DINNERS,2.874231,False,False,True,True
361,PAPER HOUSEWARES,0.7789796,True,True,False,True
362,SOFT DRINKS,2.0080762,False,False,True,True
363,CRACKERS/MISC BKD FD,0.74301183,True,True,False,True
364,PICKLE/RELISH/PKLD VEG,1.0686972,True,True,False,True
365,BEEF,1.8678684,True,True,False,True
366,CHEESE,0.30469933,True,True,False,True
367,SOFT DRINKS,1.0040365,False,False,True,True
368,MEAT - MISC,0.40622315,True,True,False,True
369,DINNER MXS:DRY,0.47234458,True,True,False,True
370,SEAFOOD - FROZEN,2.2435958,False,False,False,False
371,SEAFOOD - SHELF STABLE,0.7608525,True,True,False,True
372,MILK BY-PRODUCTS,2.1475723,True,True,False,True
373,BAG SNACKS,2.251064,True,True,False,True
374,LUNCHMEAT,1.3226794,True,True,False,True
375,CHEESE,2.1447155,True,True,False,True
376,BAG SNACKS,2.3522618,True,True,False,True
377,REFRGRATD JUICES/DRNKS,0.7637202,True,True,False,True
378,DINNER SAUSAGE,0.17697258,False,True,False,True
379,FROZEN PIZZA,1.8291829,False,True,False,True
380,BLEACH,3.4126136,False,True,False,True
381,ONIONS,0.5202164,False,False,False,False
382,SOUP,0.8838572,True,True,False,True
383,FROZEN BREAD/DOUGH,0.83593637,True,True,False,True
384,VEGETABLES - SHELF STABLE,-0.18895361,True,True,False,True
385,FROZEN PIE/DESSERTS,-0.30977428,False,False,False,False
386,DELI MEATS,0.0053144027,True,True,False,True
387,SOUP,-0.09454301,True,True,False,True
388,HOUSEHOLD CLEANG NEEDS,0.6697061,False,False,False,False
389,PWDR/CRYSTL DRNK MX,0.5807868,False,False,False,False
390,COCOA MIXES,0.9075249,False,True,False,True
391,ICE CREAM/MILK/SHERBTS,2.4452205,True,True,False,True
392,REFRGRATD DOUGH PRODUCTS,1.6064413,False,True,False,True
393,VEGETABLES - ALL OTHERS,-0.3461987,False,False,False,False
394,LUNCHMEAT,1.6757163,True,True,False,True
395,FRZN MEAT/MEAT DINNERS,2.2307446,False,False,True,True
396,CHEESES,-0.06807948,False,False,False,False
397,FRZN POTATOES,0.6423945,False,True,False,True
398,PASTA SAUCE,-0.28786805,False,True,False,True
399,FLUID MILK PRODUCTS,0.6812143,False,False,False,False
400,FRZN MEAT/MEAT DINNERS,1.4275526,False,False,True,True
401,BAG SNACKS,3.109042e-06,True,True,False,True
402,BAKED BREAD/BUNS/ROLLS,1.8055497,True,True,False,True
403,BABY FOODS,1.6209191,False,False,False,False
404,DINNER MXS:DRY,0.8259193,True,True,False,True
405,DINNER SAUSAGE,1.0919013,False,True,False,True
406,CANNED JUICES,3.1607068,False,True,False,True
407,FD WRAPS/BAGS/TRSH BG,1.6912203,True,True,False,True
408,YOGURT,2.0265894,True,True,False,True
409,CITRUS,0.66948736,False,True,False,True
410,FRZN VEGETABLE/VEG DSH,1.6705276,True,True,False,True
411,COLD CEREAL,1.5430034,True,True,False,True
412,CHEESE,2.4544687,True,True,False,True
413,FRZN MEAT/MEAT DINNERS,0.86911106,False,False,True,True
414,REFRGRATD JUICES/DRNKS,2.446516,True,True,False,True
415,WATER - CARBONATED/FLVRD DRINK,1.4410032,True,True,False,True
416,CITRUS,0.2867403,False,True,False,True
417,SOUP,1.6382308,True,True,False,True
418,BEERS/ALES,2.753809,False,True,False,True
419,DRY NOODLES/PASTA,0.52723926,True,True,False,True
420,BEEF,1.6255159,True,True,False,True
421,VEGETABLES - SHELF STABLE,0.21523696,True,True,False,True
422,BABY HBC,1.2840757,False,False,False,False
423,COFFEE FILTERS,0.5520052,False,False,False,False
424,BAKED BREAD/BUNS/ROLLS,0.7142988,True,True,False,True
425,PORK,1.7188126,False,False,False,False
426,WAREHOUSE SNACKS,2.5184362,True,True,False,True
427,SALAD MIX,1.4013538,False,False,False,False
428,MEAT - SHELF STABLE,0.47293067,True,True,False,True
429,BEEF,1.5488341,True,True,False,True
430,HERBS,-2.0759199,False,False,False,False
431,FRZN VEGETABLE/VEG DSH,2.9011402,True,True,False,True
432,DRY BN/VEG/POTATO/RICE,-0.09338783,True,True,False,True
433,MEAT - SHELF STABLE,0.7765918,True,True,False,True
434,FLUID MILK PRODUCTS,2.081133,False,False,False,False
435,HOT CEREAL,0.4209754,True,True,False,True
436,CANDY - CHECKLANE,0.6834159,True,True,False,True
437,HISPANIC,0.93374646,True,True,False,True
438,SQUASH,-0.43858266,False,False,False,False
439,LUNCHMEAT,-0.3431447,True,True,False,True
440,VEGETABLES - SHELF STABLE,3.8830674,True,True,False,True
441,FRUIT - SHELF STABLE,1.0405928,False,True,False,True
442,HISPANIC,0.83264256,True,True,False,True
443,VEGETABLES - SHELF STABLE,-0.12526935,True,True,False,True
444,BAKING MIXES,0.07962885,False,True,False,True
445,COLD CEREAL,2.6589656,True,True,False,True
446,DINNER SAUSAGE,0.1905466,False,True,False,True
447,YOGURT,3.163872,True,True,False,True
448,LAUNDRY DETERGENTS,2.9202607,False,False,False,False
449,FROZEN PIZZA,2.1893215,False,True,False,True
450,BEERS/ALES,1.8286626,False,True,False,True
451,DRY NOODLES/PASTA,0.9271571,True,True,False,True
452,FROZEN PIZZA,1.1489898,False,True,False,True
453,REFRGRATD DOUGH PRODUCTS,0.24455895,False,True,False,True
454,YOGURT,1.9558254,True,True,False,True
455,FROZEN PIZZA,1.7964362,False,True,False,True
456,FLUID MILK PRODUCTS,2.470848,False,False,False,False
457,BABY FOODS,0.041973222,False,False,False,False
458,FLUID MILK PRODUCTS,1.7439377,False,False,False,False
459,FRUIT - SHELF STABLE,1.4806508,False,True,False,True
460,ROLLS,0.83271337,False,False,True,True
461,BAKED BREAD/BUNS/ROLLS,1.2614642,True,True,False,True
462,BAKED SWEET GOODS,0.55212677,True,True,False,True
463,CANDY - CHECKLANE,1.6426991,True,True,False,True
464,MILK BY-PRODUCTS,1.370002,True,True,False,True
465,SOFT DRINKS,4.1194687,False,False,True,True
466,FD WRAPS/BAGS/TRSH BG,1.2005702,True,True,False,True
467,DINNER SAUSAGE,1.9746809,False,True,False,True
468,DRY NOODLES/PASTA,0.4884443,True,True,False,True
469,REFRGRATD DOUGH PRODUCTS,2.0193512,False,True,False,True
470,DINNER MXS:DRY,1.2135336,True,True,False,True
471,PAPER HOUSEWARES,1.4651814,True,True,False,True
472,HISPANIC,1.3648919,True,True,False,True
473,LUNCHMEAT,0.66190183,True,True,False,True
474,BEANS - CANNED GLASS & MW,2.9651902,False,True,False,True
475,DRY BN/VEG/POTATO/RICE,0.49830598,True,True,False,True
476,BAG SNACKS,0.3093986,True,True,False,True
477,DRY NOODLES/PASTA,1.7564129,True,True,False,True
478,YOGURT,2.5193996,True,True,False,True
479,FRZN VEGETABLE/VEG DSH,1.5807482,True,True,False,True
480,FRZN MEAT/MEAT DINNERS,0.24769798,False,False,True,True
481,ISOTONIC DRINKS,2.9214277,False,False,False,False
482,SMOKED MEATS,0.54217637,False,False,True,False
483,BAKING NEEDS,0.61178243,False,True,False,True
484,CANDY - CHECKLANE,1.0213747,True,True,False,True
485,MAGAZINE,-1.4637916e-36,False,False,False,False
486,LAUNDRY DETERGENTS,2.279937,False,False,False,False
487,FRZN VEGETABLE/VEG DSH,1.6459099,True,True,False,True
488,FRZN MEAT/MEAT DINNERS,0.9273771,False,False,True,True
489,VEGETABLES - SHELF STABLE,2.076579,True,True,False,True
490,CONVENIENT BRKFST/WHLSM SNACKS,1.2715777,True,True,False,True
491,LUNCHMEAT,2.0801957,True,True,False,True
492,CANNED JUICES,3.043777,False,True,False,True
493,DRY SAUCES/GRAVY,0.805861,False,True,False,True
494,CHEESE,0.46931812,True,True,False,True
495,DISHWASH DETERGENTS,0.29216984,False,False,False,False
496,SOFT DRINKS,-1.1202066,False,False,True,True
497,CANNED JUICES,3.9304836,False,True,False,True
498,FROZEN PIZZA,1.6506288,False,True,False,True
499,SOUP,1.6215725,True,True,False,True
500,ICE CREAM/MILK/SHERBTS,0.07662139,True,True,False,True
501,BEANS - CANNED GLASS & MW,0.6646549,False,True,False,True
502,WAREHOUSE SNACKS,2.0370195,True,True,False,True
503,COFFEE,2.496673,True,True,False,True
504,COCOA MIXES,1.7395774,False,True,False,True
505,BEANS - CANNED GLASS & MW,4.1488843,False,True,False,True
506,FROZEN PIZZA,-1.6079764,False,True,False,True
507,REFRGRATD JUICES/DRNKS,1.4840882,True,True,False,True
508,BROCCOLI/CAULIFLOWER,2.8820946,False,False,False,False
509,PNT BTR/JELLY/JAMS,2.2417603,True,True,False,True
510,FRZN MEAT/MEAT DINNERS,2.0042408,False,False,True,True
511,GREETING CARDS/WRAP/PARTY SPLY,-1.245298,False,False,False,False
512,VEGETABLES - SHELF STABLE,2.2846828,True,True,False,True
513,BLEACH,-0.49002647,False,True,False,True
514,VEGETABLES - SHELF STABLE,3.3366945,True,True,False,True
515,FD WRAPS/BAGS/TRSH BG,0.5537541,True,True,False,True
516,MEAT - SHELF STABLE,0.08910423,True,True,False,True
517,BEANS - CANNED GLASS & MW,1.3681417,False,True,False,True
518,MUSHROOMS,-0.42896885,True,True,False,True
519,DRY NOODLES/PASTA,1.0837811,True,True,False,True
520,FRZN MEAT/MEAT DINNERS,0.8813629,False,False,True,True
521,BREAD,-0.22084694,True,True,False,True
522,CHEESES,0.009980428,False,False,False,False
523,PNT BTR/JELLY/JAMS,2.1930912,True,True,False,True
524,FRZN MEAT/MEAT DINNERS,1.0419976,False,False,True,True
525,FRUIT - SHELF STABLE,0.30545473,False,True,False,True
526,BABY FOODS,0.49779394,False,False,False,False
527,SOUP,0.6321909,True,True,False,True
528,CAT LITTER,0.20981394,True,True,False,True
529,ICE CREAM/MILK/SHERBTS,1.0697185,True,True,False,True
530,ICE CREAM/MILK/SHERBTS,1.5102503,True,True,False,True
531,BREAD,0.7300591,True,True,False,True
532,MEAT - MISC,2.8197427,True,True,False,True
533,DRY BN/VEG/POTATO/RICE,0.33240175,True,True,False,True
534,HOT DOGS,1.3315542,True,True,False,True
535,CANDY - CHECKLANE,1.738942,True,True,False,True
536,FRZN MEAT/MEAT DINNERS,0.5871326,False,False,True,True
537,SOFT DRINKS,1.3633758,False,False,True,True
538,VEGETABLES SALAD,-0.008741382,False,False,False,False
539,TOMATOES,0.6181521,False,False,False,False
540,FROZEN PIZZA,2.393031,False,True,False,True
541,SOUP,-0.72086614,True,True,False,True
542,REFRGRATD DOUGH PRODUCTS,2.7058597,False,True,False,True
543,HISPANIC,2.1250553,True,True,False,True
544,VEGETABLES - SHELF STABLE,-1.4839863,True,True,False,True
545,VEGETABLES - SHELF STABLE,0.3078179,True,True,False,True
546,MILK BY-PRODUCTS,3.1095476,True,True,False,True
547,PASTA SAUCE,0.7036649,False,True,False,True
548,SOUP,1.6095783,True,True,False,True
549,LUNCHMEAT,1.4402198,True,True,False,True
550,VEGETABLES - SHELF STABLE,0.40730977,True,True,False,True
551,CHEESE,0.5755806,True,True,False,True
552,VEGETABLES - ALL OTHERS,0.13585049,False,False,False,False
553,CANNED JUICES,2.2249985,False,True,False,True
554,COLD CEREAL,1.0785491,True,True,False,True
555,CANNED JUICES,4.8861194,False,True,False,True
556,BROCCOLI/CAULIFLOWER,-1.5786713,False,False,False,False
557,CHEESE,0.32952884,True,True,False,True
558,CONVENIENT BRKFST/WHLSM SNACKS,1.7057937,True,True,False,True
559,FROZEN PIZZA,2.1932032,False,True,False,True
560,CONVENIENT BRKFST/WHLSM SNACKS,1.1542089,True,True,False,True
561,MILK BY-PRODUCTS,2.1054003,True,True,False,True
562,DINNER MXS:DRY,0.78703594,True,True,False,True
563,CHEESE,0.43603146,True,True,False,True
564,DRY SAUCES/GRAVY,0.3713344,False,True,False,True
565,CONVENIENT BRKFST/WHLSM SNACKS,1.1996526,True,True,False,True
566,BAKED SWEET GOODS,2.993942,True,True,False,True
567,FRZN MEAT/MEAT DINNERS,1.6495621,False,False,True,True
568,COOKIES/CONES,4.2171383,True,True,False,True
569,COLD CEREAL,3.602928,True,True,False,True
570,BAKED BREAD/BUNS/ROLLS,0.59865195,True,True,False,True
571,GRAPES,1.2593068,False,False,False,False
572,MARGARINES,1.6678222,True,True,False,True
573,REFRGRATD JUICES/DRNKS,0.6348205,True,True,False,True
574,PORK,2.9526048,False,False,False,False
575,VEGETABLES - SHELF STABLE,3.7763002,True,True,False,True
576,SALD DRSNG/SNDWCH SPRD,1.1682355,True,True,False,True
577,FRUIT - SHELF STABLE,1.0829238,False,True,False,True
578,CARROTS,0.7278217,False,False,False,False
579,BAKED SWEET GOODS,0.17002453,True,True,False,True
580,SOFT DRINKS,0.34873194,False,False,True,True
581,SOUP,0.31716713,True,True,False,True
582,SOFT DRINKS,1.2051889,False,False,True,True
583,MARGARINES,2.241168,True,True,False,True
584,BAKED SWEET GOODS,2.015801,True,True,False,True
585,CHICKEN,2.1296234,False,False,False,False
586,CRACKERS/MISC BKD FD,1.5311658,True,True,False,True
587,BAKING MIXES,1.9025462,False,True,False,True
588,DRIED FRUIT,2.7730644,True,True,False,True
589,SOFT DRINKS,2.0632145,False,False,True,True
590,SALD DRSNG/SNDWCH SPRD,1.0689232,True,True,False,True
591,FRZN MEAT/MEAT DINNERS,1.4003884,False,False,True,True
592,EGGS,1.887987,False,True,False,True
593,DINNER MXS:DRY,2.1753857,True,True,False,True
594,SALADS/DIPS,0.821212,False,False,False,False
595,BAG SNACKS,0.19511169,True,True,False,True
596,MEAT - SHELF STABLE,0.98022014,True,True,False,True
597,CHEESE,1.0744942,True,True,False,True
598,SOFT DRINKS,0.61669517,False,False,True,True
599,FD WRAPS/BAGS/TRSH BG,1.1944206,True,True,False,True
600,COLD CEREAL,3.2764988,True,True,False,True
601,SALAD MIX,3.0001621,False,False,False,False
602,CANNED MILK,0.76672703,False,False,False,False
603,BREAKFAST SAUSAGE/SANDWICHES,1.7075495,True,True,False,True
604,SALAD MIX,3.945529,False,False,False,False
605,DRY NOODLES/PASTA,0.9042142,True,True,False,True
606,SPICES & EXTRACTS,0.8594811,False,True,False,True
607,DINNER MXS:DRY,0.79144704,True,True,False,True
608,SALAD MIX,1.2486122,False,False,False,False
609,BEERS/ALES,0.34783083,False,True,False,True
610,BERRIES,1.9672098,False,False,False,False
611,FD WRAPS/BAGS/TRSH BG,0.5264442,True,True,False,True
612,SOUP,1.9075658,True,True,False,True
613,DINNER SAUSAGE,0.6400554,False,True,False,True
614,CHEESE,0.9686105,True,True,False,True
615,CANNED JUICES,1.1414326,False,True,False,True
616,VEGETABLES - ALL OTHERS,0.48297212,False,False,False,False
617,CAT FOOD,0.6526214,False,False,False,False
618,REFRGRATD JUICES/DRNKS,1.2826818,True,True,False,True
619,EGGS,-4.2096887,False,True,False,True
620,CONDIMENTS/SAUCES,2.4485233,True,True,False,True
621,COOKIES/CONES,1.0591577,True,True,False,True
622,BABY FOODS,1.5356432,False,False,False,False
623,PASTA SAUCE,0.39504114,False,True,False,True
624,CHICKEN/POULTRY,1.8513348,False,False,False,False
625,PASTA SAUCE,0.3786732,False,True,False,True
626,CIGARETTES,0.01896925,False,False,False,False
627,DRY BN/VEG/POTATO/RICE,-0.20616496,True,True,False,True
628,CONDIMENTS/SAUCES,-0.11110165,True,True,False,True
629,YOGURT,1.0190235,True,True,False,True
630,SALD DRSNG/SNDWCH SPRD,0.14745943,True,True,False,True
631,COOKIES/CONES,5.6759623e-37,True,True,False,True
632,PNT BTR/JELLY/JAMS,0.74287564,True,True,False,True
633,HERBS,0.2309698,False,False,False,False
634,CONVENIENT BRKFST/WHLSM SNACKS,0.9364229,True,True,False,True
635,BERRIES,0.7160575,False,False,False,False
636,SOFT DRINKS,-3.2179048e-06,False,False,True,True
637,MAGAZINE,1.4310568e-36,False,False,False,False
638,CANNED JUICES,1.2585715,False,True,False,True
639,DRY BN/VEG/POTATO/RICE,1.3679863,True,True,False,True
640,SEAFOOD - SHELF STABLE,3.3781638,True,True,False,True
641,POPCORN,1.4052807,True,True,False,True
642,BREAKFAST SAUSAGE/SANDWICHES,1.9666886,True,True,False,True
643,BABY FOODS,1.6187423,False,False,False,False
644,CRACKERS/MISC BKD FD,0.44602287,True,True,False,True
645,PASTA SAUCE,3.6627653,False,True,False,True
646,BREAKFAST SAUSAGE/SANDWICHES,3.5702333,True,True,False,True
647,FLUID MILK PRODUCTS,1.4401853,False,False,False,False
648,FROZEN PIZZA,0.9560381,False,True,False,True
649,COLD CEREAL,3.744111,True,True,False,True
650,CAT FOOD,1.7388356,False,False,False,False
651,WATER - CARBONATED/FLVRD DRINK,3.0895576,True,True,False,True
652,MILK BY-PRODUCTS,1.7908268,True,True,False,True
653,SOFT DRINKS,1.7327505,False,False,True,True
654,COFFEE,3.1129735,True,True,False,True
655,MARGARINES,1.2144228,True,True,False,True
656,POTATOES,-0.10051577,False,False,False,False
657,CHEESE,0.5317566,True,True,False,True
658,APPLES,2.9090052,False,False,False,False
659,FROZEN PIZZA,2.0436838,False,True,False,True
660,FD WRAPS/BAGS/TRSH BG,1.056427,True,True,False,True
661,CAT FOOD,2.0596998,False,False,False,False
662,BEEF,1.7314274,True,True,False,True
663,SOUP,2.4300945,True,True,False,True
664,SALD DRSNG/SNDWCH SPRD,2.148795,True,True,False,True
665,DRY BN/VEG/POTATO/RICE,-1.1153684,True,True,False,True
666,DOG FOODS,3.5718584,False,False,False,False
667,BREAKFAST SAUSAGE/SANDWICHES,2.9045064,True,True,False,True
668,ROLLS,-1.8415556,False,False,True,True
669,YOGURT,2.3796225,True,True,False,True
670,ORGANICS FRUIT & VEGETABLES,-0.5845166,True,True,False,True
671,PREPAID WIRELESS&ACCESSORIES,1.9095412e-36,,,,
672,WATER - CARBONATED/FLVRD DRINK,0.13189158,True,True,False,True
673,DINNER MXS:DRY,-1.4375315,True,True,False,True
674,PORK,3.6505334,False,False,False,False
675,FLUID MILK PRODUCTS,0.64826834,False,False,False,False
676,FLUID MILK PRODUCTS,6.589126e-37,False,False,False,False
677,MEAT - SHELF STABLE,-1.3771894,True,True,False,True
678,BEERS/ALES,-0.594257,False,True,False,True
679,PASTA SAUCE,-0.2930277,False,True,False,True
680,DRY BN/VEG/POTATO/RICE,0.2882369,True,True,False,True
681,CONDIMENTS/SAUCES,2.5602498,True,True,False,True
682,REFRGRATD DOUGH PRODUCTS,2.1181097,False,True,False,True
683,CONVENIENT BRKFST/WHLSM SNACKS,1.2475585,True,True,False,True
684,BEERS/ALES,2.1337955,False,True,False,True
685,BABY FOODS,-0.3087735,False,False,False,False
686,BAKED BREAD/BUNS/ROLLS,0.96423006,True,True,False,True
687,REFRGRATD DOUGH PRODUCTS,2.2788324,False,True,False,True
688,APPLES,2.7606213,False,False,False,False
689,VEGETABLES - ALL OTHERS,2.2048848,False,False,False,False
690,SOUP,1.25993,True,True,False,True
691,DRY BN/VEG/POTATO/RICE,-0.46087632,True,True,False,True
692,FRZN MEAT/MEAT DINNERS,2.2393608,False,False,True,True
693,HOT DOGS,0.44954008,True,True,False,True
694,VEGETABLES - ALL OTHERS,-0.09999392,False,False,False,False
695,CHEESE,-0.86103636,True,True,False,True
696,CRACKERS/MISC BKD FD,0.6452016,True,True,False,True
697,CONVENIENT BRKFST/WHLSM SNACKS,1.4441322,True,True,False,True
698,BACON,3.5018961,True,True,False,True
699,CONVENIENT BRKFST/WHLSM SNACKS,1.0777615,True,True,False,True
700,BAKED BREAD/BUNS/ROLLS,0.8620175,True,True,False,True
701,DINNER MXS:DRY,1.8720282,True,True,False,True
702,FRZN MEAT/MEAT DINNERS,2.0340142,False,False,True,True
703,HOT DOGS,1.384567,True,True,False,True
704,CANNED JUICES,0.95908874,False,True,False,True
705,DRY NOODLES/PASTA,0.48380798,True,True,False,True
706,DRY BN/VEG/POTATO/RICE,-2.8305209,True,True,False,True
707,BAKING NEEDS,1.6093365,False,True,False,True
708,BABY FOODS,-0.27853408,False,False,False,False
709,GRAPES,1.2607291,False,False,False,False
710,BREAKFAST SWEETS,0.12971196,False,False,False,False
711,DRY SAUCES/GRAVY,1.025294,False,True,False,True
712,PROCESSED,1.1016241,False,False,False,False
713,BAKING MIXES,1.5539916,False,True,False,True
714,DELI SUPPLIES,0.010117404,,,,
715,BEERS/ALES,-4.2337246,False,True,False,True
716,FRZN BREAKFAST FOODS,2.0757785,True,True,False,True
717,DELI MEATS,0.3045902,True,True,False,True
718,COOKIES/CONES,2.544503,True,True,False,True
719,GRAPES,1.0044435,False,False,False,False
720,CHICKEN,0.2908795,False,False,False,False
721,SOUP,0.380534,True,True,False,True
722,FRUIT - SHELF STABLE,2.3363726,False,True,False,True
723,YOGURT,-1.328639,True,True,False,True
724,HISPANIC,0.31149665,True,True,False,True
725,FROZEN PIE/DESSERTS,3.4770546,False,False,False,False
726,YOGURT,2.7438734,True,True,False,True
727,COLD CEREAL,2.9642086,True,True,False,True
728,CITRUS,1.5988762,False,True,False,True
729,MISC. DAIRY,1.437818,False,False,False,False
730,APPLES,0.84674954,False,False,False,False
731,FROZEN PIZZA,2.5595431,False,True,False,True
732,MEAT - SHELF STABLE,1.3741225,True,True,False,True
733,CRACKERS/MISC BKD FD,1.9034611,True,True,False,True
734,FROZEN PIZZA,1.044829,False,True,False,True
735,BAKED SWEET GOODS,2.0273378,True,True,False,True
736,MEAT - SHELF STABLE,0.61050063,True,True,False,True
737,FRZN POTATOES,1.8661189,False,True,False,True
738,DRY MIX DESSERTS,4.749954,False,False,False,False
739,WAREHOUSE SNACKS,3.9989297,True,True,False,True
740,MEAT - SHELF STABLE,-0.28662303,True,True,False,True
741,DINNER SAUSAGE,1.1303744,False,True,False,True
742,CHEESE,0.597833,True,True,False,True
743,CANNED JUICES,1.5627877,False,True,False,True
744,FRUIT - SHELF STABLE,2.1729417,False,True,False,True
745,YOGURT,1.5437348,True,True,False,True
746,CHEESE,2.656799,True,True,False,True
747,CONDIMENTS/SAUCES,0.44962302,True,True,False,True
748,SALD DRSNG/SNDWCH SPRD,0.64604867,True,True,False,True
749,SOFT DRINKS,2.1757598,False,False,True,True
750,YOGURT,1.9601034,True,True,False,True
751,FRZN VEGETABLE/VEG DSH,0.1523799,True,True,False,True
752,DINNER MXS:DRY,0.07052195,True,True,False,True
753,BAKING NEEDS,0.6787217,False,True,False,True
754,FD WRAPS/BAGS/TRSH BG,0.8051928,True,True,False,True
755,DINNER SAUSAGE,1.012384,False,True,False,True
756,SOUP,3.2969348,True,True,False,True
757,MELONS,2.7975147,False,False,False,False
758,NEWSPAPER,1.8121267e-37,False,False,False,False
759,FRZN VEGETABLE/VEG DSH,-0.27322304,True,True,False,True
760,LUNCHMEAT,1.4964617,True,True,False,True
761,PASTA SAUCE,2.7161832,False,True,False,True
762,BAKING NEEDS,2.8112843,False,True,False,True
763,PAPER HOUSEWARES,1.7703487,True,True,False,True
764,MISC. DAIRY,1.2587608,False,False,False,False
765,GRAPES,-4.0530167,False,False,False,False
766,SOUP,1.5161088,True,True,False,True
767,FROZEN MEAT,1.3460658,True,True,False,True
768,FROZEN BREAD/DOUGH,3.078832,True,True,False,True
769,BABY FOODS,-0.23161052,False,False,False,False
770,BREAKFAST SAUSAGE/SANDWICHES,1.2426131,True,True,False,True
771,FROZEN PIZZA,2.106613,False,True,False,True
772,FD WRAPS/BAGS/TRSH BG,0.1121192,True,True,False,True
773,BABY FOODS,1.7330501,False,False,False,False
774,LUNCHMEAT,1.2877057,True,True,False,True
775,ONIONS,0.25425425,False,False,False,False
776,MARGARINES,1.8516302,True,True,False,True
777,HOT CEREAL,-0.5072491,True,True,False,True
778,FROZEN BREAD/DOUGH,2.2150116,True,True,False,True
779,LAUNDRY DETERGENTS,2.2559543,False,False,False,False
780,YOGURT,2.1437151,True,True,False,True
781,FRZN MEAT/MEAT DINNERS,1.3374527,False,False,True,True
782,MEAT - SHELF STABLE,0.070695184,True,True,False,True
783,FRZN MEAT/MEAT DINNERS,1.8774822,False,False,True,True
784,FROZEN PIZZA,1.0163383,False,True,False,True
785,BAKED SWEET GOODS,-0.025992578,True,True,False,True
786,SOFT DRINKS,1.1192291,False,False,True,True
787,MEAT - MISC,1.6017394,True,True,False,True
788,SOFT DRINKS,-2.0928833,False,False,True,True
789,COLD CEREAL,1.7172692,True,True,False,True
790,SOUP,2.3249505,True,True,False,True
791,COOKIES/CONES,-1.0781189,True,True,False,True
792,HOT DOGS,1.0924171,True,True,False,True
793,YOGURT,1.9758782,True,True,False,True
794,WATER - CARBONATED/FLVRD DRINK,2.7724702,True,True,False,True
795,COOKIES/CONES,1.5269232,True,True,False,True
796,CHICKEN,1.3789424,False,False,False,False
797,CONDIMENTS/SAUCES,4.3799253,True,True,False,True
798,YOGURT,3.328457,True,True,False,True
799,FRZN MEAT/MEAT DINNERS,1.2604946,False,False,True,True
800,MARGARINES,1.1846185,True,True,False,True
801,SALD DRSNG/SNDWCH SPRD,1.4590192,True,True,False,True
802,FRZN NOVELTIES/WTR ICE,2.2647805,False,True,False,True
803,LUNCHMEAT,1.7555721,True,True,False,True
804,FRZN MEAT/MEAT DINNERS,-0.14273362,False,False,True,True
805,CANNED JUICES,0.27080956,False,True,False,True
806,BUTTER,3.6118796,True,True,False,True
807,CHEESE,-0.10725807,True,True,False,True
808,SEAFOOD - FROZEN,3.1534817,False,False,False,False
809,OLIVES,2.7837646,True,True,False,True
810,DRY BN/VEG/POTATO/RICE,-1.6120517,True,True,False,True
811,MILK BY-PRODUCTS,2.9186113,True,True,False,True
812,YOGURT,1.3610926,True,True,False,True
813,FRZN MEAT/MEAT DINNERS,-0.7001512,False,False,True,True
814,YOGURT,1.1506178,True,True,False,True
815,SUGARS/SWEETNERS,0.4765174,True,True,False,True
816,FD WRAPS/BAGS/TRSH BG,1.7967632,True,True,False,True
817,FRZN POTATOES,1.624015,False,True,False,True
818,DRY NOODLES/PASTA,-0.4376003,True,True,False,True
819,CHEESE,0.7058436,True,True,False,True
820,VALUE ADDED FRUIT,-0.39558235,False,False,False,False
821,YOGURT,1.0825534,True,True,False,True
822,SALAD BAR,-0.48198932,False,False,False,False
823,BAG SNACKS,0.64107263,True,True,False,True
824,DINNER MXS:DRY,1.8802317,True,True,False,True
825,BAKED BREAD/BUNS/ROLLS,2.360049,True,True,False,True
826,SUGARS/SWEETNERS,2.291717,True,True,False,True
827,DOG FOODS,3.6044586,False,False,False,False
828,SEAFOOD - SHELF STABLE,0.26121342,True,True,False,True
829,MARGARINES,0.4049848,True,True,False,True
830,BAKED BREAD/BUNS/ROLLS,0.53805494,True,True,False,True
831,DRY NOODLES/PASTA,-1.7314343,True,True,False,True
832,SOFT DRINKS,2.523129,False,False,True,True
833,DRY NOODLES/PASTA,0.29444766,True,True,False,True
834,REFRGRATD DOUGH PRODUCTS,1.8289865,False,True,False,True
835,VEGETABLES SALAD,0.4338046,False,False,False,False
836,LUNCHMEAT,2.4323158,True,True,False,True
837,FRUIT - SHELF STABLE,3.9989681,False,True,False,True
838,BAKING MIXES,2.6880271,False,True,False,True
839,FRZN VEGETABLE/VEG DSH,0.35339576,True,True,False,True
840,SOFT DRINKS,-0.0629894,False,False,True,True
841,BEEF,1.0381165,True,True,False,True
842,SUGARS/SWEETNERS,1.6177495,True,True,False,True
843,FLUID MILK PRODUCTS,0.49924305,False,False,False,False
844,VEGETABLES - SHELF STABLE,0.8509057,True,True,False,True
845,SPICES & EXTRACTS,-0.52045727,False,True,False,True
846,BREAKFAST SWEETS,-0.6569762,False,False,False,False
847,VEGETABLES - SHELF STABLE,-5.105439e-06,True,True,False,True
848,FROZEN PIZZA,2.3333747,False,True,False,True
849,PAPER HOUSEWARES,0.94835895,True,True,False,True
850,WAREHOUSE SNACKS,-0.49221507,True,True,False,True
851,SOFT DRINKS,1.9566029,False,False,True,True
852,CONDIMENTS/SAUCES,-0.02874344,True,True,False,True
853,CRACKERS/MISC BKD FD,0.63144207,True,True,False,True
854,LUNCHMEAT,1.3449857,True,True,False,True
855,CHEESE,0.63329774,True,True,False,True
856,CANNED JUICES,1.2273159,False,True,False,True
857,VEGETABLES - SHELF STABLE,0.7596639,True,True,False,True
858,SOUP,0.6955406,True,True,False,True
859,HEAT/SERVE,1.1577221,True,True,False,True
860,CANDY - CHECKLANE,1.6578473,True,True,False,True
861,FD WRAPS/BAGS/TRSH BG,1.6023699,True,True,False,True
862,FRZN MEAT/MEAT DINNERS,1.6555743,False,False,True,True
863,BAG SNACKS,-1.071655,True,True,False,True
864,REFRGRATD JUICES/DRNKS,0.72098094,True,True,False,True
865,LUNCHMEAT,1.4064033,True,True,False,True
866,HOT CEREAL,1.1685712,True,True,False,True
867,FRZN POTATOES,0.7495752,False,True,False,True
868,BEERS/ALES,0.86444706,False,True,False,True
869,SNACK NUTS,0.7315275,True,True,False,True
870,FRZN MEAT/MEAT DINNERS,1.3791339,False,False,True,True
871,BERRIES,-1.2940793,False,False,False,False
872,YOGURT,2.3946648,True,True,False,True
873,GRAPES,0.9855618,False,False,False,False
874,COLD CEREAL,1.2372013,True,True,False,True
875,CANDY - PACKAGED,-0.83221966,True,True,False,True
876,CAT FOOD,1.2936718,False,False,False,False
877,FROZEN PIZZA,1.2272186,False,True,False,True
878,BAKED BREAD/BUNS/ROLLS,0.8997571,True,True,False,True
879,COFFEE,1.0794642,True,True,False,True
880,BAKING NEEDS,5.5339656,False,True,False,True
881,BAG SNACKS,2.2071152,True,True,False,True
882,BAKED BREAD/BUNS/ROLLS,0.571621,True,True,False,True
883,VALUE ADDED FRUIT,0.115783535,False,False,False,False
884,YOGURT,2.311901,True,True,False,True
885,FRUIT - SHELF STABLE,2.4695544,False,True,False,True
886,WATER - CARBONATED/FLVRD DRINK,1.3892004,True,True,False,True
887,BEERS/ALES,2.854472,False,True,False,True
888,MEAT - SHELF STABLE,1.8116134,True,True,False,True
889,SOFT DRINKS,0.9956844,False,False,True,True
890,DRY BN/VEG/POTATO/RICE,1.2090094,True,True,False,True
891,DELI MEATS,0.045417607,True,True,False,True
892,BACON,-0.22161458,True,True,False,True
893,CANDY - CHECKLANE,1.6488286,True,True,False,True
894,VEGETABLES - SHELF STABLE,2.0530374,True,True,False,True
895,CANNED JUICES,2.033231,False,True,False,True
896,BEEF,0.14094275,True,True,False,True
897,FD WRAPS/BAGS/TRSH BG,0.3928155,True,True,False,True
898,YOGURT,1.2345057,True,True,False,True
899,HEAT/SERVE,3.4001398,True,True,False,True
900,MILK BY-PRODUCTS,2.9859047,True,True,False,True
901,CHEESE,1.2784619,True,True,False,True
902,DRY NOODLES/PASTA,1.0177959,True,True,False,True
903,BAKED BREAD/BUNS/ROLLS,1.646639,True,True,False,True
904,BAG SNACKS,1.4398823,True,True,False,True
905,MILK BY-PRODUCTS,0.083500944,True,True,False,True
906,CIGARETTES,-1.4805933,False,False,False,False
907,ICE CREAM/MILK/SHERBTS,0.8870464,True,True,False,True
908,FRZN POTATOES,1.2939389,False,True,False,True
909,SEAFOOD - SHELF STABLE,2.0265038,True,True,False,True
910,CONVENIENT BRKFST/WHLSM SNACKS,2.888331,True,True,False,True
911,VALUE ADDED FRUIT,0.82778275,False,False,False,False
912,BAG SNACKS,1.3474938,True,True,False,True
913,FRZN MEAT/MEAT DINNERS,1.9702379,False,False,True,True
914,MILK BY-PRODUCTS,0.97501016,True,True,False,True
915,FRUIT - SHELF STABLE,1.530522,False,True,False,True
916,FD WRAPS/BAGS/TRSH BG,1.5483449,True,True,False,True
917,DINNER MXS:DRY,1.253653,True,True,False,True
918,FRZN VEGETABLE/VEG DSH,0.14564835,True,True,False,True
919,WATER,2.7882805,False,False,False,False
920,VEGETABLES - SHELF STABLE,4.0404353,True,True,False,True
921,DINNER SAUSAGE,0.5802871,False,True,False,True
922,CARROTS,0.77109665,False,False,False,False
923,FRZN VEGETABLE/VEG DSH,1.0871783,True,True,False,True
924,COUPON/MISC ITEMS,0.049453706,False,False,False,False
925,FROZEN MEAT,2.45605,True,True,False,True
926,SOFT DRINKS,0.38574058,False,False,True,True
927,COFFEE,1.6798033,True,True,False,True
928,MARGARINES,0.51165366,True,True,False,True
929,DRY BN/VEG/POTATO/RICE,0.47987118,True,True,False,True
930,CHEESE,-0.03562063,True,True,False,True
931,SANDWICHES,-0.11385187,False,False,False,False
932,WAREHOUSE SNACKS,4.4406238,True,True,False,True
933,FRZN MEAT/MEAT DINNERS,0.3522278,False,False,True,True
934,DELI MEATS,-0.02468207,True,True,False,True
935,DRY BN/VEG/POTATO/RICE,-1.2701699,True,True,False,True
936,BAKED BREAD/BUNS/ROLLS,0.17840667,True,True,False,True
937,BAKED SWEET GOODS,1.9823333,True,True,False,True
938,CIGARETTES,-1.177466,False,False,False,False
939,BATH TISSUES,6.3753085,False,False,False,False
940,CONVENIENT BRKFST/WHLSM SNACKS,0.6565144,True,True,False,True
941,BAKING MIXES,0.30351692,False,True,False,True
942,PASTA SAUCE,1.3485566,False,True,False,True
943,BAKED BREAD/BUNS/ROLLS,0.87901187,True,True,False,True
944,FRZN MEAT/MEAT DINNERS,0.39142376,False,False,True,True
945,SUGARS/SWEETNERS,2.9762,True,True,False,True
946,DINNER MXS:DRY,1.4454082,True,True,False,True
947,FD WRAPS/BAGS/TRSH BG,0.5433619,True,True,False,True
948,CAT FOOD,0.8916953,False,False,False,False
949,CRACKERS/MISC BKD FD,2.0547903,True,True,False,True
950,CHEESE,0.941367,True,True,False,True
951,HOT DOGS,2.2872543,True,True,False,True
952,BATTERIES,0.007014577,False,False,False,False
953,FRZN BREAKFAST FOODS,1.5008106,True,True,False,True
954,DINNER MXS:DRY,1.4799258,True,True,False,True
955,COLD CEREAL,2.5408843,True,True,False,True
956,COLD CEREAL,2.5540898,True,True,False,True
957,DRY NOODLES/PASTA,1.6287005,True,True,False,True
958,SOFT DRINKS,-0.85957533,False,False,True,True
959,MEAT - MISC,0.10677122,True,True,False,True
960,BAKING NEEDS,3.0554628,False,True,False,True
961,BAKED BREAD/BUNS/ROLLS,1.1394515,True,True,False,True
962,BAG SNACKS,2.997897,True,True,False,True
963,FRZN BREAKFAST FOODS,0.6343811,True,True,False,True
964,BAKED BREAD/BUNS/ROLLS,0.87968075,True,True,False,True
965,WATER,2.4616258,False,False,False,False
966,WAREHOUSE SNACKS,1.4318719,True,True,False,True
967,FROZEN PIZZA,0.98166007,False,True,False,True
968,BAKED SWEET GOODS,1.9351621,True,True,False,True
969,CHEESE,0.8423408,True,True,False,True
970,SOFT DRINKS,0.67910284,False,False,True,True
971,BAKED SWEET GOODS,1.7664503,True,True,False,True
972,VEGETABLES - SHELF STABLE,1.46207,True,True,False,True
973,DELI MEATS,-0.21427833,True,True,False,True
974,LUNCHMEAT,0.81655204,True,True,False,True
975,BAG SNACKS,3.5697293,True,True,False,True
976,LUNCHMEAT,1.533927,True,True,False,True
977,BABY FOODS,-1.0066223,False,False,False,False
978,MISC. DAIRY,2.3774805,False,False,False,False
979,HISPANIC,0.8336964,True,True,False,True
980,CAT FOOD,-0.43519092,False,False,False,False
981,DRY NOODLES/PASTA,1.617491,True,True,False,True
982,MISC. DAIRY,-0.04235053,False,False,False,False
983,FROZEN MEAT,1.896401,True,True,False,True
984,FRZN MEAT/MEAT DINNERS,0.81333894,False,False,True,True
985,BAG SNACKS,0.7911668,True,True,False,True
986,SOUP,-0.0316543,True,True,False,True
987,CITRUS,-0.28400052,False,True,False,True
988,BEEF,0.37679103,True,True,False,True
989,SOUP,1.7690259,True,True,False,True
990,PAPER TOWELS,1.5020515,False,False,False,False
991,COLD CEREAL,0.8926719,True,True,False,True
992,MEAT - MISC,2.3038015,True,True,False,True
993,SMOKED MEATS,7.699114e-06,False,False,True,False
994,BAKING MIXES,0.48649216,False,True,False,True
995,DELI MEATS,0.32937524,True,True,False,True
996,FRZN MEAT/MEAT DINNERS,1.058373,False,False,True,True
997,FRZN NOVELTIES/WTR ICE,-1.3456147,False,True,False,True
998,SOFT DRINKS,-0.24872133,False,False,True,True
999,SALD DRSNG/SNDWCH SPRD,1.0300267,True,True,False,True
1000,FRZN VEGETABLE/VEG DSH,0.3768349,True,True,False,True
1001,HOT DOGS,1.5354826,True,True,False,True
1002,BAG SNACKS,0.80646396,True,True,False,True
1003,SOFT DRINKS,-8.6337485e-07,False,False,True,True
1004,BAKED SWEET GOODS,2.8259513,True,True,False,True
1005,BABY FOODS,1.6738456,False,False,False,False
1006,COLD CEREAL,1.0490602,True,True,False,True
1007,CHEESE,0.92824966,True,True,False,True
1008,DINNER MXS:DRY,1.333146,True,True,False,True
1009,FRZN BREAKFAST FOODS,1.3836471,True,True,False,True
1010,FROZEN PIZZA,1.1309185,False,True,False,True
1011,SOUP,1.3378887,True,True,False,True
1012,COFFEE,3.6097143,True,True,False,True
1013,REFRIGERATED,1.6110196,True,True,False,True
1014,BABY FOODS,0.17179738,False,False,False,False
1015,DRY NOODLES/PASTA,0.7970275,True,True,False,True
1016,COFFEE,0.5598085,True,True,False,True
1017,FRUIT - SHELF STABLE,3.503041,False,True,False,True
1018,BAKING MIXES,3.836986,False,True,False,True
1019,CANNED JUICES,2.2705584,False,True,False,True
1020,CAT FOOD,0.7041127,False,False,False,False
1021,MOLASSES/SYRUP/PANCAKE MIXS,0.1429931,False,False,False,False
1022,FROZEN MEAT,0.70510244,True,True,False,True
1023,BABY FOODS,1.7816828,False,False,False,False
1024,MISC. DAIRY,1.2984695,False,False,False,False
1025,REFRGRATD DOUGH PRODUCTS,0.21352729,False,True,False,True
1026,MARGARINES,1.1455953,True,True,False,True
1027,BAKED BREAD/BUNS/ROLLS,4.29318,True,True,False,True
1028,VEGETABLES - SHELF STABLE,2.6395223,True,True,False,True
1029,FRZN MEAT/MEAT DINNERS,1.0854467,False,False,True,True
1030,SOUP,1.5267895,True,True,False,True
1031,CHEESE,1.3468975,True,True,False,True
1032,DRY NOODLES/PASTA,0.8953767,True,True,False,True
1033,DRY SAUCES/GRAVY,1.4582967,False,True,False,True
1034,MOLASSES/SYRUP/PANCAKE MIXS,2.8473606,False,False,False,False
1035,BABY FOODS,0.6802601,False,False,False,False
1036,CANDY - CHECKLANE,0.8424928,True,True,False,True
1037,WATER - CARBONATED/FLVRD DRINK,-0.10488846,True,True,False,True
1038,BREAKFAST SWEETS,2.1980374,False,False,False,False
1039,YOGURT,1.5572801,True,True,False,True
1040,SOFT DRINKS,1.9395748,False,False,True,True
1041,FROZEN PIZZA,2.4108982,False,True,False,True
1042,PORK,2.844337,False,False,False,False
1043,SOUP,0.5140562,True,True,False,True
1044,VEGETABLES - SHELF STABLE,1.998386,True,True,False,True
1045,CHEESE,2.3676388,True,True,False,True
1046,ICE CREAM/MILK/SHERBTS,1.5692898,True,True,False,True
1047,BREAD,-0.22317287,True,True,False,True
1048,VEGETABLES - SHELF STABLE,2.4189951,True,True,False,True
1049,VALUE ADDED FRUIT,-0.5421283,False,False,False,False
1050,MEAT - SHELF STABLE,-0.545947,True,True,False,True
1051,OLIVES,1.4123771,True,True,False,True
1052,MEAT - SHELF STABLE,-0.19549681,True,True,False,True
1053,REFRGRATD DOUGH PRODUCTS,1.9075388,False,True,False,True
1054,CHEESE,0.9224176,True,True,False,True
1055,FRUIT - SHELF STABLE,0.9861671,False,True,False,True
1056,SOFT DRINKS,0.7791145,False,False,True,True
1057,PNT BTR/JELLY/JAMS,2.549899,True,True,False,True
1058,DRY BN/VEG/POTATO/RICE,1.6690845,True,True,False,True
1059,SOFT DRINKS,1.2186959,False,False,True,True
1060,CANNED JUICES,2.3930485,False,True,False,True
1061,FRZN MEAT/MEAT DINNERS,-1.406508,False,False,True,True
1062,CANNED JUICES,0.7848991,False,True,False,True
1063,STONE FRUIT,0.16213076,False,False,False,False
1064,BEEF,-0.028884457,True,True,False,True
1065,SOUP,0.90646166,True,True,False,True
1066,MEAT - SHELF STABLE,-0.081767626,True,True,False,True
1067,REFRGRATD DOUGH PRODUCTS,1.5853895,False,True,False,True
1068,MEAT - SHELF STABLE,-1.0965049,True,True,False,True
1069,CONDIMENTS/SAUCES,1.0262043,True,True,False,True
1070,SALAD MIX,3.2189658,False,False,False,False
1071,REFRGRATD JUICES/DRNKS,1.3157269,True,True,False,True
1072,FD WRAPS/BAGS/TRSH BG,2.6920912,True,True,False,True
1073,BAG SNACKS,2.534112,True,True,False,True
1074,FRZN VEGETABLE/VEG DSH,1.6102508,True,True,False,True
1075,MAGAZINE,-1.9576912,False,False,False,False
1076,BAKED SWEET GOODS,0.7046267,True,True,False,True
1077,HISPANIC,0.9473138,True,True,False,True
1078,STONE FRUIT,0.34489918,False,False,False,False
1079,VEGETABLES - SHELF STABLE,0.6450168,True,True,False,True
1080,CHEESE,1.6175562,True,True,False,True
1081,REFRGRATD DOUGH PRODUCTS,1.4753758,False,True,False,True
1082,FRZN POTATOES,0.36396173,False,True,False,True
1083,MEAT - SHELF STABLE,1.543216,True,True,False,True
1084,SOFT DRINKS,2.0385735,False,False,True,True
1085,UNKNOWN,1.1035746,False,False,False,False
1086,FRZN MEAT/MEAT DINNERS,1.2921668,False,False,True,True
1087,YOGURT,1.4248124,True,True,False,True
1088,FRZN VEGETABLE/VEG DSH,-3.4212968,True,True,False,True
1089,MELONS,-1.375591,False,False,False,False
1090,LUNCHMEAT,1.1551766,True,True,False,True
1091,VEGETABLES - SHELF STABLE,2.186745,True,True,False,True
1092,NEWSPAPER,3.1888937e-37,False,False,False,False
1093,CAKES,1.6089605,False,False,False,False
1094,COCOA MIXES,0.63385534,False,True,False,True
1095,CHEESE,1.5905296,True,True,False,True
1096,PORK,1.6942887,False,False,False,False
1097,MAGAZINE,9.481637e-06,False,False,False,False
1098,FACIAL TISS/DNR NAPKIN,2.1352642,False,True,False,True
1099,HISPANIC,1.0100485,True,True,False,True
1100,MEAT - SHELF STABLE,0.19478343,True,True,False,True
1101,FLUID MILK PRODUCTS,8.527237e-06,False,False,False,False
1102,ELECTRICAL SUPPPLIES,0.28835204,True,True,False,True
1103,YOGURT,2.5051496,True,True,False,True
1104,PORK,-0.27077514,False,False,False,False
1105,VEGETABLES SALAD,0.15434788,False,False,False,False
1106,DINNER SAUSAGE,1.57122,False,True,False,True
1107,WATER - CARBONATED/FLVRD DRINK,-2.5387692,True,True,False,True
1108,LUNCHMEAT,2.5864406,True,True,False,True
1109,FROZEN PIZZA,0.69160485,False,True,False,True
1110,BEANS - CANNED GLASS & MW,4.22015,False,True,False,True
1111,DELI MEATS,-0.2701895,True,True,False,True
1112,MISC. DAIRY,1.2193325,False,False,False,False
1113,MILK BY-PRODUCTS,1.0600471,True,True,False,True
1114,BREAD,-2.0999572,True,True,False,True
1115,PNT BTR/JELLY/JAMS,1.9557875,True,True,False,True
1116,BAKED BREAD/BUNS/ROLLS,0.70316476,True,True,False,True
1117,DRY MIX DESSERTS,1.4049412,False,False,False,False
1118,BAKED SWEET GOODS,0.44989687,True,True,False,True
1119,WATER - CARBONATED/FLVRD DRINK,4.149434e-37,True,True,False,True
1120,CHICKEN,2.6413736,False,False,False,False
1121,VEGETABLES - SHELF STABLE,0.5890441,True,True,False,True
1122,VEGETABLES - SHELF STABLE,0.47385862,True,True,False,True
1123,POPCORN,1.6717346,True,True,False,True
1124,CHEESE,0.8239864,True,True,False,True
1125,SALD DRSNG/SNDWCH SPRD,-5.30423e-37,True,True,False,True
1126,PASTA SAUCE,1.2715031,False,True,False,True
1127,BACON,3.303468,True,True,False,True
1128,SPICES & EXTRACTS,0.02416374,False,True,False,True
1129,SOFT DRINKS,1.2311406,False,False,True,True
1130,SOFT DRINKS,-0.92086416,False,False,True,True
1131,CRACKERS/MISC BKD FD,2.1919346,True,True,False,True
1132,VEGETABLES - SHELF STABLE,1.21374,True,True,False,True
1133,CHEESE,-0.03616722,True,True,False,True
1134,STONE FRUIT,-0.4292223,False,False,False,False
1135,SOUP,1.3158778,True,True,False,True
1136,BAKING MIXES,1.8879712,False,True,False,True
1137,MEAT - SHELF STABLE,1.3165947,True,True,False,True
1138,FRZN MEAT/MEAT DINNERS,0.950187,False,False,True,True
1139,DRY BN/VEG/POTATO/RICE,-0.19334723,True,True,False,True
1140,BAG SNACKS,-0.1737925,True,True,False,True
1141,BEANS - CANNED GLASS & MW,-0.824562,False,True,False,True
1142,FRZN MEAT/MEAT DINNERS,1.348666,False,False,True,True
1143,CHICKEN,0.92356753,False,False,False,False
1144,PAPER TOWELS,-1.7862862,False,False,False,False
1145,CONDIMENTS/SAUCES,4.72266,True,True,False,True
1146,BAKED BREAD/BUNS/ROLLS,0.23668876,True,True,False,True
1147,BAG SNACKS,0.3082548,True,True,False,True
1148,REFRGRATD DOUGH PRODUCTS,2.2718818,False,True,False,True
1149,PASTA SAUCE,-0.595726,False,True,False,True
1150,COFFEE,1.2746842,True,True,False,True
1151,CANDY - PACKAGED,4.371382,True,True,False,True
1152,FROZEN PIZZA,1.1388874,False,True,False,True
1153,SOUP,1.3061262,True,True,False,True
1154,BAKED SWEET GOODS,1.4984566,True,True,False,True
1155,OLIVES,0.07283899,True,True,False,True
1156,ROLLS,0.012822059,False,False,True,True
1157,BAKED BREAD/BUNS/ROLLS,1.245745,True,True,False,True
1158,CAT LITTER,3.9140654,True,True,False,True
1159,BAG SNACKS,1.063618,True,True,False,True
1160,STONE FRUIT,0.5889495,False,False,False,False
1161,MARGARINES,2.4301405,True,True,False,True
1162,MEAT - MISC,2.3660336,True,True,False,True
1163,COLD CEREAL,3.919953,True,True,False,True
1164,BREAKFAST SAUSAGE/SANDWICHES,0.35016447,True,True,False,True
1165,BEANS - CANNED GLASS & MW,1.3473166,False,True,False,True
1166,SALADS/DIPS,0.63988435,False,False,False,False
1167,YOGURT,2.1101007,True,True,False,True
1168,CHEESE,0.5856465,True,True,False,True
1169,CAT FOOD,0.57698715,False,False,False,False
1170,DRY NOODLES/PASTA,1.5686425,True,True,False,True
1171,MEAT - SHELF STABLE,-0.3716446,True,True,False,True
1172,POTATOES,0.6155936,False,False,False,False
1173,REFRGRATD JUICES/DRNKS,1.1985258,True,True,False,True
1174,SHORTENING/OIL,-0.17319109,True,True,False,True
1175,YOGURT,1.9052607,True,True,False,True
1176,REFRGRATD JUICES/DRNKS,-1.3765451,True,True,False,True
1177,SOFT DRINKS,1.138274,False,False,True,True
1178,CANDY - CHECKLANE,0.56042916,True,True,False,True
1179,MISC. DAIRY,-0.14377683,False,False,False,False
1180,COFFEE,0.8138279,True,True,False,True
1181,SOFT DRINKS,1.3558347,False,False,True,True
1182,BABY FOODS,1.918343,False,False,False,False
1183,CHEESE,0.25391382,True,True,False,True
1184,PWDR/CRYSTL DRNK MX,0.40586817,False,False,False,False
1185,BAKED BREAD/BUNS/ROLLS,0.92339057,True,True,False,True
1186,DRY NOODLES/PASTA,1.6671668,True,True,False,True
1187,BAKED SWEET GOODS,2.2527025,True,True,False,True
1188,DRY NOODLES/PASTA,2.0709517,True,True,False,True
1189,VALUE ADDED FRUIT,0.17251438,False,False,False,False
1190,BABY FOODS,0.06038646,False,False,False,False
1191,TROPICAL FRUIT,7.2713146,False,False,False,False
1192,DOG FOODS,0.5863812,False,False,False,False
1193,CARROTS,0.61469126,False,False,False,False
1194,MARGARINES,1.3001215,True,True,False,True
1195,VEGETABLES - SHELF STABLE,-1.0452741,True,True,False,True
1196,CRACKERS/MISC BKD FD,2.001502,True,True,False,True
1197,DINNER MXS:DRY,0.5567233,True,True,False,True
1198,APPLES,-0.07629384,False,False,False,False
1199,COOKIES/CONES,0.81346387,True,True,False,True
1200,FRZN MEAT/MEAT DINNERS,1.2459632,False,False,True,True
1201,LAUNDRY ADDITIVES,3.614688,True,True,False,True
1202,MEAT - SHELF STABLE,0.92572135,True,True,False,True
1203,BEANS - CANNED GLASS & MW,0.6867465,False,True,False,True
1204,BAKED SWEET GOODS,0.90191644,True,True,False,True
1205,LUNCHMEAT,1.6254145,True,True,False,True
1206,WATER - CARBONATED/FLVRD DRINK,1.2476175,True,True,False,True
1207,PEARS,0.24500059,False,False,False,False
1208,CANDY - CHECKLANE,1.4990245,True,True,False,True
1209,CONVENIENT BRKFST/WHLSM SNACKS,1.4683295,True,True,False,True
1210,REFRGRATD JUICES/DRNKS,2.4472413,True,True,False,True
1211,FRUIT - SHELF STABLE,2.156986,False,True,False,True
1212,DINNER MXS:DRY,0.66435134,True,True,False,True
1213,CIGARETTES,1.2854363,False,False,False,False
1214,BEEF,0.02268167,True,True,False,True
1215,FRZN VEGETABLE/VEG DSH,0.8815709,True,True,False,True
1216,CHEESE,3.961487,True,True,False,True
1217,FRZN MEAT/MEAT DINNERS,0.04805088,False,False,True,True
1218,PWDR/CRYSTL DRNK MX,-0.8564939,False,False,False,False
1219,FROZEN PIE/DESSERTS,0.618939,False,False,False,False
1220,FRZN MEAT/MEAT DINNERS,1.7578535,False,False,True,True
1221,PAPER HOUSEWARES,2.2289393,True,True,False,True
1222,DRY SAUCES/GRAVY,1.9474156,False,True,False,True
1223,SOUP,1.4764256,True,True,False,True
1224,BEANS - CANNED GLASS & MW,1.341234,False,True,False,True
1225,BAKED BREAD/BUNS/ROLLS,0.6228129,True,True,False,True
1226,SOUP,0.95132786,True,True,False,True
1227,BROCCOLI/CAULIFLOWER,0.017283207,False,False,False,False
1228,FD WRAPS/BAGS/TRSH BG,1.4406482,True,True,False,True
1229,VALUE ADDED FRUIT,0.016099423,False,False,False,False
1230,CONVENIENT BRKFST/WHLSM SNACKS,1.7894703,True,True,False,True
1231,CANDY - PACKAGED,1.8186603,True,True,False,True
1232,FRZN NOVELTIES/WTR ICE,1.242508,False,True,False,True
1233,SOUP,0.68705237,True,True,False,True
1234,WAREHOUSE SNACKS,2.390354e-37,True,True,False,True
1235,CANDY - CHECKLANE,0.71126443,True,True,False,True
1236,BERRIES,-1.5825772,False,False,False,False
1237,DRY MIX DESSERTS,1.4966245,False,False,False,False
1238,PWDR/CRYSTL DRNK MX,0.48497427,False,False,False,False
1239,FD WRAPS/BAGS/TRSH BG,1.1679313,True,True,False,True
1240,SOUP,1.2434106,True,True,False,True
1241,MEAT - MISC,2.8026454,True,True,False,True
1242,MUSHROOMS,1.3913072,True,True,False,True
1243,ROLLS,0.80702806,False,False,True,True
1244,FROZEN PIZZA,2.822885,False,True,False,True
1245,VEGETABLES SALAD,1.1814429,False,False,False,False
1246,FRZN MEAT/MEAT DINNERS,1.645011,False,False,True,True
1247,BREAD,1.5682312,True,True,False,True
1248,COLD CEREAL,1.7507652,True,True,False,True
1249,YOGURT,-1.0802758,True,True,False,True
1250,CRACKERS/MISC BKD FD,0.28527954,True,True,False,True
1251,PNT BTR/JELLY/JAMS,1.2019552,True,True,False,True
1252,REFRGRATD DOUGH PRODUCTS,2.2430983,False,True,False,True
1253,PNT BTR/JELLY/JAMS,1.7297248,True,True,False,True
1254,VEGETABLES - SHELF STABLE,1.0718818,True,True,False,True
1255,SEAFOOD - FROZEN,2.0852313,False,False,False,False
1256,YOGURT,-1.2579467,True,True,False,True
1257,HISPANIC,0.52333784,True,True,False,True
1258,DELI MEATS,0.54923385,True,True,False,True
1259,APPLES,2.662013,False,False,False,False
1260,BEANS - CANNED GLASS & MW,1.1051908,False,True,False,True
1261,FRZN MEAT/MEAT DINNERS,0.16419931,False,False,True,True
1262,MARGARINES,0.20256418,True,True,False,True
1263,FRZN MEAT/MEAT DINNERS,1.0034343,False,False,True,True
1264,DINNER SAUSAGE,2.573044,False,True,False,True
1265,YOGURT,1.8966712,True,True,False,True
1266,COLD CEREAL,2.135834,True,True,False,True
1267,PICKLE/RELISH/PKLD VEG,2.1563036,True,True,False,True
1268,FRZN VEGETABLE/VEG DSH,1.0635368,True,True,False,True
1269,VEGETABLES - SHELF STABLE,0.0986443,True,True,False,True
1270,VEGETABLES - SHELF STABLE,1.0350267,True,True,False,True
1271,MISC. DAIRY,3.008632,False,False,False,False
1272,SUGARS/SWEETNERS,-0.10372796,True,True,False,True
1273,VEGETABLES - ALL OTHERS,0.22583885,False,False,False,False
1274,WATER - CARBONATED/FLVRD DRINK,0.31978843,True,True,False,True
1275,BREAD,-0.2823702,True,True,False,True
1276,FROZEN MEAT,1.6448467,True,True,False,True
1277,CAT FOOD,0.89842075,False,False,False,False
1278,BAG SNACKS,3.262939,True,True,False,True
1279,BAKING MIXES,1.9652091,False,True,False,True
1280,PNT BTR/JELLY/JAMS,3.6305208,True,True,False,True
1281,PNT BTR/JELLY/JAMS,0.5769265,True,True,False,True
1282,FROZEN MEAT,1.6346092,True,True,False,True
1283,FROZEN PIZZA,3.542744,False,True,False,True
1284,BEERS/ALES,1.5602945,False,True,False,True
1285,BATH TISSUES,2.0036058,False,False,False,False
1286,FD WRAPS/BAGS/TRSH BG,1.2846327,True,True,False,True
1287,GRAPES,0.7188588,False,False,False,False
1288,BAKING MIXES,-0.48167953,False,True,False,True
1289,REFRGRATD JUICES/DRNKS,1.8247807,True,True,False,True
1290,REFRGRATD JUICES/DRNKS,1.2793386,True,True,False,True
1291,CAT FOOD,1.5188429,False,False,False,False
1292,BAKED BREAD/BUNS/ROLLS,1.7033119,True,True,False,True
1293,CHEESE,0.1468175,True,True,False,True
1294,ICE CREAM/MILK/SHERBTS,2.081877,True,True,False,True
1295,FD WRAPS/BAGS/TRSH BG,-0.08962663,True,True,False,True
1296,FROZEN PIZZA,1.5754426,False,True,False,True
1297,BAKED BREAD/BUNS/ROLLS,1.5230201,True,True,False,True
1298,HISPANIC,1.2260884,True,True,False,True
1299,FROZEN PIZZA,2.1768088,False,True,False,True
1300,BAKING NEEDS,0.8747333,False,True,False,True
1301,LUNCHMEAT,9.926764e-37,True,True,False,True
1302,CANDY - CHECKLANE,1.4903013,True,True,False,True
1303,REFRGRATD DOUGH PRODUCTS,2.0780966,False,True,False,True
1304,CANNED JUICES,2.9188073,False,True,False,True
1305,SOUP,2.6437886,True,True,False,True
1306,MEAT - SHELF STABLE,-0.18829508,True,True,False,True
1307,FD WRAPS/BAGS/TRSH BG,0.6677601,True,True,False,True
1308,FRUIT - SHELF STABLE,1.6692075,False,True,False,True
1309,BACON,1.9286413,True,True,False,True
1310,POTATOES,0.74997735,False,False,False,False
1311,YOGURT,0.843538,True,True,False,True
1312,CHEESE,0.9758243,True,True,False,True
1313,YOGURT,2.112429,True,True,False,True
1314,LUNCHMEAT,1.7333647,True,True,False,True
1315,FLUID MILK PRODUCTS,1.8862951,False,False,False,False
1316,FRZN MEAT/MEAT DINNERS,1.7642602,False,False,True,True
1317,HISPANIC,-5.9090605,True,True,False,True
1318,CITRUS,0.21146844,False,True,False,True
1319,FRZN JCE CONC/DRNKS,0.19411767,False,False,False,False
1320,BREAKFAST SAUSAGE/SANDWICHES,1.352985,True,True,False,True
1321,CANDY - PACKAGED,0.5648078,True,True,False,True
1322,ICE CREAM/MILK/SHERBTS,1.2802607,True,True,False,True
1323,MILK BY-PRODUCTS,0.23697905,True,True,False,True
1324,CONVENIENT BRKFST/WHLSM SNACKS,2.5213575,True,True,False,True
1325,SALAD MIX,4.014698,False,False,False,False
1326,CRACKERS/MISC BKD FD,-0.3393403,True,True,False,True
1327,REFRGRATD DOUGH PRODUCTS,1.9327468,False,True,False,True
1328,FLOUR & MEALS,0.6043354,False,False,False,False
1329,SOFT DRINKS,1.4370056,False,False,True,True
1330,COUPON/MISC ITEMS,-0.042237017,False,False,False,False
1331,PAPER HOUSEWARES,1.0278652,True,True,False,True
1332,FRZN MEAT/MEAT DINNERS,0.22468105,False,False,True,True
1333,APPLES,0.22491226,False,False,False,False
1334,CONVENIENT BRKFST/WHLSM SNACKS,1.676491,True,True,False,True
1335,CONDIMENTS/SAUCES,1.13556,True,True,False,True
1336,HISPANIC,1.71484,True,True,False,True
1337,REFRGRATD JUICES/DRNKS,1.4335113,True,True,False,True
1338,HOT DOGS,1.6323628,True,True,False,True
1339,DRY SAUCES/GRAVY,0.055087633,False,True,False,True
1340,BAG SNACKS,1.3734571,True,True,False,True
1341,ICE CREAM/MILK/SHERBTS,2.223646,True,True,False,True
1342,DRY BN/VEG/POTATO/RICE,1.7140403,True,True,False,True
1343,CHEESES,-0.15630245,False,False,False,False
1344,CANDY - CHECKLANE,0.8931994,True,True,False,True
1345,FLUID MILK PRODUCTS,0.4451738,False,False,False,False
1346,BEERS/ALES,0.33256063,False,True,False,True
1347,COOKIES/CONES,0.50958204,True,True,False,True
1348,MEAT - MISC,1.445994,True,True,False,True
1349,BEANS - CANNED GLASS & MW,-0.64286244,False,True,False,True
1350,CIGARETTES,-1.4495734,False,False,False,False
1351,DRY BN/VEG/POTATO/RICE,1.0163919,True,True,False,True
1352,SEAFOOD - SHELF STABLE,1.9272257,True,True,False,True
1353,PWDR/CRYSTL DRNK MX,0.102014616,False,False,False,False
1354,FRZN MEAT/MEAT DINNERS,2.1084194,False,False,True,True
1355,DINNER MXS:DRY,0.9650834,True,True,False,True
1356,BAKED BREAD/BUNS/ROLLS,1.3439817,True,True,False,True
1357,COOKIES,1.0749061,False,False,False,False
1358,FRZN NOVELTIES/WTR ICE,1.9476187,False,True,False,True
1359,CHEESE,0.99118084,True,True,False,True
1360,SOUP,2.95113,True,True,False,True
1361,FROZEN PIZZA,1.3379236,False,True,False,True
1362,LAUNDRY DETERGENTS,1.2841249,False,False,False,False
1363,WATER - CARBONATED/FLVRD DRINK,1.5303403e-05,True,True,False,True
1364,BEANS - CANNED GLASS & MW,3.0108418,False,True,False,True
1365,CANNED JUICES,1.2267623,False,True,False,True
1366,SOUP,1.3771139,True,True,False,True
1367,CORN,1.8504597,False,True,False,True
1368,CAT FOOD,1.2726809,False,False,False,False
1369,CANNED JUICES,1.5590361,False,True,False,True
1370,WATER - CARBONATED/FLVRD DRINK,1.6631649,True,True,False,True
1371,BABY FOODS,0.7052153,False,False,False,False
1372,FRZN NOVELTIES/WTR ICE,0.22333828,False,True,False,True
1373,VEGETABLES - SHELF STABLE,0.50435746,True,True,False,True
1374,VEGETABLES - SHELF STABLE,1.347055,True,True,False,True
1375,BAKED SWEET GOODS,1.039733e-36,True,True,False,True
1376,DINNER SAUSAGE,3.8162258,False,True,False,True
1377,DOG FOODS,1.1822441,False,False,False,False
1378,LUNCHMEAT,0.4892547,True,True,False,True
1379,SQUASH,0.8240895,False,False,False,False
1380,SOUP,-0.06271465,True,True,False,True
1381,VEGETABLES - ALL OTHERS,-1.7996926,False,False,False,False
1382,GREETING CARDS/WRAP/PARTY SPLY,-0.26616862,False,False,False,False
1383,LUNCHMEAT,1.759223,True,True,False,True
1384,FRZN MEAT/MEAT DINNERS,1.3778259,False,False,True,True
1385,PASTA SAUCE,0.9458095,False,True,False,True
1386,LUNCHMEAT,2.4435294,True,True,False,True
1387,CONDIMENTS/SAUCES,1.0829264,True,True,False,True
1388,MILK BY-PRODUCTS,1.3501105,True,True,False,True
1389,CHICKEN,0.96728337,False,False,False,False
1390,COOKIES/CONES,1.2218068,True,True,False,True
1391,BAG SNACKS,0.14727521,True,True,False,True
1392,WATER - CARBONATED/FLVRD DRINK,1.025139,True,True,False,True
1393,SOFT DRINKS,2.1976705,False,False,True,True
1394,FRZN NOVELTIES/WTR ICE,0.39742622,False,True,False,True
1395,VALUE ADDED FRUIT,-0.089976445,False,False,False,False
1396,BAKING NEEDS,1.157223,False,True,False,True
1397,FRZN VEGETABLE/VEG DSH,1.3725542,True,True,False,True
1398,CANNED JUICES,0.4374932,False,True,False,True
1399,ONIONS,-0.106402725,False,False,False,False
1400,FROZEN PIZZA,1.8658979,False,True,False,True
1401,CANDY - PACKAGED,1.3468382,True,True,False,True
1402,HISPANIC,-0.06413966,True,True,False,True
1403,MUSHROOMS,3.017626e-06,True,True,False,True
1404,APPLES,0.22713982,False,False,False,False
1405,DRY BN/VEG/POTATO/RICE,0.9217066,True,True,False,True
1406,CONDIMENTS/SAUCES,2.4372036,True,True,False,True
1407,DRY NOODLES/PASTA,0.08735045,True,True,False,True
1408,WAREHOUSE SNACKS,3.0539567,True,True,False,True
1409,ORGANICS FRUIT & VEGETABLES,1.6354202,True,True,False,True
1410,LUNCHMEAT,0.06471129,True,True,False,True
1411,DINNER MXS:DRY,1.0094931,True,True,False,True
1412,SALD DRSNG/SNDWCH SPRD,-7.6077895e-06,True,True,False,True
1413,CHEESE,2.1806307,True,True,False,True
1414,BAKED SWEET GOODS,1.517971,True,True,False,True
1415,PAPER HOUSEWARES,0.73011696,True,True,False,True
1416,BABY FOODS,-0.44132626,False,False,False,False
1417,PWDR/CRYSTL DRNK MX,0.3428067,False,False,False,False
1418,CHEESES,-0.21860264,False,False,False,False
1419,YOGURT,0.6276198,True,True,False,True
1420,BAKED SWEET GOODS,1.1364664,True,True,False,True
1421,CONDIMENTS/SAUCES,0.0785928,True,True,False,True
1422,CONDIMENTS/SAUCES,2.2696059,True,True,False,True
1423,BAKED BREAD/BUNS/ROLLS,0.9667011,True,True,False,True
1424,CHEESE,0.62135214,True,True,False,True
1425,SALD DRSNG/SNDWCH SPRD,0.80054235,True,True,False,True
1426,YOGURT,0.8680231,True,True,False,True
1427,CONVENIENT BRKFST/WHLSM SNACKS,2.255799,True,True,False,True
1428,REFRGRATD DOUGH PRODUCTS,1.433092,False,True,False,True
1429,FRZN MEAT/MEAT DINNERS,2.0470238,False,False,True,True
1430,SOUP,1.9132056,True,True,False,True
1431,DRY MIX DESSERTS,1.0463326,False,False,False,False
1432,ICE CREAM/MILK/SHERBTS,2.2008734,True,True,False,True
1433,SUGARS/SWEETNERS,1.9306215,True,True,False,True
1434,CHICKEN,1.508728,False,False,False,False
1435,SOFT DRINKS,1.8679649,False,False,True,True
1436,FRZN MEAT/MEAT DINNERS,2.0243092,False,False,True,True
1437,DELI MEATS,0.46742588,True,True,False,True
1438,REFRGRATD JUICES/DRNKS,3.1465244,True,True,False,True
1439,SOFT DRINKS,-0.16022587,False,False,True,True
1440,SOFT DRINKS,2.2011712,False,False,True,True
1441,MILK BY-PRODUCTS,0.7809693,True,True,False,True
1442,SOFT DRINKS,1.0200177,False,False,True,True
1443,SOFT DRINKS,-0.14581901,False,False,True,True
1444,BAKING NEEDS,6.0899215,False,True,False,True
1445,FRZN MEAT/MEAT DINNERS,2.1383183,False,False,True,True
1446,HEAT/SERVE,0.75573194,True,True,False,True
1447,FRZN NOVELTIES/WTR ICE,2.5028315,False,True,False,True
1448,SMOKED MEATS,1.197071,False,False,True,False
1449,PWDR/CRYSTL DRNK MX,0.29438543,False,False,False,False
1450,FROZEN PIZZA,0.035585266,False,True,False,True
1451,REFRGRATD JUICES/DRNKS,1.9591963,True,True,False,True
1452,BEEF,0.46201998,True,True,False,True
1453,MEAT - SHELF STABLE,-0.25514668,True,True,False,True
1454,FRZN MEAT/MEAT DINNERS,0.62305427,False,False,True,True
1455,PASTA SAUCE,1.8609486,False,True,False,True
1456,CIGARETTES,1.2755702,False,False,False,False
1457,MILK BY-PRODUCTS,0.024507638,True,True,False,True
1458,SPICES & EXTRACTS,1.078331,False,True,False,True
1459,CHEESE,1.0786473,True,True,False,True
1460,CHEESE,0.6688456,True,True,False,True
1461,DRY NOODLES/PASTA,-0.80519384,True,True,False,True
1462,DRY BN/VEG/POTATO/RICE,-0.30425617,True,True,False,True
1463,FROZEN PIE/DESSERTS,0.55606747,False,False,False,False
1464,CONVENIENT BRKFST/WHLSM SNACKS,1.2595575,True,True,False,True
1465,MOLASSES/SYRUP/PANCAKE MIXS,1.0897704,False,False,False,False
1466,BAG SNACKS,0.37687492,True,True,False,True
1467,CIGARETTES,-0.20163754,False,False,False,False
1468,FROZEN PIZZA,1.4632006,False,True,False,True
1469,SOUP,1.2273144,True,True,False,True
1470,FRZN VEGETABLE/VEG DSH,0.5395233,True,True,False,True
1471,FRZN MEAT/MEAT DINNERS,1.4386889,False,False,True,True
1472,BLEACH,0.62370485,False,True,False,True
1473,GRAPES,0.46255714,False,False,False,False
1474,MARGARINES,1.3549776,True,True,False,True
1475,SOUP,-0.97597986,True,True,False,True
1476,MARGARINES,1.9757636,True,True,False,True
1477,WATER - CARBONATED/FLVRD DRINK,4.538015,True,True,False,True
1478,SHORTENING/OIL,0.3437625,True,True,False,True
1479,REFRGRATD DOUGH PRODUCTS,2.083676,False,True,False,True
1480,BEERS/ALES,-1.8018826,False,True,False,True
1481,REFRGRATD JUICES/DRNKS,0.82251114,True,True,False,True
1482,SOUP,0.15023975,True,True,False,True
1483,FROZEN PIZZA,-0.71352696,False,True,False,True
1484,CITRUS,4.205083,False,True,False,True
1485,SOUP,-1.1188325,True,True,False,True
1486,BAKED BREAD/BUNS/ROLLS,0.4118675,True,True,False,True
1487,ROSES,2.0089335,,,,
1488,FRUIT - SHELF STABLE,1.6867695,False,True,False,True
1489,HISPANIC,-0.6380328,True,True,False,True
1490,FRZN NOVELTIES/WTR ICE,1.3053877,False,True,False,True
1491,HISPANIC,0.6951943,True,True,False,True
1492,SOFT DRINKS,1.4662429,False,False,True,True
1493,COLD CEREAL,2.198662,True,True,False,True
1494,TEAS,0.05737059,False,False,False,False
1495,CHEESES,0.4130412,False,False,False,False
1496,REFRGRATD DOUGH PRODUCTS,1.8057996,False,True,False,True
1497,SOFT DRINKS,0.5050743,False,False,True,True
1498,FRZN VEGETABLE/VEG DSH,1.3923594,True,True,False,True
1499,MEAT - SHELF STABLE,1.165671,True,True,False,True
1500,SOAP - LIQUID & BAR,1.5517297,False,False,False,False
1501,CANDY - CHECKLANE,0.5101658,True,True,False,True
1502,BAKING MIXES,-0.92852354,False,True,False,True
1503,COLD CEREAL,2.5373065,True,True,False,True
1504,FRUIT - SHELF STABLE,1.1535382,False,True,False,True
1505,COLD CEREAL,1.5522597,True,True,False,True
1506,FLUID MILK PRODUCTS,1.5905504,False,False,False,False
1507,VEGETABLES - ALL OTHERS,0.29892436,False,False,False,False
1508,LUNCHMEAT,0.9675838,True,True,False,True
1509,REFRIGERATED,1.7203002,True,True,False,True
1510,BEERS/ALES,2.5575013,False,True,False,True
1511,DELI MEATS,0.33914062,True,True,False,True
1512,MEAT - SHELF STABLE,0.46093047,True,True,False,True
1513,FROZEN BREAD/DOUGH,0.5278301,True,True,False,True
1514,BAG SNACKS,0.7448621,True,True,False,True
1515,BACON,0.42470923,True,True,False,True
1516,SOUP,0.2645312,True,True,False,True
1517,BEANS - CANNED GLASS & MW,0.20489441,False,True,False,True
1518,LAUNDRY ADDITIVES,-2.315578e-06,True,True,False,True
1519,POTATOES,-0.28033733,False,False,False,False
1520,DRY NOODLES/PASTA,2.383442,True,True,False,True
1521,YOGURT,1.460066,True,True,False,True
1522,VEGETABLES - SHELF STABLE,-0.04374635,True,True,False,True
1523,DELI MEATS,-0.4929524,True,True,False,True
1524,FROZEN MEAT,0.3435171,True,True,False,True
1525,FRZN MEAT/MEAT DINNERS,1.6980531,False,False,True,True
1526,BAG SNACKS,-0.6028263,True,True,False,True
1527,ICE CREAM/MILK/SHERBTS,0.6390825,True,True,False,True
1528,CHEESE,1.5047792,True,True,False,True
1529,FRZN MEAT/MEAT DINNERS,1.5248927,False,False,True,True
1530,REFRGRATD JUICES/DRNKS,0.5491898,True,True,False,True
1531,REFRGRATD JUICES/DRNKS,1.0934528,True,True,False,True
1532,BAKED BREAD/BUNS/ROLLS,1.9766524,True,True,False,True
1533,BREAKFAST SAUSAGE/SANDWICHES,3.0513246,True,True,False,True
1534,COLD CEREAL,2.8806677,True,True,False,True
1535,SHORTENING/OIL,1.8755456e-05,True,True,False,True
1536,EGGS,2.5634985,False,True,False,True
1537,COLD CEREAL,0.4752902,True,True,False,True
1538,FRZN BREAKFAST FOODS,2.1916363,True,True,False,True
1539,CANNED JUICES,1.6555245,False,True,False,True
1540,CANDY - CHECKLANE,1.7370368,True,True,False,True
1541,HISPANIC,-3.6546905,True,True,False,True
1542,BACON,1.3102937,True,True,False,True
1543,APPLES,1.9616147,False,False,False,False
1544,SOUP,1.2299671,True,True,False,True
1545,CONVENIENT BRKFST/WHLSM SNACKS,1.559542,True,True,False,True
1546,APPLES,-2.8690283,False,False,False,False
1547,MARGARINES,2.156834,True,True,False,True
1548,DRY NOODLES/PASTA,1.3186909,True,True,False,True
1549,BAKING NEEDS,1.449917,False,True,False,True
1550,FRZN BREAKFAST FOODS,2.1758428,True,True,False,True
1551,BAKED SWEET GOODS,0.34586927,True,True,False,True
1552,PEPPERS-ALL,1.2894993,False,False,False,False
1553,BREAKFAST SWEETS,1.3874805,False,False,False,False
1554,HOT DOGS,1.176506,True,True,False,True
1555,BAG SNACKS,1.2395567,True,True,False,True
1556,COLD CEREAL,2.5921843,True,True,False,True
1557,FROZEN BREAD/DOUGH,1.3812107,True,True,False,True
1558,PROCESSED,-0.3997565,False,False,False,False
1559,BAKED SWEET GOODS,1.2172384,True,True,False,True
1560,CANDY - CHECKLANE,1.3683932,True,True,False,True
1561,COLD CEREAL,0.24446952,True,True,False,True
1562,FROZEN PIZZA,1.9322549,False,True,False,True
1563,COLD CEREAL,1.6513491,True,True,False,True
1564,PASTA SAUCE,-0.32739654,False,True,False,True
1565,SUGARS/SWEETNERS,2.3696163,True,True,False,True
1566,COLD CEREAL,-0.27758303,True,True,False,True
1567,FRZN VEGETABLE/VEG DSH,0.6923247,True,True,False,True
1568,FRZN MEAT/MEAT DINNERS,2.2725956,False,False,True,True
1569,COOKIES/CONES,2.0283687,True,True,False,True
1570,WATER,1.3730793,False,False,False,False
1571,SALAD BAR,-0.21267503,False,False,False,False
1572,BABY FOODS,2.0366075,False,False,False,False
1573,CANDY - CHECKLANE,1.0053576,True,True,False,True
1574,DRY NOODLES/PASTA,0.7525262,True,True,False,True
1575,COLD CEREAL,3.8794723,True,True,False,True
1576,CHEESE,0.39303386,True,True,False,True
1577,SOFT DRINKS,-0.025643503,False,False,True,True
1578,BAKED SWEET GOODS,-1.3108631,True,True,False,True
1579,SOFT DRINKS,2.09822,False,False,True,True
1580,FRZN NOVELTIES/WTR ICE,1.2451847,False,True,False,True
1581,FRZN BREAKFAST FOODS,2.0940824,True,True,False,True
1582,SOUP,0.3270517,True,True,False,True
1583,POPCORN,1.6954521,True,True,False,True
1584,SEAFOOD - SHELF STABLE,1.3279688,True,True,False,True
1585,HOT DOGS,0.9411418,True,True,False,True
1586,SOFT DRINKS,-0.72290576,False,False,True,True
1587,MARGARINES,2.713962,True,True,False,True
1588,DELI MEATS,0.4958718,True,True,False,True
1589,CHEESE,1.3367622,True,True,False,True
1590,FRZN MEAT/MEAT DINNERS,1.6230165,False,False,True,True
1591,SOUP,0.38451502,True,True,False,True
1592,SOUP,0.8399558,True,True,False,True
1593,HISPANIC,-0.4894087,True,True,False,True
1594,DRY NOODLES/PASTA,1.5311208,True,True,False,True
1595,SUGARS/SWEETNERS,2.085647,True,True,False,True
1596,MEAT - SHELF STABLE,1.9181473,True,True,False,True
1597,PASTA SAUCE,-0.0298794,False,True,False,True
1598,BAG SNACKS,2.2955143,True,True,False,True
1599,WAREHOUSE SNACKS,2.4467313,True,True,False,True
1600,BAKED SWEET GOODS,3.0658562,True,True,False,True
1601,YOGURT,0.906626,True,True,False,True
1602,SOFT DRINKS,1.6366502,False,False,True,True
1603,ORGANICS FRUIT & VEGETABLES,-0.613539,True,True,False,True
1604,APPLES,0.0078060967,False,False,False,False
1605,BABY FOODS,0.35139033,False,False,False,False
1606,PROCESSED,0.09552964,False,False,False,False
1607,ICE CREAM/MILK/SHERBTS,2.6616814,True,True,False,True
1608,CHEESE,-0.08692196,True,True,False,True
1609,REFRGRATD JUICES/DRNKS,0.23993835,True,True,False,True
1610,CANNED JUICES,1.0805612,False,True,False,True
1611,BACON,0.90239036,True,True,False,True
1612,DRY BN/VEG/POTATO/RICE,0.8015062,True,True,False,True
1613,CONDIMENTS/SAUCES,1.3556075,True,True,False,True
1614,SALD DRSNG/SNDWCH SPRD,2.1430943,True,True,False,True
1615,DINNER SAUSAGE,0.07717359,False,True,False,True
1616,BAKED BREAD/BUNS/ROLLS,3.2463222,True,True,False,True
1617,SOUP,1.0245179,True,True,False,True
1618,REFRGRATD DOUGH PRODUCTS,0.45751795,False,True,False,True
1619,PAPER HOUSEWARES,1.4132379,True,True,False,True
1620,DINNER MXS:DRY,1.6222652,True,True,False,True
1621,FRZN VEGETABLE/VEG DSH,0.81453776,True,True,False,True
1622,NUTS,-0.110115185,False,False,False,False
1623,SOUP,1.1044321,True,True,False,True
1624,YOGURT,3.1913292,True,True,False,True
1625,STONE FRUIT,1.2013553,False,False,False,False
1626,DINNER MXS:DRY,0.53608596,True,True,False,True
1627,DRY SAUCES/GRAVY,0.1950258,False,True,False,True
1628,FROZEN PIZZA,2.4020464,False,True,False,True
1629,BAG SNACKS,-3.0479244e-37,True,True,False,True
1630,FRZN MEAT/MEAT DINNERS,0.26432717,False,False,True,True
1631,ONIONS,0.21724756,False,False,False,False
1632,SQUASH,0.07538087,False,False,False,False
1633,BACON,2.5780957,True,True,False,True
1634,LUNCHMEAT,2.1052783,True,True,False,True
1635,MEAT - SHELF STABLE,1.5654598,True,True,False,True
1636,FRZN MEAT/MEAT DINNERS,1.8883581,False,False,True,True
1637,FRZN BREAKFAST FOODS,1.6603546,True,True,False,True
1638,BAG SNACKS,-1.1803898e-36,True,True,False,True
1639,MARGARINES,2.134619,True,True,False,True
1640,BAG SNACKS,0.6404133,True,True,False,True
1641,SOFT DRINKS,0.75297695,False,False,True,True
1642,FRZN NOVELTIES/WTR ICE,0.3879474,False,True,False,True
1643,SOFT DRINKS,1.2652122,False,False,True,True
1644,SOUP,0.48164767,True,True,False,True
1645,WAREHOUSE SNACKS,6.0485554,True,True,False,True
1646,SOFT DRINKS,1.2450672,False,False,True,True
1647,CHEESE,-1.1075045,True,True,False,True
1648,MEAT - SHELF STABLE,1.2344866,True,True,False,True
1649,COFFEE FILTERS,1.060686,False,False,False,False
1650,HISPANIC,-0.06890775,True,True,False,True
1651,CONVENIENT BRKFST/WHLSM SNACKS,-1.3558701,True,True,False,True
1652,YOGURT,2.4494328,True,True,False,True
1653,VEGETABLES - ALL OTHERS,0.2127142,False,False,False,False
1654,FRUIT - SHELF STABLE,1.2583041,False,True,False,True
1655,FD WRAPS/BAGS/TRSH BG,1.0042506,True,True,False,True
1656,MILK BY-PRODUCTS,0.99019027,True,True,False,True
1657,SOFT DRINKS,2.1358743,False,False,True,True
1658,FD WRAPS/BAGS/TRSH BG,-0.62197715,True,True,False,True
1659,CHEESE,0.5807701,True,True,False,True
1660,BAG SNACKS,2.2977948,True,True,False,True
1661,DRY BN/VEG/POTATO/RICE,1.3578169,True,True,False,True
1662,HOT DOGS,2.392685,True,True,False,True
1663,DELI MEATS,0.23393708,True,True,False,True
1664,SALADS/DIPS,0.3594267,False,False,False,False
1665,BACON,2.7928355,True,True,False,True
1666,BAKING NEEDS,2.7211788,False,True,False,True
1667,WAREHOUSE SNACKS,9.349584e-37,True,True,False,True
1668,CRACKERS/MISC BKD FD,2.5476882,True,True,False,True
1669,BATH TISSUES,2.571905,False,False,False,False
1670,FRUIT - SHELF STABLE,1.3691502,False,True,False,True
1671,DRY BN/VEG/POTATO/RICE,0.33728874,True,True,False,True
1672,STONE FRUIT,0.024375478,False,False,False,False
1673,DELI MEATS,-0.13193767,True,True,False,True
1674,DISHWASH DETERGENTS,1.230242,False,False,False,False
1675,COOKIES/CONES,4.364854e-37,True,True,False,True
1676,SOFT DRINKS,-0.7807705,False,False,True,True
1677,CHEESE,1.3695426,True,True,False,True
1678,REFRGRATD JUICES/DRNKS,2.5242784,True,True,False,True
1679,BAKED BREAD/BUNS/ROLLS,2.5456452,True,True,False,True
1680,REFRGRATD JUICES/DRNKS,3.27279,True,True,False,True
1681,SOFT DRINKS,1.9084952,False,False,True,True
1682,FRZN VEGETABLE/VEG DSH,0.13180849,True,True,False,True
1683,CHICKEN,1.0203458,False,False,False,False
1684,FRZN POTATOES,1.5436066,False,True,False,True
1685,SOFT DRINKS,3.1461387,False,False,True,True
1686,FRUIT - SHELF STABLE,2.2336607,False,True,False,True
1687,DRY SAUCES/GRAVY,0.39839008,False,True,False,True
1688,BAKED BREAD/BUNS/ROLLS,-2.8975935,True,True,False,True
1689,FROZEN PIZZA,1.4507959,False,True,False,True
1690,PWDR/CRYSTL DRNK MX,0.7362762,False,False,False,False
1691,DELI MEATS,0.43043897,True,True,False,True
1692,SALD DRSNG/SNDWCH SPRD,0.54269147,True,True,False,True
1693,PNT BTR/JELLY/JAMS,3.5804324,True,True,False,True
1694,CANDY - CHECKLANE,0.45826387,True,True,False,True
1695,MEAT - SHELF STABLE,-0.90589327,True,True,False,True
1696,REFRGRATD JUICES/DRNKS,-2.5679777,True,True,False,True
1697,FROZEN BREAD/DOUGH,3.4952881,True,True,False,True
1698,SOFT DRINKS,0.74502766,False,False,True,True
1699,HOT CEREAL,1.9341426,True,True,False,True
1700,COFFEE,1.6675172,True,True,False,True
1701,PASTA SAUCE,2.0255575,False,True,False,True
1702,BACON,2.9189932,True,True,False,True
1703,FLUID MILK PRODUCTS,1.4840572,False,False,False,False
1704,CANDY - CHECKLANE,0.5342008,True,True,False,True
1705,BEANS - CANNED GLASS & MW,2.2984428,False,True,False,True
1706,FRZN MEAT/MEAT DINNERS,1.216661,False,False,True,True
1707,SALD DRSNG/SNDWCH SPRD,2.5254722,True,True,False,True
1708,DRY NOODLES/PASTA,2.0755544,True,True,False,True
1709,FRZN VEGETABLE/VEG DSH,-0.95768857,True,True,False,True
1710,FROZEN PIZZA,1.2843007,False,True,False,True
1711,FLUID MILK PRODUCTS,-0.2005793,False,False,False,False
1712,DINNER MXS:DRY,1.1512496,True,True,False,True
1713,BACON,0.5053148,True,True,False,True
1714,PASTA SAUCE,3.040361,False,True,False,True
1715,DRY BN/VEG/POTATO/RICE,1.8092132,True,True,False,True
1716,FRZN NOVELTIES/WTR ICE,2.2823503,False,True,False,True
1717,SHORTENING/OIL,2.363316,True,True,False,True
1718,BACON,3.2659004,True,True,False,True
1719,HISPANIC,0.639455,True,True,False,True
1720,COOKIES/CONES,2.7267656,True,True,False,True
1721,OLIVES,1.7496946,True,True,False,True
1722,PAPER HOUSEWARES,0.63217163,True,True,False,True
1723,BAKING NEEDS,2.3594522,False,True,False,True
1724,BEANS - CANNED GLASS & MW,0.79238915,False,True,False,True
1725,CANNED JUICES,1.6222957,False,True,False,True
1726,REFRGRATD JUICES/DRNKS,2.1547146,True,True,False,True
1727,FROZEN PIZZA,1.6403913,False,True,False,True
1728,CANDY - CHECKLANE,1.3782624,True,True,False,True
1729,BREAD,0.67432696,True,True,False,True
1730,FROZEN PIZZA,2.1142378,False,True,False,True
1731,PASTA SAUCE,3.4542391,False,True,False,True
1732,MEAT - SHELF STABLE,1.4665941,True,True,False,True
1733,DELI MEATS,-0.16003454,True,True,False,True
1734,BEEF,0.30946615,True,True,False,True
1735,BEANS - CANNED GLASS & MW,1.2663416,False,True,False,True
1736,CAT FOOD,0.32134205,False,False,False,False
1737,DRIED FRUIT,2.602333,True,True,False,True
1738,SEAFOOD - SHELF STABLE,1.6389763,True,True,False,True
1739,SALAD MIX,1.7712069,False,False,False,False
1740,FROZEN MEAT,-0.14601484,True,True,False,True
1741,AIR CARE,2.9108164,False,False,False,False
1742,ISOTONIC DRINKS,4.299124,False,False,False,False
1743,FRZN POTATOES,1.205811,False,True,False,True
1744,VEGETABLES - SHELF STABLE,1.5240823,True,True,False,True
1745,FLUID MILK PRODUCTS,1.235055,False,False,False,False
1746,DISHWASH DETERGENTS,1.1830914,False,False,False,False
1747,BABY FOODS,-0.12072615,False,False,False,False
1748,VEGETABLES - SHELF STABLE,1.1059321,True,True,False,True
1749,FRZN MEAT/MEAT DINNERS,1.0432712,False,False,True,True
1750,WATER,1.7644631,False,False,False,False
1751,FRZN VEGETABLE/VEG DSH,2.2627485,True,True,False,True
1752,PLASTIC HOUSEWARES,0.8202261,,,,
1753,VEGETABLES - ALL OTHERS,-0.030501291,False,False,False,False
1754,REFRGRATD JUICES/DRNKS,1.5314375,True,True,False,True
1755,LAUNDRY DETERGENTS,1.1269075,False,False,False,False
1756,APPLES,0.1239406,False,False,False,False
1757,WATER - CARBONATED/FLVRD DRINK,-4.7678353e-37,True,True,False,True
1758,CHICKEN,1.2254189,False,False,False,False
1759,BABY FOODS,0.85841,False,False,False,False
1760,LIQUOR,0.61244464,,,,
1761,PORK,0.015844235,False,False,False,False
1762,FRUIT - SHELF STABLE,0.7079362,False,True,False,True
1763,FRZN POTATOES,2.0384521,False,True,False,True
1764,BAG SNACKS,1.2020956,True,True,False,True
1765,VEGETABLES - SHELF STABLE,2.556918,True,True,False,True
1766,REFRGRATD DOUGH PRODUCTS,3.157738,False,True,False,True
1767,DISHWASH DETERGENTS,-0.6561145,False,False,False,False
1768,PASTA SAUCE,0.8761668,False,True,False,True
1769,BAKING NEEDS,1.6471766,False,True,False,True
1770,SALD DRSNG/SNDWCH SPRD,2.3229952,True,True,False,True
1771,LUNCHMEAT,1.6394706,True,True,False,True
1772,COFFEE,0.8857129,True,True,False,True
1773,CHEESE,2.8617158,True,True,False,True
1774,HEAT/SERVE,1.3588208,True,True,False,True
1775,BAKING NEEDS,1.3664175,False,True,False,True
1776,LUNCHMEAT,1.3809607,True,True,False,True
1777,FRZN MEAT/MEAT DINNERS,0.30548266,False,False,True,True
1778,WAREHOUSE SNACKS,3.2001286,True,True,False,True
1779,FRZN MEAT/MEAT DINNERS,1.5191072,False,False,True,True
1780,DELI MEATS,0.026537579,True,True,False,True
1781,PAPER HOUSEWARES,-0.7349541,True,True,False,True
1782,MELONS,2.1697989,False,False,False,False
1783,CANNED JUICES,-1.8254905e-37,False,True,False,True
1784,FRZN MEAT/MEAT DINNERS,0.981964,False,False,True,True
1785,SHORTENING/OIL,1.4572592,True,True,False,True
1786,BAKED SWEET GOODS,2.850043,True,True,False,True
1787,ISOTONIC DRINKS,4.517933,False,False,False,False
1788,FROZEN PIZZA,1.8810252,False,True,False,True
1789,FRZN MEAT/MEAT DINNERS,0.97411346,False,False,True,True
1790,DISHWASH DETERGENTS,2.3053057,False,False,False,False
1791,WATER - CARBONATED/FLVRD DRINK,4.386041,True,True,False,True
1792,CANDY - CHECKLANE,0.6541488,True,True,False,True
1793,BAKING NEEDS,-0.536104,False,True,False,True
1794,FRZN MEAT/MEAT DINNERS,0.044282325,False,False,True,True
1795,COFFEE,1.4067572,True,True,False,True
1796,COOKIES/CONES,3.4065964,True,True,False,True
1797,SALADS/DIPS,0.5987266,False,False,False,False
1798,CONDIMENTS/SAUCES,0.4081777,True,True,False,True
1799,CRACKERS/MISC BKD FD,2.536771,True,True,False,True
1800,LUNCHMEAT,1.7721372,True,True,False,True
1801,CHEESE,1.1183438,True,True,False,True
1802,BAKING MIXES,2.513126,False,True,False,True
1803,SPICES & EXTRACTS,3.05415,False,True,False,True
1804,SOFT DRINKS,0.026764661,False,False,True,True
1805,REFRGRATD JUICES/DRNKS,1.4664274,True,True,False,True
1806,BAKED SWEET GOODS,8.097215,True,True,False,True
1807,PASTA SAUCE,1.8449118,False,True,False,True
1808,SALD DRSNG/SNDWCH SPRD,1.6477565,True,True,False,True
1809,MILK BY-PRODUCTS,-0.52325433,True,True,False,True
1810,CANDY - PACKAGED,2.7963245,True,True,False,True
1811,FRZN MEAT/MEAT DINNERS,0.35147718,False,False,True,True
1812,PEPPERS-ALL,1.6232029,False,False,False,False
1813,FROZEN PIZZA,1.6848592,False,True,False,True
1814,PICKLE/RELISH/PKLD VEG,1.5692747,True,True,False,True
1815,CHEESE,0.56056607,True,True,False,True
1816,FRZN MEAT/MEAT DINNERS,1.1740655,False,False,True,True
1817,FROZEN PIZZA,1.7062252,False,True,False,True
1818,CRACKERS/MISC BKD FD,0.95107216,True,True,False,True
1819,REFRGRATD DOUGH PRODUCTS,2.02759,False,True,False,True
1820,CONVENIENT BRKFST/WHLSM SNACKS,2.416148,True,True,False,True
1821,CANDY - PACKAGED,0.022550054,True,True,False,True
1822,BEEF,0.44135848,True,True,False,True
1823,FRZN VEGETABLE/VEG DSH,-0.2903104,True,True,False,True
1824,BEEF,-0.0031962553,True,True,False,True
1825,FROZEN PIZZA,0.8139732,False,True,False,True
1826,PAPER HOUSEWARES,1.0462308,True,True,False,True
1827,DRY BN/VEG/POTATO/RICE,2.6548913,True,True,False,True
1828,FRUIT - SHELF STABLE,0.54010665,False,True,False,True
1829,COLD CEREAL,2.5155046,True,True,False,True
1830,DINNER SAUSAGE,0.1317484,False,True,False,True
1831,YOGURT,2.3822417,True,True,False,True
1832,COLD CEREAL,0.5659316,True,True,False,True
1833,DRY NOODLES/PASTA,1.1381557,True,True,False,True
1834,CHEESE,-0.016808666,True,True,False,True
1835,CONVENIENT BRKFST/WHLSM SNACKS,1.1020151,True,True,False,True
1836,REFRGRATD JUICES/DRNKS,2.621517,True,True,False,True
1837,APPLES,-0.006848832,False,False,False,False
1838,FRZN MEAT/MEAT DINNERS,1.3882538,False,False,True,True
1839,MILK BY-PRODUCTS,1.9444797,True,True,False,True
1840,MEAT - SHELF STABLE,2.6509254,True,True,False,True
1841,CHICKEN/POULTRY,1.0089021,False,False,False,False
1842,CHEESE,1.7935373,True,True,False,True
1843,MOLASSES/SYRUP/PANCAKE MIXS,1.2375246,False,False,False,False
1844,BEANS - CANNED GLASS & MW,1.4355103,False,True,False,True
1845,BAKING MIXES,0.71732944,False,True,False,True
1846,FROZEN BREAD/DOUGH,2.4704661,True,True,False,True
1847,AIR CARE,1.8782287,False,False,False,False
1848,HOT CEREAL,-0.52265424,True,True,False,True
1849,BEEF,2.52948,True,True,False,True
1850,CRACKERS/MISC BKD FD,0.36081356,True,True,False,True
1851,MOLASSES/SYRUP/PANCAKE MIXS,1.7738508,False,False,False,False
1852,BEEF,1.6699648,True,True,False,True
1853,MEAT - SHELF STABLE,1.7304424,True,True,False,True
1854,MISC. DAIRY,-0.21980731,False,False,False,False
1855,VEGETABLES - SHELF STABLE,1.3917191,True,True,False,True
1856,FROZEN MEAT,1.395716,True,True,False,True
1857,FRUIT - SHELF STABLE,2.2527304,False,True,False,True
1858,DRY BN/VEG/POTATO/RICE,-1.2810837,True,True,False,True
1859,SALD DRSNG/SNDWCH SPRD,0.15398373,True,True,False,True
1860,LUNCHMEAT,1.9110454,True,True,False,True
1861,FRZN FRUITS,1.0023224,False,False,False,False
1862,PASTA SAUCE,1.4505807,False,True,False,True
1863,FROZEN PIZZA,-0.22579451,False,True,False,True
1864,FD WRAPS/BAGS/TRSH BG,1.8912054,True,True,False,True
1865,CAT FOOD,-0.35834542,False,False,False,False
1866,SOFT DRINKS,-1.4724867,False,False,True,True
1867,CANNED JUICES,3.4553003,False,True,False,True
1868,SOFT DRINKS,0.58406305,False,False,True,True
1869,PORK,2.9227023,False,False,False,False
1870,CANDY - PACKAGED,1.7219819,True,True,False,True
1871,SALAD MIX,1.6900066,False,False,False,False
1872,CONVENIENT BRKFST/WHLSM SNACKS,1.1787487,True,True,False,True
1873,FRZN MEAT/MEAT DINNERS,1.5700856,False,False,True,True
1874,BREAKFAST SAUSAGE/SANDWICHES,7.3802,True,True,False,True
1875,FRUIT - SHELF STABLE,1.4906616,False,True,False,True
1876,DELI MEATS,-0.22744633,True,True,False,True
1877,COOKIES,1.0117688,False,False,False,False
1878,FLUID MILK PRODUCTS,-0.5308079,False,False,False,False
1879,REFRIGERATED,1.8405898,True,True,False,True
1880,BAKED BREAD/BUNS/ROLLS,1.1599482,True,True,False,True
1881,HOT CEREAL,-0.58660305,True,True,False,True
1882,BEEF,2.3027601,True,True,False,True
1883,VEGETABLES - SHELF STABLE,2.2944484,True,True,False,True
1884,TICKETS,-0.18495576,,,,
1885,BAKING MIXES,-0.5880826,False,True,False,True
1886,ROLLS,0.63325846,False,False,True,True
1887,HOT DOGS,0.38033628,True,True,False,True
1888,BATTERIES,1.9452643,False,False,False,False
1889,INFANT FORMULA,0.08232434,False,False,False,False
1890,HISPANIC,0.38764963,True,True,False,True
1891,PNT BTR/JELLY/JAMS,2.8297012,True,True,False,True
1892,BREAKFAST SWEETS,0.9193888,False,False,False,False
1893,CAT FOOD,0.4910565,False,False,False,False
1894,CANDY - CHECKLANE,1.1089672,True,True,False,True
1895,MOLASSES/SYRUP/PANCAKE MIXS,-0.3008999,False,False,False,False
1896,FROZEN PIE/DESSERTS,-0.3845946,False,False,False,False
1897,DINNER SAUSAGE,1.700006,False,True,False,True
1898,SOUP,2.8517728,True,True,False,True
1899,ICE CREAM/MILK/SHERBTS,1.8565955,True,True,False,True
1900,CANDY - PACKAGED,2.0879002,True,True,False,True
1901,CANNED JUICES,1.5013742,False,True,False,True
1902,MILK BY-PRODUCTS,1.4697787,True,True,False,True
1903,MOLASSES/SYRUP/PANCAKE MIXS,0.33665994,False,False,False,False
1904,FROZEN PIE/DESSERTS,2.427593,False,False,False,False
1905,YOGURT,1.9607615,True,True,False,True
1906,BEEF,-9.385211,True,True,False,True
1907,SEAFOOD - FROZEN,0.46509248,False,False,False,False
1908,MEAT - SHELF STABLE,1.6738713,True,True,False,True
1909,BAKED BREAD/BUNS/ROLLS,0.31870964,True,True,False,True
1910,BREAKFAST SAUSAGE/SANDWICHES,2.3368795,True,True,False,True
1911,FRZN NOVELTIES/WTR ICE,1.077776,False,True,False,True
1912,CORN,2.473729,False,True,False,True
1913,BEERS/ALES,2.682211,False,True,False,True
1914,YOGURT,1.7860818,True,True,False,True
1915,DOG FOODS,0.2678915,False,False,False,False
1916,FRZN MEAT/MEAT DINNERS,0.5997512,False,False,True,True
1917,SALD DRSNG/SNDWCH SPRD,1.7129632,True,True,False,True
1918,REFRGRATD DOUGH PRODUCTS,2.1429775,False,True,False,True
1919,CHEESE,0.8805941,True,True,False,True
1920,FRUIT - SHELF STABLE,1.731471,False,True,False,True
1921,VEGETABLES - ALL OTHERS,1.042227,False,False,False,False
1922,PWDR/CRYSTL DRNK MX,0.10231028,False,False,False,False
1923,BREAKFAST SAUSAGE/SANDWICHES,1.3861903,True,True,False,True
1924,BAKED BREAD/BUNS/ROLLS,1.3000437,True,True,False,True
1925,WAREHOUSE SNACKS,3.0760467,True,True,False,True
1926,HISPANIC,-1.9268777e-36,True,True,False,True
1927,YOGURT,1.9280343,True,True,False,True
1928,YOGURT,1.0795419,True,True,False,True
1929,FRZN NOVELTIES/WTR ICE,2.5308852,False,True,False,True
1930,LUNCHMEAT,1.8438299e-36,True,True,False,True
1931,VEGETABLES - SHELF STABLE,0.9610845,True,True,False,True
1932,FRZN POTATOES,1.3998939,False,True,False,True
1933,POTATOES,-6.4482794,False,False,False,False
1934,VEGETABLES - SHELF STABLE,0.6923292,True,True,False,True
1935,BAKED SWEET GOODS,5.032425,True,True,False,True
1936,DELI MEATS,-0.38649195,True,True,False,True
1937,FRZN POTATOES,-0.16257943,False,True,False,True
1938,COLD CEREAL,2.7596872,True,True,False,True
1939,DINNER MXS:DRY,1.067827,True,True,False,True
1940,FROZEN MEAT,1.4229546,True,True,False,True
1941,LAUNDRY DETERGENTS,1.0344226,False,False,False,False
1942,DRY NOODLES/PASTA,-0.08138147,True,True,False,True
1943,REFRGRATD DOUGH PRODUCTS,0.016605018,False,True,False,True
1944,SOUP,1.4375852,True,True,False,True
1945,BAKED BREAD/BUNS/ROLLS,-0.0029341409,True,True,False,True
1946,FRUIT - SHELF STABLE,3.3961933,False,True,False,True
1947,FRZN BREAKFAST FOODS,0.83416426,True,True,False,True
1948,FRZN MEAT/MEAT DINNERS,0.1096879,False,False,True,True
1949,FRZN BREAKFAST FOODS,1.3871228,True,True,False,True
1950,PAPER TOWELS,0.8147643,False,False,False,False
1951,SALADS/DIPS,-0.14786695,False,False,False,False
1952,DELI MEATS,0.07378939,True,True,False,True
1953,MOLASSES/SYRUP/PANCAKE MIXS,0.7443208,False,False,False,False
1954,SOUP,0.28183386,True,True,False,True
1955,PASTA SAUCE,0.37598324,False,True,False,True
1956,WATER,3.1188776,False,False,False,False
1957,COFFEE,1.0292776,True,True,False,True
1958,SPICES & EXTRACTS,-1.4714854e-05,False,True,False,True
1959,FD WRAPS/BAGS/TRSH BG,7.1488276,True,True,False,True
1960,FRUIT - SHELF STABLE,3.0995333,False,True,False,True
1961,FRZN MEAT/MEAT DINNERS,2.188068,False,False,True,True
1962,FLUID MILK PRODUCTS,0.6275224,False,False,False,False
1963,COLD CEREAL,2.7442446,True,True,False,True
1964,CRACKERS/MISC BKD FD,2.0406065,True,True,False,True
1965,CANDY - PACKAGED,1.0978501,True,True,False,True
1966,SOFT DRINKS,1.0901006,False,False,True,True
1967,CHEESE,0.27157336,True,True,False,True
1968,DRY SAUCES/GRAVY,3.0078847,False,True,False,True
1969,DINNER MXS:DRY,1.360465,True,True,False,True
1970,BAKED SWEET GOODS,1.6759036,True,True,False,True
1971,CRACKERS/MISC BKD FD,0.26117674,True,True,False,True
1972,PICKLE/RELISH/PKLD VEG,0.4863675,True,True,False,True
1973,FRZN MEAT/MEAT DINNERS,2.9641013,False,False,True,True
1974,FLUID MILK PRODUCTS,0.47877613,False,False,False,False
1975,FRZN MEAT/MEAT DINNERS,1.2585977,False,False,True,True
1976,CHICKEN,1.1866904,False,False,False,False
1977,BEEF,0.8716387,True,True,False,True
1978,BEANS - CANNED GLASS & MW,1.3484781,False,True,False,True
1979,BAKED BREAD/BUNS/ROLLS,0.58637244,True,True,False,True
1980,MARGARINES,0.84754795,True,True,False,True
1981,CANNED JUICES,2.4708762,False,True,False,True
1982,CANDY - CHECKLANE,1.0090419,True,True,False,True
1983,FD WRAPS/BAGS/TRSH BG,1.4752516,True,True,False,True
1984,MEAT - SHELF STABLE,2.4782631,True,True,False,True
1985,BAKED BREAD/BUNS/ROLLS,1.655034,True,True,False,True
1986,SOFT DRINKS,0.8599612,False,False,True,True
1987,FLUID MILK PRODUCTS,-1.6681136,False,False,False,False
1988,FROZEN PIZZA,2.2714243,False,True,False,True
1989,FROZEN PIZZA,2.0502863,False,True,False,True
1990,VEGETABLES SALAD,0.070809424,False,False,False,False
1991,WATER - CARBONATED/FLVRD DRINK,5.0013123,True,True,False,True
1992,LUNCHMEAT,2.1465716,True,True,False,True
1993,STONE FRUIT,-0.5470634,False,False,False,False
1994,FROZEN BREAD/DOUGH,1.1539958,True,True,False,True
1995,NEWSPAPER,3.1484057e-38,False,False,False,False
1996,CITRUS,1.6904955,False,True,False,True
1997,FRZN ICE,-6.037684,False,False,False,False
1998,FRUIT - SHELF STABLE,2.9583385,False,True,False,True
1999,BLEACH,2.0873618,False,True,False,True
2000,FACIAL TISS/DNR NAPKIN,2.292192,False,True,False,True
2001,DOG FOODS,1.5762044,False,False,False,False
2002,FROZEN PIZZA,2.6491182,False,True,False,True
2003,SOUP,-0.20460853,True,True,False,True
2004,BAKED SWEET GOODS,1.8300992,True,True,False,True
2005,CANNED JUICES,2.736901,False,True,False,True
2006,PASTA SAUCE,0.68077856,False,True,False,True
2007,BAKED BREAD/BUNS/ROLLS,1.1914853,True,True,False,True
2008,HISPANIC,-0.3684825,True,True,False,True
2009,YOGURT,1.488642,True,True,False,True
2010,COLD CEREAL,1.1016583,True,True,False,True
2011,BAKED BREAD/BUNS/ROLLS,1.725703,True,True,False,True
2012,LAUNDRY DETERGENTS,3.572423,False,False,False,False
2013,CHEESES,-0.15040423,False,False,False,False
2014,LUNCHMEAT,-1.2971256,True,True,False,True
2015,BEERS/ALES,2.0465047,False,True,False,True
2016,CANNED JUICES,3.0273764,False,True,False,True
2017,CHEESE,1.2238653,True,True,False,True
2018,BAKED BREAD/BUNS/ROLLS,3.1028576,True,True,False,True
2019,LUNCHMEAT,1.74143,True,True,False,True
2020,VEGETABLES - SHELF STABLE,0.46598864,True,True,False,True
2021,SOUP,2.8463373,True,True,False,True
2022,FRZN VEGETABLE/VEG DSH,1.0995702,True,True,False,True
2023,BAKED BREAD/BUNS/ROLLS,-0.47855344,True,True,False,True
2024,SPRING/SUMMER SEASONAL,3.7285337e-37,,,,
2025,DINNER SAUSAGE,2.443606,False,True,False,True
2026,COLD CEREAL,1.0563736,True,True,False,True
2027,CANNED JUICES,2.8621762,False,True,False,True
2028,FROZEN PIZZA,2.1770458,False,True,False,True
2029,CANNED JUICES,2.236811,False,True,False,True
2030,REFRGRATD DOUGH PRODUCTS,0.40947205,False,True,False,True
2031,ICE CREAM/MILK/SHERBTS,1.0630753,True,True,False,True
2032,VEGETABLES - SHELF STABLE,3.808759,True,True,False,True
2033,FRZN POTATOES,1.2567384,False,True,False,True
2034,CONDIMENTS/SAUCES,-1.7488786,True,True,False,True
2035,ICE CREAM/MILK/SHERBTS,1.9674428,True,True,False,True
2036,WAREHOUSE SNACKS,3.4534154,True,True,False,True
2037,CARROTS,0.9757745,False,False,False,False
2038,FROZEN PIZZA,1.7532905,False,True,False,True
2039,DRY NOODLES/PASTA,1.910696,True,True,False,True
2040,PAPER TOWELS,3.425198,False,False,False,False
2041,OLIVES,1.6615226,True,True,False,True
2042,POTATOES,0.6542475,False,False,False,False
2043,WATER - CARBONATED/FLVRD DRINK,-1.148839e-06,True,True,False,True
2044,POPCORN,0.5984943,True,True,False,True
2045,AIR CARE,0.588966,False,False,False,False
2046,CHICKEN/POULTRY,0.70311654,False,False,False,False
2047,SOUP,9.45058e-06,True,True,False,True
2048,ICE CREAM/MILK/SHERBTS,0.9857595,True,True,False,True
2049,SOFT DRINKS,-0.5187889,False,False,True,True
2050,SOUP,-1.2118938,True,True,False,True
2051,BREAKFAST SAUSAGE/SANDWICHES,1.1602855,True,True,False,True
2052,WATER,2.316771,False,False,False,False
2053,DRY NOODLES/PASTA,1.9286085,True,True,False,True
2054,BAKED BREAD/BUNS/ROLLS,1.25173,True,True,False,True
2055,REFRIGERATED,3.157118,True,True,False,True
2056,TROPICAL FRUIT,0.7878624,False,False,False,False
2057,FRZN MEAT/MEAT DINNERS,1.4903558,False,False,True,True
2058,VEGETABLES - ALL OTHERS,1.0963295,False,False,False,False
2059,VEGETABLES - SHELF STABLE,1.8135582,True,True,False,True
2060,SUGARS/SWEETNERS,5.073168,True,True,False,True
2061,ICE CREAM/MILK/SHERBTS,0.9516864,True,True,False,True
2062,VEGETABLES - SHELF STABLE,0.5647276,True,True,False,True
2063,ICE CREAM/MILK/SHERBTS,2.4353871,True,True,False,True
2064,BAKED BREAD/BUNS/ROLLS,1.4878199,True,True,False,True
2065,CONVENIENT BRKFST/WHLSM SNACKS,2.4014666,True,True,False,True
2066,FRZN POTATOES,0.091605365,False,True,False,True
2067,CANNED JUICES,1.9152347,False,True,False,True
2068,DRY NOODLES/PASTA,-0.5330695,True,True,False,True
2069,FD WRAPS/BAGS/TRSH BG,0.9964656,True,True,False,True
2070,BAKED BREAD/BUNS/ROLLS,0.36572412,True,True,False,True
2071,MISC. DAIRY,1.5883118,False,False,False,False
2072,DRY BN/VEG/POTATO/RICE,1.3732775,True,True,False,True
2073,PICKLE/RELISH/PKLD VEG,2.4458518,True,True,False,True
2074,CIGARETTES,0.6057121,False,False,False,False
2075,SHORTENING/OIL,1.7854939,True,True,False,True
2076,PAPER TOWELS,-0.26308656,False,False,False,False
2077,POTATOES,0.35346633,False,False,False,False
2078,MILK BY-PRODUCTS,3.8218594,True,True,False,True
2079,CHEESE,0.30060327,True,True,False,True
2080,FRZN BREAKFAST FOODS,1.3905097,True,True,False,True
2081,VALUE ADDED FRUIT,0.1774329,False,False,False,False
2082,DRY NOODLES/PASTA,0.34713998,True,True,False,True
2083,CAT FOOD,0.42214,False,False,False,False
2084,CANDY - CHECKLANE,1.1159828,True,True,False,True
2085,CONVENIENT BRKFST/WHLSM SNACKS,1.4935687,True,True,False,True
2086,COLD CEREAL,3.2544196,True,True,False,True
2087,MAGAZINE,1.3503042e-37,False,False,False,False
2088,SEAFOOD - SHELF STABLE,5.512678,True,True,False,True
2089,FROZEN MEAT,1.7684249,True,True,False,True
2090,FROZEN PIZZA,0.36126485,False,True,False,True
2091,BAKED SWEET GOODS,0.31987306,True,True,False,True
2092,LUNCHMEAT,1.6662556,True,True,False,True
2093,MELONS,2.83841,False,False,False,False
2094,PASTA SAUCE,1.9930738,False,True,False,True
2095,BEANS - CANNED GLASS & MW,0.5659735,False,True,False,True
2096,FLUID MILK PRODUCTS,2.8144119,False,False,False,False
2097,BEANS - CANNED GLASS & MW,1.844687,False,True,False,True
2098,DRY BN/VEG/POTATO/RICE,-0.32389966,True,True,False,True
2099,DELI MEATS,-0.05069916,True,True,False,True
2100,HOT CEREAL,-0.12710437,True,True,False,True
2101,VEGETABLES - SHELF STABLE,0.28433746,True,True,False,True
2102,CHEESE,2.619301,True,True,False,True
2103,SOFT DRINKS,0.3766225,False,False,True,True
2104,CONVENIENT BRKFST/WHLSM SNACKS,1.3840213,True,True,False,True
2105,BAKING NEEDS,1.6159986,False,True,False,True
2106,TOMATOES,0.9544247,False,False,False,False
2107,CONDIMENTS/SAUCES,-1.0691696,True,True,False,True
2108,CANNED JUICES,2.874802,False,True,False,True
2109,SOFT DRINKS,2.256595,False,False,True,True
2110,SMOKED MEATS,0.84420776,False,False,True,False
2111,FROZEN BREAD/DOUGH,0.5639317,True,True,False,True
2112,COOKIES/CONES,0.32070372,True,True,False,True
2113,CAT FOOD,-0.31501958,False,False,False,False
2114,WATER - CARBONATED/FLVRD DRINK,3.9610753,True,True,False,True
2115,FRZN MEAT/MEAT DINNERS,1.8311527,False,False,True,True
2116,CAT FOOD,1.296401,False,False,False,False
2117,DINNER MXS:DRY,3.721591,True,True,False,True
2118,FRZN MEAT/MEAT DINNERS,2.2032175,False,False,True,True
2119,STONE FRUIT,0.45147142,False,False,False,False
2120,VEGETABLES - SHELF STABLE,0.7392342,True,True,False,True
2121,PAPER TOWELS,2.359846,False,False,False,False
2122,FROZEN PIZZA,3.1682622,False,True,False,True
2123,FLUID MILK PRODUCTS,0.5343272,False,False,False,False
2124,FRZN NOVELTIES/WTR ICE,2.2365658,False,True,False,True
2125,MEAT - MISC,1.6900105,True,True,False,True
2126,FRZN MEAT/MEAT DINNERS,0.6961606,False,False,True,True
2127,PASTA SAUCE,0.4051631,False,True,False,True
2128,BEEF,0.34208184,True,True,False,True
2129,REFRIGERATED,2.2205787,True,True,False,True
2130,FRZN MEAT/MEAT DINNERS,2.766242,False,False,True,True
2131,BEEF,0.80916834,True,True,False,True
2132,COLD CEREAL,1.525372,True,True,False,True
2133,DRY BN/VEG/POTATO/RICE,-0.3458536,True,True,False,True
2134,TROPICAL FRUIT,0.4965608,False,False,False,False
2135,HOUSEHOLD CLEANG NEEDS,0.7096753,False,False,False,False
2136,DINNER MXS:DRY,0.7933926,True,True,False,True
2137,LUNCHMEAT,1.959975,True,True,False,True
2138,BERRIES,-3.3324432,False,False,False,False
2139,PASTA SAUCE,2.7874858,False,True,False,True
2140,BAKED BREAD/BUNS/ROLLS,1.8886161,True,True,False,True
2141,YOGURT,2.098895,True,True,False,True
2142,ISOTONIC DRINKS,2.410769,False,False,False,False
2143,NEWSPAPER,-0.21618901,False,False,False,False
2144,BAG SNACKS,2.7485988,True,True,False,True
2145,HOT CEREAL,-1.1711832,True,True,False,True
2146,LUNCHMEAT,0.0026442597,True,True,False,True
2147,WATER - CARBONATED/FLVRD DRINK,-2.3151632e-37,True,True,False,True
2148,COFFEE FILTERS,0.4909804,False,False,False,False
2149,FROZEN PIZZA,1.974315,False,True,False,True
2150,FRZN MEAT/MEAT DINNERS,4.6161175,False,False,True,True
2151,SEAFOOD - FROZEN,0.8159488,False,False,False,False
2152,LUNCHMEAT,1.4518094,True,True,False,True
2153,CHICKEN,0.9596048,False,False,False,False
2154,ONIONS,-1.9332614,False,False,False,False
2155,HOT DOGS,1.4814351,True,True,False,True
2156,LUNCHMEAT,1.1966249,True,True,False,True
2157,CANNED MILK,2.5264244,False,False,False,False
2158,DINNER MXS:DRY,1.6174641,True,True,False,True
2159,PEPPERS-ALL,0.38432825,False,False,False,False
2160,MILK BY-PRODUCTS,1.3310262,True,True,False,True
2161,YOGURT,0.045085907,True,True,False,True
2162,ONIONS,0.22078387,False,False,False,False
2163,BEANS - CANNED GLASS & MW,1.9245784,False,True,False,True
2164,BAKING NEEDS,-0.9149488,False,True,False,True
2165,FROZEN MEAT,1.0128127,True,True,False,True
2166,SOUP,1.129454,True,True,False,True
2167,DRY BN/VEG/POTATO/RICE,-0.004833282,True,True,False,True
2168,SOUP,2.47846,True,True,False,True
2169,CHICKEN,0.88157886,False,False,False,False
2170,TOBACCO OTHER,1.4267726,,,,
2171,CANDY - CHECKLANE,0.84612346,True,True,False,True
2172,SUGARS/SWEETNERS,2.1263173,True,True,False,True
2173,SOUP,3.6608639,True,True,False,True
2174,CHEESE,1.2430776,True,True,False,True
2175,DRY SAUCES/GRAVY,-0.11419481,False,True,False,True
2176,CONDIMENTS/SAUCES,0.24504767,True,True,False,True
2177,CONDIMENTS/SAUCES,2.894063,True,True,False,True
2178,SHORTENING/OIL,2.1400113,True,True,False,True
2179,SQUASH,0.42222238,False,False,False,False
2180,COLD CEREAL,4.055606,True,True,False,True
2181,BABY FOODS,0.17947096,False,False,False,False
2182,BAKED BREAD/BUNS/ROLLS,1.0506272,True,True,False,True
2183,MILK BY-PRODUCTS,0.8732133,True,True,False,True
2184,CHEESES,-0.22610767,False,False,False,False
2185,CANNED JUICES,3.8773205,False,True,False,True
2186,PROCESSED,1.0574558,False,False,False,False
2187,FRZN MEAT/MEAT DINNERS,-0.14132765,False,False,True,True
2188,DRY BN/VEG/POTATO/RICE,-1.7475804,True,True,False,True
2189,CHICKEN,0.811903,False,False,False,False
2190,REFRGRATD JUICES/DRNKS,-1.0689359,True,True,False,True
2191,CANNED JUICES,1.7882342,False,True,False,True
2192,ISOTONIC DRINKS,1.5619134,False,False,False,False
2193,SOFT DRINKS,1.0783583,False,False,True,True
2194,BEERS/ALES,1.7089654,False,True,False,True
2195,CRACKERS/MISC BKD FD,2.417326,True,True,False,True
2196,CRACKERS/MISC BKD FD,2.9193175,True,True,False,True
2197,YOGURT,1.83657,True,True,False,True
2198,MARGARINES,-0.92188793,True,True,False,True
2199,BREAKFAST SAUSAGE/SANDWICHES,1.9664727,True,True,False,True
2200,PWDR/CRYSTL DRNK MX,0.1846015,False,False,False,False
2201,BAKING MIXES,1.9211931,False,True,False,True
2202,MARGARINES,2.0026813,True,True,False,True
2203,DRY SAUCES/GRAVY,2.4765124,False,True,False,True
2204,FRZN MEAT/MEAT DINNERS,0.77116793,False,False,True,True
2205,COOKIES/CONES,1.9159042,True,True,False,True
2206,ONIONS,0.45224395,False,False,False,False
2207,PNT BTR/JELLY/JAMS,2.651609,True,True,False,True
2208,LAUNDRY DETERGENTS,1.8990678,False,False,False,False
2209,PWDR/CRYSTL DRNK MX,0.7059906,False,False,False,False
2210,VEGETABLES - SHELF STABLE,1.3593004,True,True,False,True
2211,VEGETABLES - SHELF STABLE,1.4047538,True,True,False,True
2212,VEGETABLES - SHELF STABLE,2.1278095,True,True,False,True
2213,FD WRAPS/BAGS/TRSH BG,0.8655323,True,True,False,True
2214,SEAFOOD - FROZEN,2.0363503,False,False,False,False
2215,WAREHOUSE SNACKS,3.8504252,True,True,False,True
2216,CHICKEN/POULTRY,-0.19894576,False,False,False,False
2217,SALD DRSNG/SNDWCH SPRD,-1.5303991,True,True,False,True
2218,FRZN MEAT/MEAT DINNERS,2.0470965,False,False,True,True
2219,CONVENIENT BRKFST/WHLSM SNACKS,-1.6268622,True,True,False,True
2220,WATER - CARBONATED/FLVRD DRINK,0.9535464,True,True,False,True
2221,MILK BY-PRODUCTS,0.21592067,True,True,False,True
2222,BAKING MIXES,2.820664,False,True,False,True
2223,FRZN NOVELTIES/WTR ICE,-0.44534993,False,True,False,True
2224,LAXATIVES,9.991404e-37,,,,
2225,DIETARY AID PRODUCTS,-0.6740265,,,,
2226,HISPANIC,1.1872743,True,True,False,True
2227,SEAFOOD - SHELF STABLE,3.144381,True,True,False,True
2228,EASTER,-3.349233,,,,
2229,VEGETABLES - SHELF STABLE,0.080077015,True,True,False,True
2230,BAKED BREAD/BUNS/ROLLS,0.7012269,True,True,False,True
2231,SUGARS/SWEETNERS,1.9558041,True,True,False,True
2232,FRZN MEAT/MEAT DINNERS,1.8798416,False,False,True,True
2233,SOFT DRINKS,-0.21491532,False,False,True,True
2234,DRY BN/VEG/POTATO/RICE,0.47328803,True,True,False,True
2235,APPLES,-0.858482,False,False,False,False
2236,BUTTER,1.8895061,True,True,False,True
2237,FRZN MEAT/MEAT DINNERS,1.3305056,False,False,True,True
2238,VEGETABLES - SHELF STABLE,0.31151676,True,True,False,True
2239,SALD DRSNG/SNDWCH SPRD,1.1540201,True,True,False,True
2240,VEGETABLES - SHELF STABLE,0.28570604,True,True,False,True
2241,FACIAL TISS/DNR NAPKIN,0.7256031,False,True,False,True
2242,VEGETABLES - SHELF STABLE,1.0187817,True,True,False,True
2243,PAPER TOWELS,0.5553488,False,False,False,False
2244,YOGURT,4.002441,True,True,False,True
2245,FROZEN PIZZA,1.1525396,False,True,False,True
2246,WATER - CARBONATED/FLVRD DRINK,1.894168,True,True,False,True
2247,MILK BY-PRODUCTS,1.4900457,True,True,False,True
2248,CIGARETTES,0.24347207,False,False,False,False
2249,MARGARINES,1.4183282,True,True,False,True
2250,CHEESE,0.62531507,True,True,False,True
2251,DINNER MXS:DRY,0.7680688,True,True,False,True
2252,FRZN POTATOES,0.65448797,False,True,False,True
2253,CHEESE,0.18310302,True,True,False,True
2254,FRZN VEGETABLE/VEG DSH,0.71692425,True,True,False,True
2255,HOT DOGS,1.2565678,True,True,False,True
2256,FROZEN PIZZA,0.81490266,False,True,False,True
2257,ISOTONIC DRINKS,-0.49889275,False,False,False,False
2258,FRZN MEAT/MEAT DINNERS,2.9244208,False,False,True,True
2259,DRY NOODLES/PASTA,0.86105156,True,True,False,True
2260,BREAKFAST SAUSAGE/SANDWICHES,2.0173314,True,True,False,True
2261,CRACKERS/MISC BKD FD,2.6551354,True,True,False,True
2262,PASTA SAUCE,2.5810053,False,True,False,True
2263,FRUIT - SHELF STABLE,1.3828839,False,True,False,True
2264,COLD CEREAL,1.1035029,True,True,False,True
2265,BEANS - CANNED GLASS & MW,1.6331177,False,True,False,True
2266,SOFT DRINKS,0.7450671,False,False,True,True
2267,MISCELLANEOUS,0.6572245,False,False,False,False
2268,BABY FOODS,-0.07784346,False,False,False,False
2269,LUNCHMEAT,0.9591716,True,True,False,True
2270,BAKING NEEDS,1.2205215,False,True,False,True
2271,YOGURT,1.9658493,True,True,False,True
2272,HOT CEREAL,0.0026495093,True,True,False,True
2273,SOUP,-0.23515438,True,True,False,True
2274,ONIONS,-0.6359803,False,False,False,False
2275,SOUP,0.19456731,True,True,False,True
2276,CANNED JUICES,2.1940691,False,True,False,True
2277,BAKED BREAD/BUNS/ROLLS,1.0549439,True,True,False,True
2278,CRACKERS/MISC BKD FD,6.333664e-38,True,True,False,True
2279,BAG SNACKS,0.7530052,True,True,False,True
2280,PICKLE/RELISH/PKLD VEG,2.2135847,True,True,False,True
2281,VEGETABLES - SHELF STABLE,2.1254783,True,True,False,True
2282,MILK BY-PRODUCTS,0.15710346,True,True,False,True
2283,PASTA SAUCE,1.6624993,False,True,False,True
2284,CONDIMENTS/SAUCES,2.1516454,True,True,False,True
2285,FLORAL-FRESH CUT,0.84467816,False,False,False,False
2286,BAKED SWEET GOODS,0.8059969,True,True,False,True
2287,BREAKFAST SAUSAGE/SANDWICHES,1.4874209,True,True,False,True
2288,SEAFOOD - FROZEN,0.844911,False,False,False,False
2289,DRY BN/VEG/POTATO/RICE,0.58300126,True,True,False,True
2290,PASTA SAUCE,0.68410796,False,True,False,True
2291,BLEACH,2.4182413,False,True,False,True
2292,MARGARINES,1.362005,True,True,False,True
2293,DISHWASH DETERGENTS,3.0732636,False,False,False,False
2294,PAPER TOWELS,1.7272347,False,False,False,False
2295,FRUIT - SHELF STABLE,1.8620573,False,True,False,True
2296,EGGS,1.4824698,False,True,False,True
2297,DRY MIX DESSERTS,-0.367859,False,False,False,False
2298,SALD DRSNG/SNDWCH SPRD,2.2643054,True,True,False,True
2299,SOUP,1.7024792,True,True,False,True
2300,REFRGRATD JUICES/DRNKS,2.8434281,True,True,False,True
2301,FROZEN PIE/DESSERTS,-0.07757717,False,False,False,False
2302,INFANT FORMULA,0.057804428,False,False,False,False
2303,BAKED SWEET GOODS,3.1336083,True,True,False,True
2304,CONVENIENT BRKFST/WHLSM SNACKS,2.1141627,True,True,False,True
2305,LUNCHMEAT,1.628142,True,True,False,True
2306,FROZEN PIZZA,1.6088865,False,True,False,True
2307,HISPANIC,0.2121547,True,True,False,True
2308,FROZEN MEAT,1.5464846,True,True,False,True
2309,VEGETABLES - SHELF STABLE,2.2576692,True,True,False,True
2310,DRY MIX DESSERTS,3.1101763,False,False,False,False
2311,BREAKFAST SAUSAGE/SANDWICHES,2.1191015,True,True,False,True
2312,MEAT - SHELF STABLE,1.7287695,True,True,False,True
2313,FLUID MILK PRODUCTS,1.0882351,False,False,False,False
2314,DRY BN/VEG/POTATO/RICE,2.5788846,True,True,False,True
2315,SOFT DRINKS,2.479384,False,False,True,True
2316,VEGETABLES - SHELF STABLE,1.6909443,True,True,False,True
2317,FRUIT - SHELF STABLE,2.7120974,False,True,False,True
2318,FLUID MILK PRODUCTS,2.653859,False,False,False,False
2319,VALUE ADDED FRUIT,-0.18238421,False,False,False,False
2320,CANNED JUICES,2.0381403,False,True,False,True
2321,FLUID MILK PRODUCTS,1.7216122,False,False,False,False
2322,REFRGRATD JUICES/DRNKS,1.4750466,True,True,False,True
2323,DELI MEATS,0.57082444,True,True,False,True
2324,BABY FOODS,0.81045777,False,False,False,False
2325,CAT LITTER,0.28549525,True,True,False,True
2326,FROZEN BREAD/DOUGH,1.1124762,True,True,False,True
2327,ICE CREAM/MILK/SHERBTS,-2.0832536,True,True,False,True
2328,SEAFOOD - SHELF STABLE,1.8288344,True,True,False,True
2329,LUNCHMEAT,0.09953929,True,True,False,True
2330,REFRGRATD JUICES/DRNKS,-0.45665428,True,True,False,True
2331,HOUSEHOLD CLEANG NEEDS,0.7899308,False,False,False,False
2332,SALD DRSNG/SNDWCH SPRD,1.9746635,True,True,False,True
2333,COLD CEREAL,-0.22350894,True,True,False,True
2334,CHEESE,0.3842455,True,True,False,True
2335,HISPANIC,1.1122433,True,True,False,True
2336,PICKLE/RELISH/PKLD VEG,0.08495525,True,True,False,True
2337,COLD CEREAL,1.4043261,True,True,False,True
2338,LAUNDRY ADDITIVES,1.5678288,True,True,False,True
2339,DRY BN/VEG/POTATO/RICE,-4.999973,True,True,False,True
2340,MEAT - SHELF STABLE,0.9720354,True,True,False,True
2341,COCOA MIXES,0.58003515,False,True,False,True
2342,CHEESE,1.5678065,True,True,False,True
2343,SOFT DRINKS,2.0225816,False,False,True,True
2344,BAKED SWEET GOODS,2.3463283,True,True,False,True
2345,CHICKEN,1.8703887,False,False,False,False
2346,TEAS,-0.21650586,False,False,False,False
2347,FRZN MEAT/MEAT DINNERS,0.9113141,False,False,True,True
2348,COLD CEREAL,1.2616167,True,True,False,True
2349,BABY FOODS,-0.11703833,False,False,False,False
2350,CANDY - CHECKLANE,1.7486846,True,True,False,True
2351,KITCHEN GADGETS,0.8724017,,,,
2352,SOUP,0.36738795,True,True,False,True
2353,PREPARED FOOD,0.030517142,False,False,False,False
2354,CITRUS,-0.18051656,False,True,False,True
2355,MARGARINES,0.6431829,True,True,False,True
2356,FROZEN BREAD/DOUGH,1.7953837,True,True,False,True
2357,CRACKERS/MISC BKD FD,0.77121353,True,True,False,True
2358,DINNER MXS:DRY,-0.12821943,True,True,False,True
2359,DINNER SAUSAGE,1.4863237,False,True,False,True
2360,LUNCHMEAT,2.8374403,True,True,False,True
2361,CANDY - CHECKLANE,1.4910493,True,True,False,True
2362,DINNER MXS:DRY,0.73472947,True,True,False,True
2363,CHEESE,1.7154802,True,True,False,True
2364,FRZN POTATOES,0.072012,False,True,False,True
2365,CHEESE,1.4373984,True,True,False,True
2366,REFRGRATD DOUGH PRODUCTS,1.2484518,False,True,False,True
2367,VEGETABLES - ALL OTHERS,0.10676068,False,False,False,False
2368,VEGETABLES - SHELF STABLE,0.73891443,True,True,False,True
2369,CAT LITTER,0.13112162,True,True,False,True
2370,FRUIT - SHELF STABLE,1.0796502,False,True,False,True
2371,DRY NOODLES/PASTA,0.8569833,True,True,False,True
2372,COLD CEREAL,2.1094222,True,True,False,True
2373,VEGETABLES - SHELF STABLE,0.9934057,True,True,False,True
2374,LUNCHMEAT,-0.34435603,True,True,False,True
2375,ICE CREAM/MILK/SHERBTS,1.4338529,True,True,False,True
2376,DINNER SAUSAGE,-0.038864218,False,True,False,True
2377,PNT BTR/JELLY/JAMS,0.85409015,True,True,False,True
2378,LUNCHMEAT,1.0558207,True,True,False,True
2379,CRACKERS/MISC BKD FD,3.1095152,True,True,False,True
2380,CANNED JUICES,1.9242228,False,True,False,True
2381,BREAKFAST SAUSAGE/SANDWICHES,0.9819366,True,True,False,True
2382,PWDR/CRYSTL DRNK MX,0.31505242,False,False,False,False
2383,WATER - CARBONATED/FLVRD DRINK,2.661219,True,True,False,True
2384,SOFT DRINKS,0.93787825,False,False,True,True
2385,COLD CEREAL,1.1864866,True,True,False,True
2386,FRZN MEAT/MEAT DINNERS,0.114162356,False,False,True,True
2387,SOFT DRINKS,2.280855,False,False,True,True
2388,FRZN MEAT/MEAT DINNERS,2.1609383,False,False,True,True
2389,FLUID MILK PRODUCTS,1.4198856,False,False,False,False
2390,ONIONS,0.38282806,False,False,False,False
2391,MISC. DAIRY,0.5569424,False,False,False,False
2392,BAKING MIXES,2.2230802,False,True,False,True
2393,DINNER MXS:DRY,0.6652585,True,True,False,True
2394,CAT LITTER,1.304705,True,True,False,True
2395,COLD CEREAL,2.6712542,True,True,False,True
2396,MARGARINES,0.79845196,True,True,False,True
2397,COFFEE,0.1410653,True,True,False,True
2398,DRY BN/VEG/POTATO/RICE,1.2679493,True,True,False,True
2399,CHEESE,2.0841596,True,True,False,True
2400,FRZN MEAT/MEAT DINNERS,1.577605,False,False,True,True
2401,FROZEN BREAD/DOUGH,1.4359655,True,True,False,True
2402,CRACKERS/MISC BKD FD,2.4050012,True,True,False,True
2403,APPLES,1.041892,False,False,False,False
2404,CANDY - CHECKLANE,0.3246766,True,True,False,True
2405,FRUIT - SHELF STABLE,3.3903315,False,True,False,True
2406,SOUP,1.580685,True,True,False,True
2407,MISCELLANEOUS,0.11961965,False,False,False,False
2408,MUSHROOMS,2.3771079,True,True,False,True
2409,BAG SNACKS,0.0284931,True,True,False,True
2410,SOUP,1.0089293,True,True,False,True
2411,FRZN VEGETABLE/VEG DSH,1.2704656,True,True,False,True
2412,SHORTENING/OIL,2.5787401,True,True,False,True
2413,SALAD MIX,0.5364282,False,False,False,False
2414,FRZN NOVELTIES/WTR ICE,-0.4609575,False,True,False,True
2415,FLUID MILK PRODUCTS,1.5282322,False,False,False,False
2416,MEAT - SHELF STABLE,-0.9714808,True,True,False,True
2417,EGGS,3.052374,False,True,False,True
2418,FRZN NOVELTIES/WTR ICE,1.9906589,False,True,False,True
2419,SOFT DRINKS,0.8430176,False,False,True,True
2420,CHEESE,0.4027032,True,True,False,True
2421,REFRGRATD DOUGH PRODUCTS,2.7239027,False,True,False,True
2422,DRY BN/VEG/POTATO/RICE,1.0636567,True,True,False,True
2423,BAKED SWEET GOODS,0.7109442,True,True,False,True
2424,PASTA SAUCE,0.089725316,False,True,False,True
2425,CHEESE,-0.63073695,True,True,False,True
2426,CANDY - CHECKLANE,-0.025370857,True,True,False,True
2427,CHICKEN,0.91490704,False,False,False,False
2428,SOFT DRINKS,1.0339798,False,False,True,True
2429,HISPANIC,0.48769972,True,True,False,True
2430,FROZEN PIZZA,1.1271552,False,True,False,True
2431,SOUP,2.3834321,True,True,False,True
2432,MEAT - SHELF STABLE,-1.3904034,True,True,False,True
2433,FRZN POTATOES,1.738265,False,True,False,True
2434,FLUID MILK PRODUCTS,-0.63920224,False,False,False,False
2435,CANNED JUICES,-2.1674778,False,True,False,True
2436,CHEESE,1.7076753,True,True,False,True
2437,DRY SAUCES/GRAVY,3.7309823,False,True,False,True
2438,FRUIT - SHELF STABLE,1.6011271,False,True,False,True
2439,YOGURT,-0.74933964,True,True,False,True
2440,BATH TISSUES,1.4114894,False,False,False,False
2441,FROZEN PIE/DESSERTS,1.291668,False,False,False,False
2442,BAKED BREAD/BUNS/ROLLS,2.324385,True,True,False,True
2443,COLD CEREAL,2.486474,True,True,False,True
2444,FRZN MEAT/MEAT DINNERS,1.399552,False,False,True,True
2445,CHICKEN/POULTRY,2.52682,False,False,False,False
2446,DRY BN/VEG/POTATO/RICE,1.4505488,True,True,False,True
2447,DINNER MXS:DRY,1.3050946,True,True,False,True
2448,FRZN NOVELTIES/WTR ICE,2.0514498,False,True,False,True
2449,VEGETABLES - SHELF STABLE,0.12133723,True,True,False,True
2450,SOFT DRINKS,0.8085768,False,False,True,True
2451,COLD CEREAL,1.1169623,True,True,False,True
2452,FROZEN PIZZA,0.0045638075,False,True,False,True
2453,BATH TISSUES,7.3004994,False,False,False,False
2454,BAKING NEEDS,1.5619532,False,True,False,True
2455,CANDY - CHECKLANE,-0.08259519,True,True,False,True
2456,EGGS,1.4532666,False,True,False,True
2457,CHEESE,0.28404385,True,True,False,True
2458,CONDIMENTS/SAUCES,0.97114784,True,True,False,True
2459,PARTY TRAYS,-0.34342554,,,,
2460,BAG SNACKS,1.6470647,True,True,False,True
2461,BLEACH,-0.7017925,False,True,False,True
2462,FLUID MILK PRODUCTS,1.6927855,False,False,False,False
2463,BABY FOODS,-0.94507587,False,False,False,False
2464,BACON,2.3889427,True,True,False,True
2465,CHEESE,0.77516335,True,True,False,True
2466,SALAD MIX,3.210079,False,False,False,False
2467,FROZEN PIZZA,1.0834873,False,True,False,True
2468,CRACKERS/MISC BKD FD,1.0836501,True,True,False,True
2469,FROZEN PIZZA,1.6686761,False,True,False,True
2470,SOUP,-1.2907054,True,True,False,True
2471,CAT FOOD,1.68888,False,False,False,False
2472,PEPPERS-ALL,0.20031913,False,False,False,False
2473,SOUP,-0.75391775,True,True,False,True
2474,FRZN VEGETABLE/VEG DSH,0.90888894,True,True,False,True
2475,FROZEN BREAD/DOUGH,2.8367941,True,True,False,True
2476,DRY NOODLES/PASTA,1.3036362,True,True,False,True
2477,BACON,3.7704701,True,True,False,True
2478,HOT DOGS,1.6939635,True,True,False,True
2479,SALAD MIX,1.8720194,False,False,False,False
2480,FRZN MEAT/MEAT DINNERS,2.100858,False,False,True,True
2481,FRUIT - SHELF STABLE,3.5698457,False,True,False,True
2482,CHICKEN,0.9814264,False,False,False,False
2483,APPLES,2.0135624,False,False,False,False
2484,CRACKERS/MISC BKD FD,0.9652052,True,True,False,True
2485,PEARS,-0.2812772,False,False,False,False
2486,FRZN JCE CONC/DRNKS,0.6732206,False,False,False,False
2487,BAG SNACKS,2.1155853,True,True,False,True
2488,BEERS/ALES,1.628017,False,True,False,True
2489,DINNER MXS:DRY,1.4503373,True,True,False,True
2490,FROZEN PIE/DESSERTS,2.9056005,False,False,False,False
2491,BAKING MIXES,0.415601,False,True,False,True
2492,BAKING NEEDS,6.9487867,False,True,False,True
2493,BEEF,-1.7586585,True,True,False,True
2494,FRZN MEAT/MEAT DINNERS,0.51419353,False,False,True,True
2495,CANDY - CHECKLANE,0.29519492,True,True,False,True
2496,BAG SNACKS,0.56557506,True,True,False,True
2497,CANDY - CHECKLANE,0.9242093,True,True,False,True
2498,REFRGRATD DOUGH PRODUCTS,0.676263,False,True,False,True
2499,EGGS,0.23219952,False,True,False,True
2500,YOGURT,1.3431555,True,True,False,True
2501,CHEESE,-1.6865625,True,True,False,True
2502,LUNCHMEAT,2.5701015,True,True,False,True
2503,CHEESE,1.0428237,True,True,False,True
2504,CONVENIENT BRKFST/WHLSM SNACKS,2.2410903,True,True,False,True
2505,DINNER MXS:DRY,0.54427403,True,True,False,True
2506,BAG SNACKS,1.7021363,True,True,False,True
2507,COLD CEREAL,1.7248665,True,True,False,True
2508,FRZN MEAT/MEAT DINNERS,0.2289915,False,False,True,True
2509,BEEF,-0.6635643,True,True,False,True
2510,FRZN NOVELTIES/WTR ICE,-0.36706817,False,True,False,True
2511,COLD CEREAL,2.5672107,True,True,False,True
2512,CANNED MILK,3.278527,False,False,False,False
2513,APPLES,-0.37676108,False,False,False,False
2514,BAG SNACKS,-0.26280236,True,True,False,True
2515,FRZN MEAT/MEAT DINNERS,1.423312,False,False,True,True
2516,SPICES & EXTRACTS,0.44665703,False,True,False,True
2517,MEAT - SHELF STABLE,3.1850111,True,True,False,True
2518,DINNER MXS:DRY,0.7062516,True,True,False,True
2519,CANNED JUICES,2.7977571,False,True,False,True
2520,PNT BTR/JELLY/JAMS,-0.11350857,True,True,False,True
2521,BAG SNACKS,3.312298,True,True,False,True
2522,REFRGRATD JUICES/DRNKS,2.5952728,True,True,False,True
2523,SOUP,1.5108467,True,True,False,True
2524,BAG SNACKS,1.0696439,True,True,False,True
2525,CHICKEN/POULTRY,0.8245909,False,False,False,False
2526,BACON,3.6438975,True,True,False,True
2527,SPICES & EXTRACTS,0.35555652,False,True,False,True
2528,HOT CEREAL,1.3186098,True,True,False,True
2529,FRZN MEAT/MEAT DINNERS,2.0171576,False,False,True,True
2530,LUNCHMEAT,1.5125744,True,True,False,True
2531,POTATOES,-3.1591794,False,False,False,False
2532,BEERS/ALES,0.9671143,False,True,False,True
2533,WAREHOUSE SNACKS,0.29960403,True,True,False,True
2534,FROZEN PIZZA,0.74231935,False,True,False,True
2535,BAKED BREAD/BUNS/ROLLS,1.5461376,True,True,False,True
2536,SOUP,1.1746767,True,True,False,True
2537,BEEF,0.08631891,True,True,False,True
2538,BEEF,0.7294067,True,True,False,True
2539,SNACK NUTS,1.045443,True,True,False,True
2540,DINNER MXS:DRY,0.18079911,True,True,False,True
2541,BAKED BREAD/BUNS/ROLLS,0.9933977,True,True,False,True
2542,DELI MEATS,-0.019659504,True,True,False,True
2543,COLD CEREAL,1.418207,True,True,False,True
2544,VALUE ADDED VEGETABLES,-1.4534556,False,False,False,False
2545,BEANS - CANNED GLASS & MW,2.0853586,False,True,False,True
2546,SALAD MIX,3.1662567,False,False,False,False
2547,DRY BN/VEG/POTATO/RICE,1.7482345,True,True,False,True
2548,BABY FOODS,-0.20687771,False,False,False,False
2549,CONVENIENT BRKFST/WHLSM SNACKS,1.5802327,True,True,False,True
2550,MEAT - SHELF STABLE,2.219845,True,True,False,True
2551,BEEF,0.49452463,True,True,False,True
2552,COLD CEREAL,3.244601,True,True,False,True
2553,REFRGRATD DOUGH PRODUCTS,1.7208686,False,True,False,True
2554,LUNCHMEAT,-1.8641047,True,True,False,True
2555,BACON,2.9683683,True,True,False,True
2556,FRZN FRUITS,1.3135759,False,False,False,False
2557,CIGARETTES,-1.3431726,False,False,False,False
2558,NUTS,-0.5974097,False,False,False,False
2559,SANDWICHES,-0.29060462,False,False,False,False
2560,DINNER MXS:DRY,0.117550954,True,True,False,True
2561,CAT FOOD,1.235189,False,False,False,False
2562,CHEESE,0.5639434,True,True,False,True
2563,FRZN NOVELTIES/WTR ICE,0.9440706,False,True,False,True
2564,SALD DRSNG/SNDWCH SPRD,1.1610565,True,True,False,True
2565,DINNER MXS:DRY,0.931626,True,True,False,True
2566,CANNED JUICES,1.7401425,False,True,False,True
2567,PAPER HOUSEWARES,0.13303119,True,True,False,True
2568,CRACKERS/MISC BKD FD,1.8949786,True,True,False,True
2569,FRZN BREAKFAST FOODS,-0.46453834,True,True,False,True
2570,LUNCHMEAT,-1.5842489,True,True,False,True
2571,CRACKERS/MISC BKD FD,0.83413833,True,True,False,True
2572,CHEESE,1.2114935,True,True,False,True
2573,ELECTRICAL SUPPPLIES,2.8642464,True,True,False,True
2574,VALUE ADDED FRUIT,0.70662284,False,False,False,False
2575,FROZEN MEAT,-0.47917193,True,True,False,True
2576,BREAKFAST SAUSAGE/SANDWICHES,1.9043418,True,True,False,True
2577,COLD CEREAL,1.6924319,True,True,False,True
2578,CANNED JUICES,2.4086657,False,True,False,True
2579,MAGAZINE,-2.298147e-06,False,False,False,False
2580,SOUP,1.1053873,True,True,False,True
2581,YOGURT,1.6576319,True,True,False,True
2582,BAKED SWEET GOODS,-5.1491436e-37,True,True,False,True
2583,POTATOES,0.5152972,False,False,False,False
2584,REFRGRATD JUICES/DRNKS,2.0658772,True,True,False,True
2585,LUNCHMEAT,0.627686,True,True,False,True
2586,FRZN MEAT/MEAT DINNERS,0.51691157,False,False,True,True
2587,SPICES & EXTRACTS,1.2608906,False,True,False,True
2588,FLUID MILK PRODUCTS,3.2424402,False,False,False,False
2589,LUNCHMEAT,2.405628,True,True,False,True
2590,SOFT DRINKS,0.9642278,False,False,True,True
2591,CRACKERS/MISC BKD FD,0.6623921,True,True,False,True
2592,HOT CEREAL,1.2935624,True,True,False,True
2593,BEERS/ALES,1.0157502,False,True,False,True
2594,CHEESE,3.2894538e-06,True,True,False,True
2595,CAT LITTER,0.29329973,True,True,False,True
2596,CAT FOOD,0.5741019,False,False,False,False
2597,FROZEN PIZZA,2.060563,False,True,False,True
2598,DRY NOODLES/PASTA,1.0566227,True,True,False,True
2599,POTATOES,0.5370415,False,False,False,False
2600,FRZN BREAKFAST FOODS,1.8033037,True,True,False,True
2601,COLD CEREAL,3.7103274,True,True,False,True
2602,CANNED JUICES,2.220443,False,True,False,True
2603,FLUID MILK PRODUCTS,2.369848,False,False,False,False
2604,CHEESE,1.889042,True,True,False,True
2605,SALAD BAR,-0.24865368,False,False,False,False
2606,REFRGRATD JUICES/DRNKS,2.7802806,True,True,False,True
2607,VEGETABLES - ALL OTHERS,0.359889,False,False,False,False
2608,TOMATOES,0.22515024,False,False,False,False
2609,VEGETABLES - SHELF STABLE,8.065888e-07,True,True,False,True
2610,MILK BY-PRODUCTS,1.4028238,True,True,False,True
2611,CAT FOOD,1.3517804,False,False,False,False
2612,CANNED JUICES,2.701734,False,True,False,True
2613,FRZN MEAT/MEAT DINNERS,0.14469577,False,False,True,True
2614,BERRIES,3.0195916,False,False,False,False
2615,COFFEE FILTERS,0.08779677,False,False,False,False
2616,CHEESE,1.5878015,True,True,False,True
2617,UNKNOWN,2.9421391,False,False,False,False
2618,DRY BN/VEG/POTATO/RICE,1.1875728,True,True,False,True
2619,FRZN VEGETABLE/VEG DSH,0.8021608,True,True,False,True
2620,SALAD MIX,1.6461805,False,False,False,False
2621,FRUIT - SHELF STABLE,0.5194682,False,True,False,True
2622,CANNED JUICES,3.3100882,False,True,False,True
2623,CHEESE,-1.3390298,True,True,False,True
2624,CHEESES,0.4185296,False,False,False,False
2625,CEREAL/BREAKFAST,1.5110217,,,,
2626,DISHWASH DETERGENTS,0.37425464,False,False,False,False
2627,SALD DRSNG/SNDWCH SPRD,2.4349935,True,True,False,True
2628,MEAT - SHELF STABLE,-0.57592463,True,True,False,True
2629,BAKED SWEET GOODS,1.8431919,True,True,False,True
2630,CIGARETTES,-0.9083264,False,False,False,False
2631,SOFT DRINKS,0.18681318,False,False,True,True
2632,CAT FOOD,1.0707961,False,False,False,False
2633,CHEESE,-0.56379265,True,True,False,True
2634,BEERS/ALES,-0.07747458,False,True,False,True
2635,COLD CEREAL,3.164867,True,True,False,True
2636,BAKING MIXES,2.0813434,False,True,False,True
2637,FROZEN PIZZA,0.47864264,False,True,False,True
2638,FROZEN PIE/DESSERTS,1.6915983,False,False,False,False
2639,SALAD BAR,-0.21340191,False,False,False,False
2640,CRACKERS/MISC BKD FD,1.0585003,True,True,False,True
2641,BAKED BREAD/BUNS/ROLLS,0.9049702,True,True,False,True
2642,CORN,1.7089171,False,True,False,True
2643,COLD CEREAL,2.2241096,True,True,False,True
2644,SOFT DRINKS,1.6492976,False,False,True,True
2645,FRUIT - SHELF STABLE,1.568272,False,True,False,True
2646,HEAT/SERVE,2.0841417,True,True,False,True
2647,SALD DRSNG/SNDWCH SPRD,2.0130765,True,True,False,True
2648,MILK BY-PRODUCTS,1.1849259,True,True,False,True
2649,VALUE ADDED VEGETABLES,1.9600692,False,False,False,False
2650,MILK BY-PRODUCTS,0.7440456,True,True,False,True
2651,COFFEE,2.8294458,True,True,False,True
2652,SALADS/DIPS,0.14182745,False,False,False,False
2653,COLD CEREAL,1.9224519,True,True,False,True
2654,FRZN VEGETABLE/VEG DSH,1.6434833,True,True,False,True
2655,CITRUS,2.1603568,False,True,False,True
2656,VEGETABLES - SHELF STABLE,-0.7342293,True,True,False,True
2657,SPICES & EXTRACTS,2.3225873,False,True,False,True
2658,SOFT DRINKS,1.7979448,False,False,True,True
2659,HISPANIC,-0.6489257,True,True,False,True
2660,SOFT DRINKS,1.2407082,False,False,True,True
2661,CANDY - PACKAGED,2.8127725,True,True,False,True
2662,ORGANICS FRUIT & VEGETABLES,0.32814702,True,True,False,True
2663,BAKED BREAD/BUNS/ROLLS,1.198137,True,True,False,True
2664,REFRGRATD JUICES/DRNKS,2.7410781,True,True,False,True
2665,FRZN MEAT/MEAT DINNERS,0.12585935,False,False,True,True
2666,CONDIMENTS/SAUCES,1.2827008,True,True,False,True
2667,FROZEN PIZZA,3.1079366,False,True,False,True
2668,BREAD,1.616479,True,True,False,True
2669,PWDR/CRYSTL DRNK MX,-0.19938423,False,False,False,False
2670,FROZEN PIZZA,2.9799867,False,True,False,True
2671,FD WRAPS/BAGS/TRSH BG,0.9677254,True,True,False,True
2672,COLD CEREAL,2.344419,True,True,False,True
2673,SHORTENING/OIL,-0.03325218,True,True,False,True
2674,BAKED BREAD/BUNS/ROLLS,1.1354955,True,True,False,True
2675,CRACKERS/MISC BKD FD,1.2069774,True,True,False,True
2676,CONDIMENTS/SAUCES,3.6671326,True,True,False,True
2677,FLUID MILK PRODUCTS,0.77010745,False,False,False,False
2678,BAKING NEEDS,2.3994164,False,True,False,True
2679,SOFT DRINKS,0.65638584,False,False,True,True
2680,DELI MEATS,-0.0054760375,True,True,False,True
2681,MILK BY-PRODUCTS,0.5332369,True,True,False,True
2682,FROZEN PIZZA,0.7934841,False,True,False,True
2683,MARGARINES,-1.1183074,True,True,False,True
2684,VALUE ADDED FRUIT,0.06464168,False,False,False,False
2685,FRZN MEAT/MEAT DINNERS,1.5191506,False,False,True,True
2686,FRZN BREAKFAST FOODS,1.1286875,True,True,False,True
2687,FRZN MEAT/MEAT DINNERS,1.4313548,False,False,True,True
2688,SOFT DRINKS,9.057838e-06,False,False,True,True
2689,FRZN POTATOES,0.06704509,False,True,False,True
2690,BAKED BREAD/BUNS/ROLLS,2.210419,True,True,False,True
2691,GREETING CARDS/WRAP/PARTY SPLY,-1.8271949,False,False,False,False
2692,DISHWASH DETERGENTS,2.7699986,False,False,False,False
2693,DRY BN/VEG/POTATO/RICE,2.0698729,True,True,False,True
2694,FRZN VEGETABLE/VEG DSH,0.56828374,True,True,False,True
2695,YOGURT,2.0388818,True,True,False,True
2696,CONDIMENTS/SAUCES,3.2189808,True,True,False,True
2697,SOUP,0.8662301,True,True,False,True
2698,PICKLE/RELISH/PKLD VEG,1.5283283,True,True,False,True
2699,FROZEN BREAD/DOUGH,2.199787,True,True,False,True
2700,VEGETABLES - SHELF STABLE,0.95215607,True,True,False,True
2701,CAT LITTER,1.3356638,True,True,False,True
2702,BAKED BREAD/BUNS/ROLLS,2.0221987,True,True,False,True
2703,MEAT - SHELF STABLE,0.7637687,True,True,False,True
2704,SOUP,1.1155465,True,True,False,True
2705,CHEESE,0.7520796,True,True,False,True
2706,HOUSEHOLD CLEANG NEEDS,-0.17752846,False,False,False,False
2707,FRZN MEAT/MEAT DINNERS,0.5757924,False,False,True,True
2708,FD WRAPS/BAGS/TRSH BG,0.8169376,True,True,False,True
2709,CAT FOOD,-0.082977146,False,False,False,False
2710,MEAT - MISC,2.629976,True,True,False,True
2711,FROZEN MEAT,1.0150609,True,True,False,True
2712,HOT CEREAL,0.9461837,True,True,False,True
2713,VEGETABLES - SHELF STABLE,2.3025455,True,True,False,True
2714,FRZN MEAT/MEAT DINNERS,1.3492416,False,False,True,True
2715,FRZN MEAT/MEAT DINNERS,1.3010164,False,False,True,True
2716,DINNER SAUSAGE,2.75043,False,True,False,True
2717,HISPANIC,0.91416097,True,True,False,True
2718,VEGETABLES - SHELF STABLE,0.5975274,True,True,False,True
2719,LUNCHMEAT,2.5292013,True,True,False,True
2720,SOUP,0.5609528,True,True,False,True
2721,VEGETABLES - SHELF STABLE,1.3590095,True,True,False,True
2722,HOT DOGS,0.63201445,True,True,False,True
2723,COFFEE,-0.3686222,True,True,False,True
2724,BAKED BREAD/BUNS/ROLLS,2.401041,True,True,False,True
2725,CHEESE,1.5870141,True,True,False,True
2726,CANNED JUICES,2.7913127,False,True,False,True
2727,COLD CEREAL,2.6312609,True,True,False,True
2728,CRACKERS/MISC BKD FD,1.2551512,True,True,False,True
2729,CANNED JUICES,3.0805635,False,True,False,True
2730,COLD CEREAL,1.5193336,True,True,False,True
2731,SEAFOOD - MISC,2.1389472,False,False,False,False
2732,CHEESE,1.6574234,True,True,False,True
2733,VEGETABLES - ALL OTHERS,0.01461323,False,False,False,False
2734,FRZN VEGETABLE/VEG DSH,1.624162,True,True,False,True
2735,FROZEN MEAT,1.5323955,True,True,False,True
2736,FRZN MEAT/MEAT DINNERS,1.7058235,False,False,True,True
2737,FACIAL TISS/DNR NAPKIN,1.6572595,False,True,False,True
2738,PREPAID WIRELESS&ACCESSORIES,9.8100616e-05,,,,
2739,FROZEN MEAT,1.3624846,True,True,False,True
2740,BAKED SWEET GOODS,1.170348,True,True,False,True
2741,HISPANIC,-0.6382556,True,True,False,True
2742,DINNER MXS:DRY,2.5964096,True,True,False,True
2743,YOGURT,2.43715,True,True,False,True
2744,CAKES,1.9360341,False,False,False,False
2745,BEERS/ALES,-0.23957208,False,True,False,True
2746,CONVENIENT BRKFST/WHLSM SNACKS,3.1218286,True,True,False,True
2747,PASTA SAUCE,-0.26904765,False,True,False,True
2748,SOFT DRINKS,1.5281621,False,False,True,True
2749,DOG FOODS,0.4762556,False,False,False,False
2750,COOKIES,0.7483072,False,False,False,False
2751,CONVENIENT BRKFST/WHLSM SNACKS,2.0323327,True,True,False,True
2752,DRY BN/VEG/POTATO/RICE,0.7569733,True,True,False,True
2753,BREAKFAST SAUSAGE/SANDWICHES,1.153728,True,True,False,True
2754,BAKED SWEET GOODS,2.2918956,True,True,False,True
2755,DRY NOODLES/PASTA,0.6698691,True,True,False,True
2756,FRUIT - SHELF STABLE,1.885583,False,True,False,True
2757,BAKED BREAD/BUNS/ROLLS,-1.8025777,True,True,False,True
2758,REFRGRATD JUICES/DRNKS,-0.18048279,True,True,False,True
2759,REFRGRATD JUICES/DRNKS,0.95794845,True,True,False,True
2760,REFRGRATD JUICES/DRNKS,1.0486495,True,True,False,True
2761,FACIAL TISS/DNR NAPKIN,2.2022161,False,True,False,True
2762,FRZN NOVELTIES/WTR ICE,1.5404766,False,True,False,True
2763,CIGARETTES,0.31401157,False,False,False,False
2764,LUNCHMEAT,1.9984317,True,True,False,True
2765,SOUP,1.9015174,True,True,False,True
2766,HOT CEREAL,-0.1989331,True,True,False,True
2767,VEGETABLES - SHELF STABLE,-1.6858287e-06,True,True,False,True
2768,BATH TISSUES,2.861888,False,False,False,False
2769,LUNCHMEAT,0.6221239,True,True,False,True
2770,BAKED SWEET GOODS,1.9800415,True,True,False,True
2771,COLD CEREAL,1.1969757,True,True,False,True
2772,FRZN MEAT/MEAT DINNERS,1.7442383,False,False,True,True
2773,BAKED SWEET GOODS,2.7386272,True,True,False,True
2774,CHEESE,1.1089782,True,True,False,True
2775,PASTA SAUCE,0.1874131,False,True,False,True
2776,PASTA SAUCE,2.3265662,False,True,False,True
2777,FROZEN MEAT,3.044957,True,True,False,True
2778,SOFT DRINKS,1.531537,False,False,True,True
2779,SOFT DRINKS,5.159314,False,False,True,True
2780,CAT FOOD,1.4828491,False,False,False,False
2781,CANNED JUICES,-0.016599752,False,True,False,True
2782,SOFT DRINKS,-2.299764,False,False,True,True
2783,COLD CEREAL,1.701966,True,True,False,True
2784,FROZEN BREAD/DOUGH,0.97166306,True,True,False,True
2785,LUNCHMEAT,1.9483668,True,True,False,True
2786,VEGETABLES - ALL OTHERS,-0.16487862,False,False,False,False
2787,FRZN MEAT/MEAT DINNERS,2.1331882,False,False,True,True
2788,DINNER MXS:DRY,1.1205186,True,True,False,True
2789,BAKED SWEET GOODS,1.246256,True,True,False,True
2790,BREAD,1.8119088,True,True,False,True
2791,REFRGRATD DOUGH PRODUCTS,1.312604,False,True,False,True
2792,FROZEN PIZZA,1.7074885,False,True,False,True
2793,FRZN POTATOES,0.84100235,False,True,False,True
2794,MILK BY-PRODUCTS,0.74924487,True,True,False,True
2795,BEERS/ALES,0.47731382,False,True,False,True
2796,CHEESE,2.5273082,True,True,False,True
2797,VEGETABLES - ALL OTHERS,-0.3625776,False,False,False,False
2798,FRZN MEAT/MEAT DINNERS,1.2125356,False,False,True,True
2799,COLD CEREAL,2.3205497,True,True,False,True
2800,SHORTENING/OIL,1.872841,True,True,False,True
2801,CANDY - CHECKLANE,0.5114332,True,True,False,True
2802,ROLLS,1.184791,False,False,True,True
2803,FROZEN PIZZA,1.1179788,False,True,False,True
2804,DELI MEATS,0.3868719,True,True,False,True
2805,FROZEN PIZZA,1.9838657,False,True,False,True
2806,BEERS/ALES,1.5180897,False,True,False,True
2807,COLD CEREAL,-1.209237,True,True,False,True
2808,CONVENIENT BRKFST/WHLSM SNACKS,1.9300387,True,True,False,True
2809,FRZN MEAT/MEAT DINNERS,0.6963531,False,False,True,True
2810,SOUP,2.1916924,True,True,False,True
2811,LUNCHMEAT,1.4857594,True,True,False,True
2812,WATER,0.3104475,False,False,False,False
2813,BREAKFAST SAUSAGE/SANDWICHES,1.9153352,True,True,False,True
2814,SPICES & EXTRACTS,0.63535213,False,True,False,True
2815,REFRGRATD JUICES/DRNKS,0.9965742,True,True,False,True
2816,BABY FOODS,-0.642776,False,False,False,False
2817,REFRGRATD JUICES/DRNKS,0.7145403,True,True,False,True
2818,FROZEN PIZZA,1.8091561,False,True,False,True
2819,DRY BN/VEG/POTATO/RICE,2.3454342,True,True,False,True
2820,BEERS/ALES,0.42840517,False,True,False,True
2821,EGGS,-0.51993865,False,True,False,True
2822,PICKLE/RELISH/PKLD VEG,0.3964436,True,True,False,True
2823,SEAFOOD - SHELF STABLE,2.6572194,True,True,False,True
2824,BATH TISSUES,3.0376291,False,False,False,False
2825,FRZN MEAT/MEAT DINNERS,0.7560625,False,False,True,True
2826,SNACK NUTS,0.09178204,True,True,False,True
2827,BAG SNACKS,1.3918809,True,True,False,True
2828,REFRGRATD DOUGH PRODUCTS,1.9063402,False,True,False,True
2829,SPRING/SUMMER SEASONAL,5.796685,,,,
2830,FRZN MEAT/MEAT DINNERS,2.3571072,False,False,True,True
2831,PORK,2.6219482,False,False,False,False
2832,MISCELLANEOUS,3.3018467,False,False,False,False
2833,DRY SAUCES/GRAVY,5.836693e-06,False,True,False,True
2834,FRZN MEAT/MEAT DINNERS,1.2228013,False,False,True,True
2835,BABY FOODS,2.0309725,False,False,False,False
2836,FROZEN PIZZA,1.0041866,False,True,False,True
2837,REFRGRATD JUICES/DRNKS,0.5339489,True,True,False,True
2838,BAKING MIXES,2.6058748,False,True,False,True
2839,COUPON/MISC ITEMS,-0.0067005777,False,False,False,False
2840,SOFT DRINKS,2.2512836,False,False,True,True
2841,MEAT - SHELF STABLE,2.7806704,True,True,False,True
2842,BEEF,-0.26267728,True,True,False,True
2843,TOMATOES,1.6482227,False,False,False,False
2844,REFRGRATD DOUGH PRODUCTS,2.8158445,False,True,False,True
2845,CRACKERS/MISC BKD FD,0.8200746,True,True,False,True
2846,LUNCHMEAT,1.1806904,True,True,False,True
2847,SOUP,1.3318346,True,True,False,True
2848,PNT BTR/JELLY/JAMS,1.5839083,True,True,False,True
2849,BAG SNACKS,2.8098648,True,True,False,True
2850,FLUID MILK PRODUCTS,1.1728153,False,False,False,False
2851,GREETING CARDS/WRAP/PARTY SPLY,-2.0463924,False,False,False,False
2852,LUNCHMEAT,1.6396858,True,True,False,True
2853,CONVENIENT BRKFST/WHLSM SNACKS,3.7700808,True,True,False,True
2854,PORK,3.307516,False,False,False,False
2855,POTATOES,-0.13776822,False,False,False,False
2856,FRZN MEAT/MEAT DINNERS,1.8763679,False,False,True,True
2857,BEANS - CANNED GLASS & MW,0.68182415,False,True,False,True
2858,SOFT DRINKS,3.171782,False,False,True,True
2859,DRY MIX DESSERTS,0.14725697,False,False,False,False
2860,REFRGRATD DOUGH PRODUCTS,1.2310679,False,True,False,True
2861,PAPER HOUSEWARES,2.347166,True,True,False,True
2862,FRZN MEAT/MEAT DINNERS,1.1537029,False,False,True,True
2863,FD WRAPS/BAGS/TRSH BG,2.2626498,True,True,False,True
2864,SOUP,0.47576603,True,True,False,True
2865,BREAD,0.2791599,True,True,False,True
2866,FROZEN PIZZA,0.59182763,False,True,False,True
2867,CANDY - CHECKLANE,1.6553426,True,True,False,True
2868,ELECTRICAL SUPPPLIES,0.6402673,True,True,False,True
2869,VEGETABLES - SHELF STABLE,0.6467291,True,True,False,True
2870,SOFT DRINKS,-0.19118248,False,False,True,True
2871,CANNED JUICES,0.061397668,False,True,False,True
2872,BAKED BREAD/BUNS/ROLLS,-0.11679077,True,True,False,True
2873,LUNCHMEAT,1.0885943,True,True,False,True
2874,MARGARINES,0.74709976,True,True,False,True
2875,STONE FRUIT,0.474464,False,False,False,False
2876,FROZEN PIZZA,1.8449901,False,True,False,True
2877,FRZN VEGETABLE/VEG DSH,1.230847,True,True,False,True
2878,REFRGRATD JUICES/DRNKS,1.639224,True,True,False,True
2879,FRZN POTATOES,1.2457459,False,True,False,True
2880,CHEESE,1.5274882,True,True,False,True
2881,FRZN MEAT/MEAT DINNERS,0.37944758,False,False,True,True
2882,MELONS,1.8684205,False,False,False,False
2883,COFFEE,1.3443153,True,True,False,True
2884,BAKED BREAD/BUNS/ROLLS,0.5542627,True,True,False,True
2885,CANDY - CHECKLANE,-0.011662131,True,True,False,True
2886,FRUIT - SHELF STABLE,1.567595,False,True,False,True
2887,SPICES & EXTRACTS,0.910567,False,True,False,True
2888,HISPANIC,1.3392372,True,True,False,True
2889,PORK,2.0489419,False,False,False,False
2890,WATER - CARBONATED/FLVRD DRINK,2.1454246,True,True,False,True
2891,MEAT - MISC,2.1945224,True,True,False,True
2892,FRZN MEAT/MEAT DINNERS,0.52648777,False,False,True,True
2893,CHEESE,1.2051752,True,True,False,True
2894,PEPPERS-ALL,0.109321184,False,False,False,False
2895,CAT FOOD,0.8787913,False,False,False,False
2896,BACON,2.7222319,True,True,False,True
2897,CHEESE,0.53790563,True,True,False,True
2898,TOMATOES,0.11199239,False,False,False,False
2899,FRZN MEAT/MEAT DINNERS,1.5118566,False,False,True,True
2900,NUTS,-2.900351,False,False,False,False
2901,REFRIGERATED,1.7369074,True,True,False,True
2902,CRACKERS/MISC BKD FD,-0.9049459,True,True,False,True
2903,FROZEN PIZZA,-0.6972729,False,True,False,True
2904,REFRGRATD JUICES/DRNKS,-0.04862066,True,True,False,True
2905,VEGETABLES - SHELF STABLE,0.77100986,True,True,False,True
2906,CAT FOOD,1.861153,False,False,False,False
2907,HERBS,0.81794894,False,False,False,False
2908,SUGARS/SWEETNERS,0.57002425,True,True,False,True
2909,FRZN POTATOES,2.603606,False,True,False,True
2910,COLD CEREAL,2.1194608,True,True,False,True
2911,REFRGRATD JUICES/DRNKS,1.885652,True,True,False,True
2912,WAREHOUSE SNACKS,2.6295738,True,True,False,True
2913,LUNCHMEAT,0.51370615,True,True,False,True
2914,FRUIT - SHELF STABLE,3.1178613,False,True,False,True
2915,FRZN MEAT/MEAT DINNERS,1.8308821,False,False,True,True
2916,SOUP,0.70302105,True,True,False,True
2917,GREETING CARDS/WRAP/PARTY SPLY,-0.72233534,False,False,False,False
2918,CANDY - CHECKLANE,1.956638,True,True,False,True
2919,CANNED JUICES,-0.31384847,False,True,False,True
2920,SOFT DRINKS,0.8702607,False,False,True,True
2921,BAKED BREAD/BUNS/ROLLS,1.4847442,True,True,False,True
2922,ISOTONIC DRINKS,2.7836938,False,False,False,False
2923,SOFT DRINKS,-1.7057418,False,False,True,True
2924,VEGETABLES - SHELF STABLE,0.39068612,True,True,False,True
2925,CRACKERS/MISC BKD FD,1.8702713,True,True,False,True
2926,CANNED MILK,-0.031761084,False,False,False,False
2927,REFRIGERATED,2.4991286,True,True,False,True
2928,BUTTER,1.2711087,True,True,False,True
2929,FRZN MEAT/MEAT DINNERS,1.5526294,False,False,True,True
2930,TROPICAL FRUIT,1.5205543,False,False,False,False
2931,FLUID MILK PRODUCTS,1.5738066,False,False,False,False
2932,BERRIES,1.554751,False,False,False,False
2933,SOUP,-0.8461518,True,True,False,True
2934,BATTERIES,2.6344993,False,False,False,False
2935,SPICES & EXTRACTS,-0.7430871,False,True,False,True
2936,DELI MEATS,-0.21476759,True,True,False,True
2937,FRZN VEGETABLE/VEG DSH,2.0759017,True,True,False,True
2938,DOG FOODS,0.14196478,False,False,False,False
2939,PASTA SAUCE,0.0576536,False,True,False,True
2940,CIGARETTES,-1.494164,False,False,False,False
2941,DINNER SAUSAGE,1.2644504,False,True,False,True
2942,BAG SNACKS,4.592336,True,True,False,True
2943,CHEESE,1.2658868,True,True,False,True
2944,DINNER MXS:DRY,1.1220273,True,True,False,True
2945,CONVENIENT BRKFST/WHLSM SNACKS,2.2583346,True,True,False,True
2946,FROZEN PIZZA,-1.1201276,False,True,False,True
2947,BEERS/ALES,1.401725,False,True,False,True
2948,BEANS - CANNED GLASS & MW,2.30623,False,True,False,True
2949,FLUID MILK PRODUCTS,0.9775965,False,False,False,False
2950,WATER - CARBONATED/FLVRD DRINK,5.190088,True,True,False,True
2951,PASTA SAUCE,0.8860232,False,True,False,True
2952,ISOTONIC DRINKS,1.9173472,False,False,False,False
2953,DRY SAUCES/GRAVY,0.8253614,False,True,False,True
2954,CIGARETTES,0.53678375,False,False,False,False
2955,COOKIES/CONES,1.9667346,True,True,False,True
2956,SOFT DRINKS,1.7128888,False,False,True,True
2957,VEGETABLES - SHELF STABLE,1.261118,True,True,False,True
2958,VEGETABLES - SHELF STABLE,1.2995876,True,True,False,True
2959,BAKING MIXES,1.7326097,False,True,False,True
2960,CRACKERS/MISC BKD FD,-0.23984073,True,True,False,True
2961,PASTA SAUCE,2.3940103,False,True,False,True
2962,FRZN MEAT/MEAT DINNERS,1.0024229,False,False,True,True
2963,MISC. DAIRY,0.96720725,False,False,False,False
2964,CIGARETTES,-0.27710888,False,False,False,False
2965,YOGURT,-0.19791937,True,True,False,True
2966,SUGARS/SWEETNERS,0.19876307,True,True,False,True
2967,BAKED BREAD/BUNS/ROLLS,0.12540503,True,True,False,True
2968,SOUP,0.16312002,True,True,False,True
2969,FLOUR & MEALS,0.17775276,False,False,False,False
2970,COLD CEREAL,4.3040953,True,True,False,True
2971,FRUIT - SHELF STABLE,1.2033179,False,True,False,True
2972,SOFT DRINKS,0.86332893,False,False,True,True
2973,BAKED SWEET GOODS,-1.3088951,True,True,False,True
2974,CRACKERS/MISC BKD FD,1.7820634,True,True,False,True
2975,SALD DRSNG/SNDWCH SPRD,2.0403476,True,True,False,True
2976,WATER - CARBONATED/FLVRD DRINK,3.068763,True,True,False,True
2977,SOFT DRINKS,-2.8266983,False,False,True,True
2978,SOUP,1.4687147,True,True,False,True
2979,CRACKERS/MISC BKD FD,1.27332,True,True,False,True
2980,ONIONS,0.62047863,False,False,False,False
2981,VALUE ADDED FRUIT,-0.8104921,False,False,False,False
2982,CARROTS,-0.06251996,False,False,False,False
2983,MEAT - SHELF STABLE,1.5430315,True,True,False,True
2984,CANNED JUICES,-0.8206552,False,True,False,True
2985,MISC. DAIRY,1.9021199,False,False,False,False
2986,COOKIES/CONES,1.6723162,True,True,False,True
2987,MILK BY-PRODUCTS,0.9401054,True,True,False,True
2988,REFRGRATD JUICES/DRNKS,-2.2805703,True,True,False,True
2989,BAKED BREAD/BUNS/ROLLS,0.28232554,True,True,False,True
2990,FROZEN PIZZA,0.9190037,False,True,False,True
2991,DOG FOODS,3.4902751,False,False,False,False
2992,REFRGRATD DOUGH PRODUCTS,2.8983784,False,True,False,True
2993,WATER - CARBONATED/FLVRD DRINK,2.7617048e-07,True,True,False,True
2994,DRIED FRUIT,1.6422056,True,True,False,True
2995,FROZEN BREAD/DOUGH,0.8181602,True,True,False,True
2996,POPCORN,1.8737684,True,True,False,True
2997,BEERS/ALES,1.1231827,False,True,False,True
2998,FRZN MEAT/MEAT DINNERS,5.7558713,False,False,True,True
2999,COFFEE,0.6357909,True,True,False,True
3000,BEANS - CANNED GLASS & MW,-0.4398497,False,True,False,True
3001,HISPANIC,0.66039175,True,True,False,True
3002,CHEESE,1.1088828,True,True,False,True
3003,BATH TISSUES,1.3818414,False,False,False,False
3004,CAT FOOD,0.6260104,False,False,False,False
3005,CANDY - PACKAGED,1.760349,True,True,False,True
3006,CHEESE,1.0191995,True,True,False,True
3007,REFRGRATD JUICES/DRNKS,0.87840956,True,True,False,True
3008,BABY FOODS,0.97595924,False,False,False,False
3009,BAKED SWEET GOODS,-0.15538651,True,True,False,True
3010,FRZN POTATOES,0.5106344,False,True,False,True
3011,ICE CREAM/MILK/SHERBTS,1.2220358,True,True,False,True
3012,TURKEY,0.29289204,False,False,False,False
3013,FRZN BREAKFAST FOODS,0.68792284,True,True,False,True
3014,DRY BN/VEG/POTATO/RICE,-1.3037908,True,True,False,True
3015,FROZEN PIZZA,3.2346985,False,True,False,True
3016,MISCELLANEOUS,-0.58860654,False,False,False,False
3017,FROZEN PIE/DESSERTS,1.9436426,False,False,False,False
3018,DRY MIX DESSERTS,4.102145,False,False,False,False
3019,SOUP,1.5612481,True,True,False,True
3020,FLUID MILK PRODUCTS,0.48347113,False,False,False,False
3021,VEGETABLES - SHELF STABLE,0.57512355,True,True,False,True
3022,SOFT DRINKS,1.2788817,False,False,True,True
3023,BAG SNACKS,0.5139002,True,True,False,True
3024,HOT DOGS,0.8986697,True,True,False,True
3025,HISPANIC,0.4520694,True,True,False,True
3026,VEGETABLES - ALL OTHERS,-2.2483659,False,False,False,False
3027,CRACKERS/MISC BKD FD,1.6996825,True,True,False,True
3028,CANDY - PACKAGED,-2.2313185,True,True,False,True
3029,PWDR/CRYSTL DRNK MX,0.72034615,False,False,False,False
3030,SOFT DRINKS,2.0062761,False,False,True,True
3031,FRUIT - SHELF STABLE,2.414987,False,True,False,True
3032,BREAD,-0.6166352,True,True,False,True
3033,DRY BN/VEG/POTATO/RICE,-0.3533389,True,True,False,True
3034,MILK BY-PRODUCTS,1.0712972,True,True,False,True
3035,CHICKEN,0.9654489,False,False,False,False
3036,SOFT DRINKS,0.74517936,False,False,True,True
3037,FROZEN PIZZA,1.1186299,False,True,False,True
3038,FRZN VEGETABLE/VEG DSH,1.1818169,True,True,False,True
3039,SUGARS/SWEETNERS,4.2278366,True,True,False,True
3040,DINNER SAUSAGE,1.2229311,False,True,False,True
3041,FRZN MEAT/MEAT DINNERS,1.660692,False,False,True,True
3042,CIGARETTES,0.0238495,False,False,False,False
3043,VEGETABLES - ALL OTHERS,0.3149908,False,False,False,False
3044,SOFT DRINKS,1.3095167,False,False,True,True
3045,CHEESE,1.3972195,True,True,False,True
3046,CRACKERS/MISC BKD FD,2.3579462,True,True,False,True
3047,DINNER MXS:DRY,1.9294131,True,True,False,True
3048,SOFT DRINKS,0.13157634,False,False,True,True
3049,CANNED JUICES,3.5737176,False,True,False,True
3050,BAG SNACKS,2.2552705,True,True,False,True
3051,HERBS,0.99069715,False,False,False,False
3052,VEGETABLES - SHELF STABLE,2.0543654,True,True,False,True
3053,BEEF,0.5991061,True,True,False,True
3054,CHEESE,0.4425551,True,True,False,True
3055,LUNCHMEAT,2.6165204,True,True,False,True
3056,PORK,-0.35567284,False,False,False,False
3057,SHORTENING/OIL,-0.79349154,True,True,False,True
3058,VEGETABLES - SHELF STABLE,0.7247229,True,True,False,True
3059,REFRGRATD JUICES/DRNKS,0.97327584,True,True,False,True
3060,CITRUS,2.1181192,False,True,False,True
3061,WATER,3.4096053,False,False,False,False
3062,BEANS - CANNED GLASS & MW,2.6023567,False,True,False,True
3063,NEWSPAPER,0.38172284,False,False,False,False
3064,PASTA SAUCE,1.4350927,False,True,False,True
3065,COOKIES/CONES,0.99231297,True,True,False,True
3066,DISHWASH DETERGENTS,-0.40688598,False,False,False,False
3067,YOGURT,1.2905983,True,True,False,True
3068,ELECTRICAL SUPPPLIES,3.7685375,True,True,False,True
3069,BAG SNACKS,3.3772244,True,True,False,True
3070,LUNCHMEAT,1.3084512,True,True,False,True
3071,FLUID MILK PRODUCTS,0.2877965,False,False,False,False
3072,VEGETABLES SALAD,0.17702402,False,False,False,False
3073,REFRGRATD DOUGH PRODUCTS,2.027199,False,True,False,True
3074,BEANS - CANNED GLASS & MW,-0.15564309,False,True,False,True
3075,DINNER MXS:DRY,1.4575686,True,True,False,True
3076,BAKED BREAD/BUNS/ROLLS,2.1303291,True,True,False,True
3077,COLD CEREAL,1.0466009,True,True,False,True
3078,CHEESE,0.8812186,True,True,False,True
3079,DRY BN/VEG/POTATO/RICE,1.2069958,True,True,False,True
3080,BABY FOODS,0.26085606,False,False,False,False
3081,CITRUS,-2.7112374,False,True,False,True
3082,FRZN BREAKFAST FOODS,1.970492,True,True,False,True
3083,DRY NOODLES/PASTA,1.7869027,True,True,False,True
3084,CHEESES,0.5471118,False,False,False,False
3085,FRZN MEAT/MEAT DINNERS,1.7021288,False,False,True,True
3086,DINNER MXS:DRY,1.0581253,True,True,False,True
3087,SUGARS/SWEETNERS,2.8812358,True,True,False,True
3088,FACIAL TISS/DNR NAPKIN,1.1501777,False,True,False,True
3089,PORK,-0.47230378,False,False,False,False
3090,COLD CEREAL,2.614748,True,True,False,True
3091,MEAT - SHELF STABLE,1.6259131,True,True,False,True
3092,BEANS - CANNED GLASS & MW,0.23821111,False,True,False,True
3093,HERBS,0.324807,False,False,False,False
3094,BAG SNACKS,4.460839,True,True,False,True
3095,FRZN MEAT/MEAT DINNERS,1.5258014,False,False,True,True
3096,APPLES,-0.33241194,False,False,False,False
3097,SOUP,1.6239239,True,True,False,True
3098,HISPANIC,0.62679595,True,True,False,True
3099,FRZN MEAT/MEAT DINNERS,-1.1790578,False,False,True,True
3100,CRACKERS/MISC BKD FD,2.3956497,True,True,False,True
3101,FROZEN BREAD/DOUGH,1.3189319,True,True,False,True
3102,CHEESE,0.31210122,True,True,False,True
3103,FRZN MEAT/MEAT DINNERS,-0.7253932,False,False,True,True
3104,COOKIES/CONES,2.5522435,True,True,False,True
3105,BREAKFAST SAUSAGE/SANDWICHES,2.5052257,True,True,False,True
3106,CHEESES,0.56576145,False,False,False,False
3107,ROLLS,0.4384201,False,False,True,True
3108,SOUP,0.5561859,True,True,False,True
3109,COUPON/MISC ITEMS,-0.09002116,False,False,False,False
3110,BAKED BREAD/BUNS/ROLLS,0.19067167,True,True,False,True
3111,FLUID MILK PRODUCTS,-0.41431946,False,False,False,False
3112,BACON,2.7497323,True,True,False,True
3113,ICE CREAM/MILK/SHERBTS,1.0296925,True,True,False,True
3114,SOFT DRINKS,-1.0341368,False,False,True,True
3115,SOFT DRINKS,0.4004053,False,False,True,True
3116,SOUP,2.1385124,True,True,False,True
3117,LUNCHMEAT,0.6594473,True,True,False,True
3118,FRUIT - SHELF STABLE,3.2278013,False,True,False,True
3119,CONVENIENT BRKFST/WHLSM SNACKS,1.4459114,True,True,False,True
3120,ONIONS,0.20547171,False,False,False,False
3121,CHEESE,0.5597475,True,True,False,True
3122,FROZEN PIZZA,1.1129909,False,True,False,True
3123,CANDY - CHECKLANE,1.6751603,True,True,False,True
3124,SHORTENING/OIL,1.0217795,True,True,False,True
3125,CANNED JUICES,-1.7007235,False,True,False,True
3126,FROZEN PIZZA,1.7174823,False,True,False,True
3127,DELI MEATS,0.1867701,True,True,False,True
3128,SEAFOOD - MISC,-0.71218157,False,False,False,False
3129,MAGAZINE,-2.7617243e-37,False,False,False,False
3130,CHEESE,1.1936351,True,True,False,True
3131,CAT FOOD,-1.0637434,False,False,False,False
3132,CIGARETTES,-2.253017,False,False,False,False
3133,FRUIT - SHELF STABLE,1.2877437,False,True,False,True
3134,PASTA SAUCE,1.7349416,False,True,False,True
3135,WAREHOUSE SNACKS,2.2990613,True,True,False,True
3136,CANNED JUICES,0.16719827,False,True,False,True
3137,BEEF,1.6809516,True,True,False,True
3138,VEGETABLES - SHELF STABLE,1.725144,True,True,False,True
3139,BEEF,-0.12415839,True,True,False,True
3140,CHEESE,2.3952312,True,True,False,True
3141,FRZN VEGETABLE/VEG DSH,1.515239,True,True,False,True
3142,REFRIGERATED,-0.4019419,True,True,False,True
3143,BLEACH,1.8180524,False,True,False,True
3144,FRUIT - SHELF STABLE,3.886639,False,True,False,True
3145,NEWSPAPER,-2.4371688e-36,False,False,False,False
3146,FRZN MEAT/MEAT DINNERS,3.6458893,False,False,True,True
3147,DRY MIX DESSERTS,3.970315,False,False,False,False
3148,FROZEN BREAD/DOUGH,0.48506868,True,True,False,True
3149,LAUNDRY DETERGENTS,2.578899,False,False,False,False
3150,PAPER TOWELS,1.5639031,False,False,False,False
3151,SOUP,3.6070416,True,True,False,True
3152,FLOUR & MEALS,0.15617147,False,False,False,False
3153,BEERS/ALES,-0.2739926,False,True,False,True
3154,VEGETABLES - SHELF STABLE,0.110737324,True,True,False,True
3155,BEANS - CANNED GLASS & MW,1.1193804,False,True,False,True
3156,FROZEN MEAT,1.9163104,True,True,False,True
3157,HOT CEREAL,2.997402,True,True,False,True
3158,CITRUS,4.932247,False,True,False,True
3159,MEAT - SHELF STABLE,2.3880043,True,True,False,True
3160,PEARS,0.17971246,False,False,False,False
3161,DRY BN/VEG/POTATO/RICE,-0.8980832,True,True,False,True
3162,FRZN POTATOES,0.9869559,False,True,False,True
3163,VEGETABLES - SHELF STABLE,3.943653,True,True,False,True
3164,BAKED BREAD/BUNS/ROLLS,3.4479415,True,True,False,True
3165,PORK,2.0405314,False,False,False,False
3166,BREAKFAST SWEETS,2.6435845,False,False,False,False
3167,CONDIMENTS/SAUCES,1.8506169,True,True,False,True
3168,FRZN VEGETABLE/VEG DSH,1.993922,True,True,False,True
3169,BATH TISSUES,-2.3902166,False,False,False,False
3170,LUNCHMEAT,0.3917256,True,True,False,True
3171,PEPPERS-ALL,0.36645815,False,False,False,False
3172,VEGETABLES - SHELF STABLE,0.58429694,True,True,False,True
3173,FROZEN PIE/DESSERTS,0.2725008,False,False,False,False
3174,POTATOES,-2.1101303,False,False,False,False
3175,SOUP,0.5304749,True,True,False,True
3176,CHEESE,-0.17402926,True,True,False,True
3177,COLD CEREAL,3.8242135,True,True,False,True
3178,REFRGRATD DOUGH PRODUCTS,0.7518747,False,True,False,True
3179,MUSHROOMS,0.10452105,True,True,False,True
3180,MILK BY-PRODUCTS,1.0459003,True,True,False,True
3181,DINNER SAUSAGE,1.8814455,False,True,False,True
3182,DELI MEATS,0.43416837,True,True,False,True
3183,CONVENIENT BRKFST/WHLSM SNACKS,1.9394548,True,True,False,True
3184,YOGURT,0.3503878,True,True,False,True
3185,FRZN VEGETABLE/VEG DSH,1.7053467,True,True,False,True
3186,DRY BN/VEG/POTATO/RICE,2.452233,True,True,False,True
3187,BAG SNACKS,1.959349,True,True,False,True
3188,SALD DRSNG/SNDWCH SPRD,0.41627482,True,True,False,True
3189,REFRGRATD JUICES/DRNKS,3.6932693,True,True,False,True
3190,LUNCHMEAT,1.4194725,True,True,False,True
3191,VEGETABLES - SHELF STABLE,1.5011637,True,True,False,True
3192,VEGETABLES - SHELF STABLE,-1.3513474,True,True,False,True
3193,PAPER HOUSEWARES,1.5836557,True,True,False,True
3194,CRACKERS/MISC BKD FD,1.4577473,True,True,False,True
3195,DRY MIX DESSERTS,4.897036,False,False,False,False
3196,CANNED JUICES,1.8591816,False,True,False,True
3197,COFFEE,-0.069466375,True,True,False,True
3198,FLOUR & MEALS,0.16658737,False,False,False,False
3199,CHEESE,0.12218911,True,True,False,True
3200,CANNED JUICES,1.5699507,False,True,False,True
3201,FRZN MEAT/MEAT DINNERS,1.5310596,False,False,True,True
3202,COLD CEREAL,2.4182982,True,True,False,True
3203,CANNED JUICES,1.354131,False,True,False,True
3204,BAKED SWEET GOODS,1.7217622,True,True,False,True
3205,BAKED BREAD/BUNS/ROLLS,3.1614192,True,True,False,True
3206,PASTA SAUCE,1.2668163,False,True,False,True
3207,CANNED JUICES,0.50346386,False,True,False,True
3208,FLORAL-FRESH CUT,-0.1672889,False,False,False,False
3209,MILK BY-PRODUCTS,3.5466785,True,True,False,True
3210,CHEESE,1.1958431,True,True,False,True
3211,FRZN BREAKFAST FOODS,1.1681968,True,True,False,True
3212,HISPANIC,0.7567972,True,True,False,True
3213,FRZN MEAT/MEAT DINNERS,-0.33441237,False,False,True,True
3214,HOUSEHOLD CLEANG NEEDS,0.9679888,False,False,False,False
3215,SALD DRSNG/SNDWCH SPRD,2.0727353,True,True,False,True
3216,CAKES,0.27624682,False,False,False,False
3217,CONDIMENTS/SAUCES,-0.64552945,True,True,False,True
3218,SOFT DRINKS,1.4927186,False,False,True,True
3219,COUPON/MISC ITEMS,0.16836187,False,False,False,False
3220,VEGETABLES - SHELF STABLE,-0.03245319,True,True,False,True
3221,MILK BY-PRODUCTS,0.106698774,True,True,False,True
3222,BAKED BREAD/BUNS/ROLLS,0.7164054,True,True,False,True
3223,HISPANIC,0.43212596,True,True,False,True
3224,DINNER MXS:DRY,0.34815314,True,True,False,True
3225,BREAD,-0.23524487,True,True,False,True
3226,PWDR/CRYSTL DRNK MX,-0.0037524162,False,False,False,False
3227,SOUP,1.7946365,True,True,False,True
3228,BAKED BREAD/BUNS/ROLLS,-0.50602365,True,True,False,True
3229,DRY NOODLES/PASTA,0.7381509,True,True,False,True
3230,BREAKFAST SAUSAGE/SANDWICHES,4.3757257,True,True,False,True
3231,SOUP,1.5032495,True,True,False,True
3232,FROZEN MEAT,2.5774755,True,True,False,True
3233,CAT FOOD,1.7191657,False,False,False,False
3234,COOKIES/CONES,2.7805052,True,True,False,True
3235,PORK,2.157605,False,False,False,False
3236,SEAFOOD - FROZEN,1.4610255,False,False,False,False
3237,CANDY - PACKAGED,2.4797633,True,True,False,True
3238,SOFT DRINKS,2.6372764,False,False,True,True
3239,BEEF,0.6718623,True,True,False,True
3240,SEAFOOD - MISC,0.38812384,False,False,False,False
3241,BABY FOODS,2.9463968,False,False,False,False
3242,ICE CREAM/MILK/SHERBTS,1.3238257,True,True,False,True
3243,BAG SNACKS,0.09312408,True,True,False,True
3244,CANDY - CHECKLANE,1.1289296,True,True,False,True
3245,YOGURT,2.0572886,True,True,False,True
3246,PNT BTR/JELLY/JAMS,1.2139282,True,True,False,True
3247,BREAKFAST SAUSAGE/SANDWICHES,1.0839021,True,True,False,True
3248,BAG SNACKS,-2.6381244e-37,True,True,False,True
3249,BEEF,1.2036595,True,True,False,True
3250,HISPANIC,0.3553808,True,True,False,True
3251,ICE CREAM/MILK/SHERBTS,0.6514021,True,True,False,True
3252,BAKING NEEDS,2.3799458,False,True,False,True
3253,VALUE ADDED VEGETABLES,-0.40007874,False,False,False,False
3254,VEGETABLES - ALL OTHERS,0.03397533,False,False,False,False
3255,SOFT DRINKS,1.1967504,False,False,True,True
3256,FACIAL TISS/DNR NAPKIN,2.3664398,False,True,False,True
3257,HISPANIC,0.58286667,True,True,False,True
3258,DINNER SAUSAGE,0.91535807,False,True,False,True
3259,FRUIT - SHELF STABLE,2.3171346,False,True,False,True
3260,CIGARETTES,0.35828832,False,False,False,False
3261,SOFT DRINKS,0.36056,False,False,True,True
3262,DRY NOODLES/PASTA,-0.72613186,True,True,False,True
3263,DRY NOODLES/PASTA,1.6932032,True,True,False,True
3264,SALAD MIX,1.0630354,False,False,False,False
3265,BEERS/ALES,-0.06844139,False,True,False,True
3266,CHEESE,1.0363923,True,True,False,True
3267,DRY BN/VEG/POTATO/RICE,2.1005154,True,True,False,True
3268,FRZN VEGETABLE/VEG DSH,0.9736631,True,True,False,True
3269,BLEACH,2.7865183,False,True,False,True
3270,COOKIES,1.189176,False,False,False,False
3271,MEAT - SHELF STABLE,1.1676699,True,True,False,True
3272,REFRGRATD JUICES/DRNKS,1.3404133,True,True,False,True
3273,DRY SAUCES/GRAVY,0.19509482,False,True,False,True
3274,COLD CEREAL,1.1537936,True,True,False,True
3275,SOFT DRINKS,1.9729356,False,False,True,True
3276,DINNER SAUSAGE,1.2612777,False,True,False,True
3277,COLD CEREAL,2.6524131,True,True,False,True
3278,PWDR/CRYSTL DRNK MX,-0.016410345,False,False,False,False
3279,SEAFOOD - SHELF STABLE,1.8658098,True,True,False,True
3280,MUSHROOMS,0.09664693,True,True,False,True
3281,FRZN MEAT/MEAT DINNERS,5.6311884,False,False,True,True
3282,SOUP,1.1295158,True,True,False,True
3283,SALD DRSNG/SNDWCH SPRD,1.336931,True,True,False,True
3284,PICKLE/RELISH/PKLD VEG,0.63838685,True,True,False,True
3285,BAG SNACKS,2.6816435,True,True,False,True
3286,CANDY - CHECKLANE,0.89345443,True,True,False,True
3287,BEANS - CANNED GLASS & MW,4.1917176,False,True,False,True
3288,FROZEN PIZZA,1.5449376,False,True,False,True
3289,COLD CEREAL,3.3051302,True,True,False,True
3290,BEERS/ALES,2.9462585,False,True,False,True
3291,BEERS/ALES,0.8555253,False,True,False,True
3292,HOT CEREAL,0.5007801,True,True,False,True
3293,PROCESSED,1.2537754,False,False,False,False
3294,REFRGRATD JUICES/DRNKS,1.3150592,True,True,False,True
3295,REFRGRATD JUICES/DRNKS,2.1960666,True,True,False,True
3296,SALD DRSNG/SNDWCH SPRD,1.2833651,True,True,False,True
3297,FRUIT - SHELF STABLE,-0.19735856,False,True,False,True
3298,FRZN MEAT/MEAT DINNERS,1.1450764,False,False,True,True
3299,HISPANIC,0.59847015,True,True,False,True
3300,SNACK NUTS,0.74241304,True,True,False,True
3301,BAG SNACKS,-0.8765646,True,True,False,True
3302,ICE CREAM/MILK/SHERBTS,-0.6579621,True,True,False,True
3303,FRUIT - SHELF STABLE,3.024734,False,True,False,True
3304,FRZN MEAT/MEAT DINNERS,1.5990344,False,False,True,True
3305,BAKED BREAD/BUNS/ROLLS,2.4526465,True,True,False,True
3306,BEEF,1.4037317e-06,True,True,False,True
3307,ICE CREAM/MILK/SHERBTS,1.5254084,True,True,False,True
3308,BEEF,-0.932306,True,True,False,True
3309,APPLES,-0.12120859,False,False,False,False
3310,VEGETABLES SALAD,0.090443894,False,False,False,False
3311,FRUIT - SHELF STABLE,2.7023084,False,True,False,True
3312,YOGURT,1.4747094,True,True,False,True
3313,CANDY - CHECKLANE,0.94783896,True,True,False,True
3314,YOGURT,2.8051019,True,True,False,True
3315,COFFEE,1.0606481,True,True,False,True
3316,CAT FOOD,0.18282424,False,False,False,False
3317,FLUID MILK PRODUCTS,-0.18881078,False,False,False,False
3318,DELI MEATS,-0.0330593,True,True,False,True
3319,MILK BY-PRODUCTS,1.8954397,True,True,False,True
3320,WATER - CARBONATED/FLVRD DRINK,-1.5392107,True,True,False,True
3321,MILK BY-PRODUCTS,0.85275435,True,True,False,True
3322,SOUP,0.84479207,True,True,False,True
3323,PNT BTR/JELLY/JAMS,0.45655864,True,True,False,True
3324,FRZN MEAT/MEAT DINNERS,-1.0270463,False,False,True,True
3325,MEAT - SHELF STABLE,1.3033578,True,True,False,True
3326,CONVENIENT BRKFST/WHLSM SNACKS,1.1849207,True,True,False,True
3327,BERRIES,2.3944383,False,False,False,False
3328,BEERS/ALES,0.7422197,False,True,False,True
3329,FLUID MILK PRODUCTS,0.6150771,False,False,False,False
3330,COCOA MIXES,2.6439805,False,True,False,True
3331,STONE FRUIT,2.821238,False,False,False,False
3332,REFRGRATD DOUGH PRODUCTS,1.4244684,False,True,False,True
3333,SUGARS/SWEETNERS,2.6176918,True,True,False,True
3334,POPCORN,2.3574514,True,True,False,True
3335,SOFT DRINKS,2.5955558,False,False,True,True
3336,BEERS/ALES,1.7895458,False,True,False,True
3337,HISPANIC,1.0600836,True,True,False,True
3338,BAKED SWEET GOODS,-0.20470697,True,True,False,True
3339,EXOTIC GAME/FOWL,4.463213,,,,
3340,CHEESE,0.67960286,True,True,False,True
3341,FRZN VEGETABLE/VEG DSH,0.27398005,True,True,False,True
3342,FRZN MEAT/MEAT DINNERS,1.5234251,False,False,True,True
3343,ISOTONIC DRINKS,1.3946431,False,False,False,False
3344,NEWSPAPER,-1.06727635e-36,False,False,False,False
3345,DRY BN/VEG/POTATO/RICE,0.52046084,True,True,False,True
3346,CIGARETTES,1.4971342,False,False,False,False
3347,SALD DRSNG/SNDWCH SPRD,2.0931742,True,True,False,True
3348,MARGARINES,1.1968396,True,True,False,True
3349,FRZN VEGETABLE/VEG DSH,1.1935737,True,True,False,True
3350,FLUID MILK PRODUCTS,1.5940834,False,False,False,False
3351,HOT CEREAL,0.8698308,True,True,False,True
3352,MILK BY-PRODUCTS,-0.39381042,True,True,False,True
3353,FRUIT - SHELF STABLE,2.8449025,False,True,False,True
3354,COLD CEREAL,2.0571752,True,True,False,True
3355,PORK,0.26007348,False,False,False,False
3356,VALUE ADDED VEGETABLES,0.67904097,False,False,False,False
3357,BAKING NEEDS,1.1267394,False,True,False,True
3358,WATER - CARBONATED/FLVRD DRINK,0.38557762,True,True,False,True
3359,YOGURT,1.4260291,True,True,False,True
3360,SUGARS/SWEETNERS,0.43218386,True,True,False,True
3361,CONDIMENTS/SAUCES,-1.1251832,True,True,False,True
3362,CHEESE,0.38356355,True,True,False,True
3363,VEGETABLES - SHELF STABLE,1.0816505,True,True,False,True
3364,VEGETABLES - SHELF STABLE,-0.01520442,True,True,False,True
3365,REFRGRATD DOUGH PRODUCTS,3.0881526,False,True,False,True
3366,BEANS - CANNED GLASS & MW,2.8919258,False,True,False,True
3367,FLUID MILK PRODUCTS,-0.2229753,False,False,False,False
3368,PASTA SAUCE,3.037428,False,True,False,True
3369,BAKED BREAD/BUNS/ROLLS,1.2321119,True,True,False,True
3370,CONVENIENT BRKFST/WHLSM SNACKS,1.8721662,True,True,False,True
3371,COLD CEREAL,2.3628342,True,True,False,True
3372,COOKIES/CONES,2.8681114,True,True,False,True
3373,YOGURT,1.3340833,True,True,False,True
3374,LUNCHMEAT,0.9063873,True,True,False,True
3375,ORGANICS FRUIT & VEGETABLES,1.9078641,True,True,False,True
3376,BAG SNACKS,1.9908369,True,True,False,True
3377,FACIAL TISS/DNR NAPKIN,0.31579727,False,True,False,True
3378,REFRGRATD DOUGH PRODUCTS,2.151816,False,True,False,True
3379,CANDY - CHECKLANE,0.96290576,True,True,False,True
3380,SOUP,1.5806912,True,True,False,True
3381,SMOKED MEATS,-1.4399142e-05,False,False,True,False
3382,DELI MEATS,0.38344213,True,True,False,True
3383,DRY BN/VEG/POTATO/RICE,1.5449448,True,True,False,True
3384,APPLES,0.071282074,False,False,False,False
3385,CHEESE,1.2092577,True,True,False,True
3386,ICE CREAM/MILK/SHERBTS,0.07635205,True,True,False,True
3387,FRUIT - SHELF STABLE,0.5320314,False,True,False,True
3388,FRUIT - SHELF STABLE,2.0701954,False,True,False,True
3389,BROCCOLI/CAULIFLOWER,-0.30014136,False,False,False,False
3390,COOKIES/CONES,-1.1316231,True,True,False,True
3391,MEAT - SHELF STABLE,0.8291922,True,True,False,True
3392,CRACKERS/MISC BKD FD,1.1454481,True,True,False,True
3393,DRY BN/VEG/POTATO/RICE,1.2788249,True,True,False,True
3394,PNT BTR/JELLY/JAMS,2.318645,True,True,False,True
3395,MOLASSES/SYRUP/PANCAKE MIXS,2.120335,False,False,False,False
3396,HOT DOGS,1.7770587,True,True,False,True
3397,ICE CREAM/MILK/SHERBTS,2.2242932,True,True,False,True
3398,SALAD BAR,-0.17569306,False,False,False,False
3399,DRY NOODLES/PASTA,1.6820725,True,True,False,True
3400,BAKING MIXES,0.36343178,False,True,False,True
3401,CONVENIENT BRKFST/WHLSM SNACKS,1.7187811,True,True,False,True
3402,FROZEN PIZZA,0.32597858,False,True,False,True
3403,FLUID MILK PRODUCTS,0.4650354,False,False,False,False
3404,BAKED BREAD/BUNS/ROLLS,0.6127364,True,True,False,True
3405,BAG SNACKS,0.2699759,True,True,False,True
3406,SOUP,-1.1483606,True,True,False,True
3407,BAKING NEEDS,3.5484893,False,True,False,True
3408,FLOUR & MEALS,6.890335e-07,False,False,False,False
3409,BREAKFAST SAUSAGE/SANDWICHES,1.9237287,True,True,False,True
3410,FROZEN MEAT,1.6854208,True,True,False,True
3411,SOFT DRINKS,2.8661275,False,False,True,True
3412,FRZN POTATOES,0.58347136,False,True,False,True
3413,BEERS/ALES,0.8220256,False,True,False,True
3414,SALD DRSNG/SNDWCH SPRD,1.3724248,True,True,False,True
3415,FRZN MEAT/MEAT DINNERS,1.9013094,False,False,True,True
3416,FRZN MEAT/MEAT DINNERS,0.9061498,False,False,True,True
3417,FROZEN MEAT,1.4744158,True,True,False,True
3418,CHEESES,0.3719504,False,False,False,False
3419,CRACKERS/MISC BKD FD,1.7916635,True,True,False,True
3420,FRZN MEAT/MEAT DINNERS,0.41487435,False,False,True,True
3421,PASTA SAUCE,0.08320284,False,True,False,True
3422,BAG SNACKS,2.9262397,True,True,False,True
3423,BEERS/ALES,0.80611086,False,True,False,True
3424,VEGETABLES - SHELF STABLE,0.41724667,True,True,False,True
3425,BATH TISSUES,1.9197975,False,False,False,False
3426,MILK BY-PRODUCTS,-0.19578195,True,True,False,True
3427,CANNED JUICES,1.8154213,False,True,False,True
3428,FLUID MILK PRODUCTS,-1.6270757,False,False,False,False
3429,FRZN VEGETABLE/VEG DSH,1.9827151,True,True,False,True
3430,MEAT - SHELF STABLE,1.7864686,True,True,False,True
3431,DRY MIX DESSERTS,4.3681455,False,False,False,False
3432,FRZN NOVELTIES/WTR ICE,1.0768801,False,True,False,True
3433,DRY NOODLES/PASTA,1.5168873,True,True,False,True
3434,FRUIT - SHELF STABLE,2.233178,False,True,False,True
3435,ICE CREAM/MILK/SHERBTS,1.7541869,True,True,False,True
3436,SOFT DRINKS,0.47330442,False,False,True,True
3437,CANDY - PACKAGED,0.81375164,True,True,False,True
3438,REFRGRATD DOUGH PRODUCTS,2.0321758,False,True,False,True
3439,FROZEN PIZZA,2.860003,False,True,False,True
3440,HOUSEHOLD CLEANG NEEDS,0.6111601,False,False,False,False
3441,EGGS,1.6440978,False,True,False,True
3442,APPLES,2.2940433,False,False,False,False
3443,SOFT DRINKS,-0.7127767,False,False,True,True
3444,YOGURT,1.4527658,True,True,False,True
3445,LUNCHMEAT,1.3029269,True,True,False,True
3446,CRACKERS/MISC BKD FD,0.9199918,True,True,False,True
3447,BREAD,0.8067797,True,True,False,True
3448,FRUIT - SHELF STABLE,0.738305,False,True,False,True
3449,HISPANIC,-0.9830559,True,True,False,True
3450,FRUIT - SHELF STABLE,2.174157,False,True,False,True
3451,CAT FOOD,0.26274002,False,False,False,False
3452,CHICKEN,0.94732285,False,False,False,False
3453,MOLASSES/SYRUP/PANCAKE MIXS,0.79638726,False,False,False,False
3454,DINNER MXS:DRY,1.2213231,True,True,False,True
3455,CHICKEN/POULTRY,1.6843994,False,False,False,False
3456,BREAKFAST SAUSAGE/SANDWICHES,2.0391273,True,True,False,True
3457,PROCESSED,-0.21134438,False,False,False,False
3458,NEWSPAPER,1.8070121e-37,False,False,False,False
3459,COFFEE,1.0259123,True,True,False,True
3460,DRY BN/VEG/POTATO/RICE,1.5812573,True,True,False,True
3461,VEGETABLES - ALL OTHERS,1.7218928,False,False,False,False
3462,SUGARS/SWEETNERS,1.4161131,True,True,False,True
3463,FRZN MEAT/MEAT DINNERS,2.275729,False,False,True,True
3464,DRY BN/VEG/POTATO/RICE,-0.5059048,True,True,False,True
3465,SEAFOOD-FRESH,1.2220701,False,False,False,False
3466,CONDIMENTS/SAUCES,0.7120495,True,True,False,True
3467,PASTA SAUCE,0.5724121,False,True,False,True
3468,SOUP,1.9085574,True,True,False,True
3469,CHEESE,-0.62019116,True,True,False,True
3470,FLUID MILK PRODUCTS,0.35086524,False,False,False,False
3471,DRY NOODLES/PASTA,0.9865356,True,True,False,True
3472,SOFT DRINKS,0.83424634,False,False,True,True
3473,VALUE ADDED FRUIT,-0.1398718,False,False,False,False
3474,DINNER MXS:DRY,0.3823709,True,True,False,True
3475,APPLES,1.2938664,False,False,False,False
3476,INFANT FORMULA,0.35710225,False,False,False,False
3477,FROZEN PIZZA,0.8461349,False,True,False,True
3478,CANNED JUICES,0.5006963,False,True,False,True
3479,CONVENIENT BRKFST/WHLSM SNACKS,2.4287841,True,True,False,True
3480,SHORTENING/OIL,1.8688471,True,True,False,True
3481,BAKING MIXES,1.4828491,False,True,False,True
3482,CANDY - CHECKLANE,0.929534,True,True,False,True
3483,FRZN POTATOES,0.19140467,False,True,False,True
3484,REFRGRATD DOUGH PRODUCTS,1.911548,False,True,False,True
3485,REFRGRATD JUICES/DRNKS,-1.9551435,True,True,False,True
3486,SALADS/DIPS,0.78772557,False,False,False,False
3487,FRZN POTATOES,1.789367,False,True,False,True
3488,DRY NOODLES/PASTA,1.6592016,True,True,False,True
3489,CHEESE,0.39680362,True,True,False,True
3490,BATH TISSUES,0.9143115,False,False,False,False
3491,SOUP,2.5583768,True,True,False,True
3492,COLD CEREAL,2.4559073,True,True,False,True
3493,APPLES,-0.18218727,False,False,False,False
3494,BEEF,1.1678855,True,True,False,True
3495,FRZN MEAT/MEAT DINNERS,0.4744271,False,False,True,True
3496,FRZN MEAT/MEAT DINNERS,1.919843,False,False,True,True
3497,CRACKERS/MISC BKD FD,0.9729989,True,True,False,True
3498,SOFT DRINKS,-0.3024861,False,False,True,True
3499,FLUID MILK PRODUCTS,1.1762444,False,False,False,False
3500,DELI MEATS,0.07522179,True,True,False,True
3501,FRZN POTATOES,0.95087427,False,True,False,True
3502,BEERS/ALES,1.4141458,False,True,False,True
3503,CHEESE,0.6002625,True,True,False,True
3504,FLORAL BALLOONS,-0.12518376,,,,
3505,SOUP,0.54217243,True,True,False,True
3506,BAKED SWEET GOODS,0.055200007,True,True,False,True
3507,COLD CEREAL,2.5362277,True,True,False,True
3508,CANDY - CHECKLANE,1.4065877,True,True,False,True
3509,BABY FOODS,-0.95185506,False,False,False,False
3510,PORK,1.5340873,False,False,False,False
3511,BEANS - CANNED GLASS & MW,0.4829933,False,True,False,True
3512,CONVENIENT BRKFST/WHLSM SNACKS,1.5330644,True,True,False,True
3513,CHEESE,-0.004393604,True,True,False,True
3514,CANDY - CHECKLANE,1.4377732,True,True,False,True
3515,FROZEN BREAD/DOUGH,2.6652577,True,True,False,True
3516,CONVENIENT BRKFST/WHLSM SNACKS,1.6803346,True,True,False,True
3517,HOUSEHOLD CLEANG NEEDS,-1.2036974,False,False,False,False
3518,BEEF,-0.14670552,True,True,False,True
3519,CHICKEN,2.496286,False,False,False,False
3520,COFFEE,4.7420173,True,True,False,True
3521,CHEESE,0.45280036,True,True,False,True
3522,FROZEN BREAD/DOUGH,0.53570503,True,True,False,True
3523,FROZEN BREAD/DOUGH,1.328069,True,True,False,True
3524,BAG SNACKS,7.574842e-06,True,True,False,True
3525,SOFT DRINKS,0.95189345,False,False,True,True
3526,ICE CREAM/MILK/SHERBTS,1.8751159,True,True,False,True
3527,FRZN MEAT/MEAT DINNERS,1.8942463,False,False,True,True
3528,PWDR/CRYSTL DRNK MX,0.97500277,False,False,False,False
3529,FROZEN BREAD/DOUGH,2.76931,True,True,False,True
3530,CHEESE,0.80379224,True,True,False,True
3531,LUNCHMEAT,2.195404,True,True,False,True
3532,BEERS/ALES,1.6077516,False,True,False,True
3533,HOUSEHOLD CLEANG NEEDS,3.1219385,False,False,False,False
3534,WAREHOUSE SNACKS,1.8585479,True,True,False,True
3535,SOFT DRINKS,2.588384,False,False,True,True
3536,SALAD MIX,1.6282806,False,False,False,False
3537,SHORTENING/OIL,1.339237,True,True,False,True
3538,VEGETABLES - SHELF STABLE,0.29345337,True,True,False,True
3539,SPICES & EXTRACTS,0.36695394,False,True,False,True
3540,FRZN NOVELTIES/WTR ICE,1.6139205,False,True,False,True
3541,MISC. DAIRY,1.6500503,False,False,False,False
3542,SOFT DRINKS,2.0488892,False,False,True,True
3543,HOUSEHOLD CLEANG NEEDS,1.219339,False,False,False,False
3544,DRY BN/VEG/POTATO/RICE,-1.1364163,True,True,False,True
3545,DRY NOODLES/PASTA,0.34079283,True,True,False,True
3546,COOKIES/CONES,2.3960364,True,True,False,True
3547,REFRGRATD DOUGH PRODUCTS,1.6607192,False,True,False,True
3548,OVERNIGHT PHOTOFINISHING,-0.13249922,,,,
3549,BREAKFAST SAUSAGE/SANDWICHES,2.6900847,True,True,False,True
3550,FROZEN PIE/DESSERTS,1.3744291,False,False,False,False
3551,FACIAL TISS/DNR NAPKIN,1.1852137,False,True,False,True
3552,COLD CEREAL,3.8368356,True,True,False,True
3553,BATH TISSUES,3.4290013,False,False,False,False
3554,FRZN POTATOES,1.3689028,False,True,False,True
3555,ICE CREAM/MILK/SHERBTS,0.6465121,True,True,False,True
3556,SEAFOOD - SHELF STABLE,2.0064044,True,True,False,True
3557,CAT FOOD,1.6475031,False,False,False,False
3558,FLOUR & MEALS,-0.35323846,False,False,False,False
3559,CIGARETTES,0.28887144,False,False,False,False
3560,HISPANIC,0.4199888,True,True,False,True
3561,BAG SNACKS,1.6521039,True,True,False,True
3562,POTATOES,0.7662786,False,False,False,False
3563,BABY FOODS,1.0169944,False,False,False,False
3564,FRUIT - SHELF STABLE,3.6864352,False,True,False,True
3565,CITRUS,0.32626614,False,True,False,True
3566,VEGETABLES - ALL OTHERS,2.3318076,False,False,False,False
3567,LUNCHMEAT,2.4237714,True,True,False,True
3568,LUNCHMEAT,1.6365821,True,True,False,True
3569,NUTS,0.47054926,False,False,False,False
3570,FRZN POTATOES,2.432038,False,True,False,True
3571,FRZN MEAT/MEAT DINNERS,1.0266265,False,False,True,True
3572,COUPON/MISC ITEMS,0.06373659,False,False,False,False
3573,DRY BN/VEG/POTATO/RICE,2.101771,True,True,False,True
3574,PNT BTR/JELLY/JAMS,1.9771465,True,True,False,True
3575,CHEESE,0.54585075,True,True,False,True
3576,CANNED JUICES,-3.670936,False,True,False,True
3577,SOUP,-2.8178238e-05,True,True,False,True
3578,FROZEN PIZZA,-0.13647984,False,True,False,True
3579,SOFT DRINKS,0.60543865,False,False,True,True
3580,SEAFOOD - SHELF STABLE,2.0269902,True,True,False,True
3581,REFRGRATD JUICES/DRNKS,0.730677,True,True,False,True
3582,YOGURT,2.1345234,True,True,False,True
3583,COLD CEREAL,-0.2597523,True,True,False,True
3584,DRY SAUCES/GRAVY,4.0477996,False,True,False,True
3585,DELI MEATS,-0.119958706,True,True,False,True
3586,SOFT DRINKS,1.5879041,False,False,True,True
3587,NO COMMODITY DESCRIPTION,1.3391821,False,False,False,False
3588,REFRGRATD DOUGH PRODUCTS,0.956622,False,True,False,True
3589,MAGAZINE,5.889043e-06,False,False,False,False
3590,ROLLS,1.2893579,False,False,True,True
3591,COOKIES/CONES,2.1602743,True,True,False,True
3592,DINNER MXS:DRY,3.1897926,True,True,False,True
3593,SOUP,-0.5522473,True,True,False,True
3594,PNT BTR/JELLY/JAMS,1.3710686,True,True,False,True
3595,SOUP,1.8790208,True,True,False,True
3596,PWDR/CRYSTL DRNK MX,1.4074954,False,False,False,False
3597,SEAFOOD - SHELF STABLE,2.0368125,True,True,False,True
3598,MISC. DAIRY,0.69859076,False,False,False,False
3599,SOUP,1.2969147,True,True,False,True
3600,PASTA SAUCE,1.3493104,False,True,False,True
3601,MILK BY-PRODUCTS,1.6190093,True,True,False,True
3602,DISHWASH DETERGENTS,0.6789437,False,False,False,False
3603,FRZN POTATOES,0.6265761,False,True,False,True
3604,MEAT - SHELF STABLE,2.1941578,True,True,False,True
3605,HISPANIC,0.29601616,True,True,False,True
3606,CHEESE,-1.3135079,True,True,False,True
3607,HISPANIC,1.1672474,True,True,False,True
3608,WATER - CARBONATED/FLVRD DRINK,-1.2695498,True,True,False,True
3609,VEGETABLES - SHELF STABLE,0.8377555,True,True,False,True
3610,VEGETABLES - SHELF STABLE,0.5263039,True,True,False,True
3611,SUGARS/SWEETNERS,1.5877678,True,True,False,True
3612,COLD CEREAL,2.4963577,True,True,False,True
3613,FROZEN PIZZA,2.4075458,False,True,False,True
3614,PASTA SAUCE,1.3178616,False,True,False,True
3615,MARGARINES,0.6588017,True,True,False,True
3616,FRUIT - SHELF STABLE,3.5972397,False,True,False,True
3617,ONIONS,0.93328905,False,False,False,False
3618,BAKED BREAD/BUNS/ROLLS,0.4658659,True,True,False,True
3619,BAG SNACKS,1.4226867,True,True,False,True
3620,BAG SNACKS,-0.60447514,True,True,False,True
3621,CONVENIENT BRKFST/WHLSM SNACKS,1.4957999,True,True,False,True
3622,ICE CREAM/MILK/SHERBTS,1.2762339,True,True,False,True
3623,NEWSPAPER,-1.6204127e-05,False,False,False,False
3624,VEGETABLES - SHELF STABLE,-0.22684725,True,True,False,True
3625,FRZN VEGETABLE/VEG DSH,1.9963244,True,True,False,True
3626,CONVENIENT BRKFST/WHLSM SNACKS,1.4508644,True,True,False,True
3627,PAPER TOWELS,2.3746548,False,False,False,False
3628,MISC. DAIRY,1.2665176,False,False,False,False
3629,CHICKEN,0.53267515,False,False,False,False
3630,SPICES & EXTRACTS,1.6302807,False,True,False,True
3631,CRACKERS/MISC BKD FD,1.2700837,True,True,False,True
3632,ICE CREAM/MILK/SHERBTS,1.6735024,True,True,False,True
3633,CANDY - CHECKLANE,2.2297163,True,True,False,True
3634,VEGETABLES - SHELF STABLE,0.85756177,True,True,False,True
3635,CORN,2.154678,False,True,False,True
3636,CANDY - CHECKLANE,0.94937915,True,True,False,True
3637,FRZN BREAKFAST FOODS,1.0869197,True,True,False,True
3638,LUNCHMEAT,1.4097036,True,True,False,True
3639,CAT FOOD,-0.916067,False,False,False,False
3640,REFRGRATD DOUGH PRODUCTS,0.60896647,False,True,False,True
3641,ORGANICS FRUIT & VEGETABLES,1.9881879,True,True,False,True
3642,FRZN MEAT/MEAT DINNERS,1.5786239,False,False,True,True
3643,SUGARS/SWEETNERS,8.153254e-06,True,True,False,True
3644,FRZN NOVELTIES/WTR ICE,2.2416291,False,True,False,True
3645,TOMATOES,0.39166185,False,False,False,False
3646,FLUID MILK PRODUCTS,1.0617582,False,False,False,False
3647,FROZEN PIZZA,1.7524495,False,True,False,True
3648,COOKIES/CONES,-4.8830786,True,True,False,True
3649,FRZN MEAT/MEAT DINNERS,0.04547788,False,False,True,True
3650,DRY SAUCES/GRAVY,2.284581,False,True,False,True
3651,SWEET GOODS & SNACKS,-0.53437155,False,False,False,False
3652,PASTA SAUCE,2.7398264,False,True,False,True
3653,PAPER TOWELS,-2.89396,False,False,False,False
3654,MILK BY-PRODUCTS,-0.28483412,True,True,False,True
3655,BAG SNACKS,1.5094647,True,True,False,True
3656,FD WRAPS/BAGS/TRSH BG,1.912332,True,True,False,True
3657,CHEESE,0.18003662,True,True,False,True
3658,TROPICAL FRUIT,0.3304686,False,False,False,False
3659,BAKED BREAD/BUNS/ROLLS,0.8490583,True,True,False,True
3660,DELI MEATS,0.15769397,True,True,False,True
3661,REFRGRATD JUICES/DRNKS,0.6795321,True,True,False,True
3662,LUNCHMEAT,1.0810262,True,True,False,True
3663,CHEESE,0.6839462,True,True,False,True
3664,SOFT DRINKS,0.6069864,False,False,True,True
3665,VEGETABLES - SHELF STABLE,1.1800075,True,True,False,True
3666,VEGETABLES - SHELF STABLE,1.0058764,True,True,False,True
3667,VEGETABLES - SHELF STABLE,0.77604514,True,True,False,True
3668,CIGARETTES,-1.3710337,False,False,False,False
3669,CANNED JUICES,1.1192263,False,True,False,True
3670,VEGETABLES - SHELF STABLE,1.3917148,True,True,False,True
3671,DRY NOODLES/PASTA,2.972064,True,True,False,True
3672,FRZN MEAT/MEAT DINNERS,1.8332342,False,False,True,True
3673,WATER - CARBONATED/FLVRD DRINK,-2.102802,True,True,False,True
3674,FRZN MEAT/MEAT DINNERS,0.542924,False,False,True,True
3675,FROZEN MEAT,0.5505053,True,True,False,True
3676,FROZEN PIZZA,1.8058329,False,True,False,True
3677,BATH TISSUES,8.344298,False,False,False,False
3678,FRUIT - SHELF STABLE,1.8842326,False,True,False,True
3679,BAG SNACKS,-1.4641602,True,True,False,True
3680,MARGARINES,1.9433521,True,True,False,True
3681,ORGANICS FRUIT & VEGETABLES,-0.49947354,True,True,False,True
3682,BEANS - CANNED GLASS & MW,0.78693235,False,True,False,True
3683,CHICKEN,0.5327299,False,False,False,False
3684,VEGETABLES - SHELF STABLE,0.5351782,True,True,False,True
3685,SOUP,1.9675378,True,True,False,True
3686,MEAT - SHELF STABLE,0.6092166,True,True,False,True
3687,COOKIES/CONES,2.5687232,True,True,False,True
3688,PAPER HOUSEWARES,1.4451206,True,True,False,True
3689,DINNER MXS:DRY,1.5854932,True,True,False,True
3690,DRY BN/VEG/POTATO/RICE,0.8290017,True,True,False,True
3691,FIRST AID PRODUCTS,1.347776,,,,
3692,CONVENIENT BRKFST/WHLSM SNACKS,2.9468849,True,True,False,True
3693,PAPER HOUSEWARES,1.0707536,True,True,False,True
3694,CANNED JUICES,0.87681025,False,True,False,True
3695,YOGURT,0.2932972,True,True,False,True
3696,REFRGRATD DOUGH PRODUCTS,2.0403864,False,True,False,True
3697,BAKING MIXES,1.957698,False,True,False,True
3698,OLIVES,1.0544883,True,True,False,True
3699,LUNCHMEAT,2.070734,True,True,False,True
3700,CANDY - PACKAGED,-0.39065412,True,True,False,True
3701,SOFT DRINKS,1.7702028,False,False,True,True
3702,FROZEN MEAT,2.7896874,True,True,False,True
3703,ISOTONIC DRINKS,1.8172538,False,False,False,False
3704,DRY NOODLES/PASTA,1.9407154,True,True,False,True
3705,SOFT DRINKS,0.2955047,False,False,True,True
3706,COOKIES/CONES,1.7654042,True,True,False,True
3707,CHEESE,1.6480201,True,True,False,True
3708,PICKLE/RELISH/PKLD VEG,1.88498,True,True,False,True
3709,FRUIT - SHELF STABLE,3.0181706,False,True,False,True
3710,APPLES,-3.362853,False,False,False,False
3711,FRZN BREAKFAST FOODS,3.6125844,True,True,False,True
3712,COOKIES/CONES,1.1727722,True,True,False,True
3713,COFFEE,0.6651704,True,True,False,True
3714,BAKING NEEDS,-2.1821737,False,True,False,True
3715,CIGARETTES,0.60737514,False,False,False,False
3716,MARGARINES,2.060067,True,True,False,True
3717,BATTERIES,-0.14451641,False,False,False,False
3718,CHICKEN,0.18367325,False,False,False,False
3719,DRY BN/VEG/POTATO/RICE,1.4425677,True,True,False,True
3720,ICE CREAM/MILK/SHERBTS,1.3313867,True,True,False,True
3721,LUNCHMEAT,0.47560942,True,True,False,True
3722,FRZN BREAKFAST FOODS,2.2151449,True,True,False,True
3723,CRACKERS/MISC BKD FD,2.044397,True,True,False,True
3724,DELI MEATS,0.18475468,True,True,False,True
3725,CHEESES,0.46202323,False,False,False,False
3726,DRY BN/VEG/POTATO/RICE,-2.602055,True,True,False,True
3727,DINNER MXS:DRY,1.2198899,True,True,False,True
3728,CONVENIENT BRKFST/WHLSM SNACKS,2.2987463,True,True,False,True
3729,APPLES,0.11760405,False,False,False,False
3730,BAKED BREAD/BUNS/ROLLS,0.1219365,True,True,False,True
3731,FRZN VEGETABLE/VEG DSH,1.4812021,True,True,False,True
3732,REFRGRATD DOUGH PRODUCTS,0.513491,False,True,False,True
3733,COLD CEREAL,1.017377,True,True,False,True
3734,YOGURT,1.5173038,True,True,False,True
3735,YOGURT,1.2067708,True,True,False,True
3736,PASTA SAUCE,3.5627995,False,True,False,True
3737,CANDY - PACKAGED,1.8340999,True,True,False,True
3738,FRZN MEAT/MEAT DINNERS,-0.41590416,False,False,True,True
3739,BEERS/ALES,-0.39442068,False,True,False,True
3740,SOFT DRINKS,1.6226063,False,False,True,True
3741,HISPANIC,1.4691025,True,True,False,True
3742,FRUIT - SHELF STABLE,1.7950768,False,True,False,True
3743,CRACKERS/MISC BKD FD,0.54632556,True,True,False,True
3744,BLEACH,1.2322094,False,True,False,True
3745,EGGS,0.3077797,False,True,False,True
3746,FROZEN PIZZA,1.5971361,False,True,False,True
3747,FROZEN PIZZA,0.82154834,False,True,False,True
3748,FROZEN PIZZA,1.0514852,False,True,False,True
3749,SOFT DRINKS,0.4803998,False,False,True,True
3750,FRUIT - SHELF STABLE,2.681384,False,True,False,True
3751,BAG SNACKS,4.9416933,True,True,False,True
3752,WATER - CARBONATED/FLVRD DRINK,-0.9990077,True,True,False,True
3753,SOFT DRINKS,1.2543716,False,False,True,True
3754,SALD DRSNG/SNDWCH SPRD,6.1566544,True,True,False,True
3755,YOGURT,0.48911,True,True,False,True
3756,BAKED SWEET GOODS,-2.3094141,True,True,False,True
3757,WATER - CARBONATED/FLVRD DRINK,-0.9937243,True,True,False,True
3758,CANDY - PACKAGED,2.6044128,True,True,False,True
3759,MISC. DAIRY,-0.051711638,False,False,False,False
3760,ICE CREAM/MILK/SHERBTS,2.5026488,True,True,False,True
3761,MARGARINES,0.32297662,True,True,False,True
3762,FROZEN BREAD/DOUGH,4.442294,True,True,False,True
3763,DOG FOODS,1.5840856,False,False,False,False
3764,PWDR/CRYSTL DRNK MX,-0.40892074,False,False,False,False
3765,COOKIES,2.6985555,False,False,False,False
3766,CAT LITTER,-0.39537898,True,True,False,True
3767,SOFT DRINKS,3.3957615,False,False,True,True
3768,SALAD BAR,-0.4308677,False,False,False,False
3769,CHEESE,1.3466376,True,True,False,True
3770,DRY NOODLES/PASTA,1.8353038,True,True,False,True
3771,HISPANIC,-1.8351985,True,True,False,True
3772,FRZN NOVELTIES/WTR ICE,1.1262132,False,True,False,True
3773,WATER - CARBONATED/FLVRD DRINK,2.5333083,True,True,False,True
3774,DRY MIX DESSERTS,2.9999053,False,False,False,False
3775,CONDIMENTS/SAUCES,-1.0545323,True,True,False,True
3776,SOFT DRINKS,1.8845792,False,False,True,True
3777,CHEESE,1.083497,True,True,False,True
3778,LUNCHMEAT,1.4456717,True,True,False,True
3779,BREAKFAST SWEETS,0.21033259,False,False,False,False
3780,BUTTER,3.432034,True,True,False,True
3781,BREAD,-2.3944788,True,True,False,True
3782,CONDIMENTS/SAUCES,0.03833189,True,True,False,True
3783,FLUID MILK PRODUCTS,1.1512512,False,False,False,False
3784,REFRGRATD DOUGH PRODUCTS,2.1336892,False,True,False,True
3785,MEAT - SHELF STABLE,1.4916445,True,True,False,True
3786,FLUID MILK PRODUCTS,-0.04277254,False,False,False,False
3787,ELECTRICAL SUPPPLIES,1.7728922,True,True,False,True
3788,COOKIES/CONES,1.0761632,True,True,False,True
3789,CONDIMENTS/SAUCES,3.1831806,True,True,False,True
3790,LUNCHMEAT,2.2398279,True,True,False,True
3791,FRZN BREAKFAST FOODS,0.20270953,True,True,False,True
3792,CANDY - CHECKLANE,1.0405089,True,True,False,True
3793,SALADS/DIPS,0.68390125,False,False,False,False
3794,CHEESE,1.482819,True,True,False,True
3795,MARGARINES,1.1652567,True,True,False,True
3796,YOGURT,1.0858152,True,True,False,True
3797,PICKLE/RELISH/PKLD VEG,0.9567059,True,True,False,True
3798,DELI MEATS,-0.08689651,True,True,False,True
3799,ICE CREAM/MILK/SHERBTS,-0.14367606,True,True,False,True
3800,DRIED FRUIT,2.7121127,True,True,False,True
3801,REFRGRATD JUICES/DRNKS,1.1971495,True,True,False,True
3802,SEAFOOD - FROZEN,0.95546883,False,False,False,False
3803,SOFT DRINKS,-0.33787423,False,False,True,True
3804,BEANS - CANNED GLASS & MW,3.9394953,False,True,False,True
3805,CONVENIENT BRKFST/WHLSM SNACKS,0.99902606,True,True,False,True
3806,SOUP,-1.1609744,True,True,False,True
3807,LUNCHMEAT,1.5177548,True,True,False,True
3808,MEAT - SHELF STABLE,1.8882391,True,True,False,True
3809,SPICES & EXTRACTS,1.1845219,False,True,False,True
3810,FRZN POTATOES,1.6433171,False,True,False,True
3811,MEAT - SHELF STABLE,1.4911962,True,True,False,True
3812,CANDY - CHECKLANE,0.56714046,True,True,False,True
3813,VEGETABLES - SHELF STABLE,3.4154046,True,True,False,True
3814,DINNER MXS:DRY,0.7895231,True,True,False,True
3815,BAKING NEEDS,0.4288309,False,True,False,True
3816,POTATOES,2.4104655,False,False,False,False
3817,BAKED BREAD/BUNS/ROLLS,0.39038548,True,True,False,True
3818,MEAT - SHELF STABLE,2.784087,True,True,False,True
3819,BAKING MIXES,0.2441513,False,True,False,True
3820,FRZN MEAT/MEAT DINNERS,0.23356628,False,False,True,True
3821,PASTA SAUCE,1.7612021,False,True,False,True
3822,CHEESE,1.444841,True,True,False,True
3823,CIGARETTES,0.07052141,False,False,False,False
3824,ROLLS,-0.18962225,False,False,True,True
3825,FRZN VEGETABLE/VEG DSH,2.3539054,True,True,False,True
3826,HOT DOGS,1.8386524,True,True,False,True
3827,FRZN MEAT/MEAT DINNERS,1.8428084,False,False,True,True
3828,FROZEN PIZZA,1.846854,False,True,False,True
3829,DINNER SAUSAGE,3.2692337,False,True,False,True
3830,FRZN MEAT/MEAT DINNERS,1.953612,False,False,True,True
3831,CHEESE,1.4369702,True,True,False,True
3832,BUTTER,1.3460374,True,True,False,True
3833,BLEACH,0.17058723,False,True,False,True
3834,HOT CEREAL,-0.09469842,True,True,False,True
3835,CRACKERS/MISC BKD FD,1.6960013,True,True,False,True
3836,SALAD MIX,0.8208787,False,False,False,False
3837,FRZN VEGETABLE/VEG DSH,1.7733887,True,True,False,True
3838,COLD CEREAL,2.4132767,True,True,False,True
3839,FRZN MEAT/MEAT DINNERS,0.028326502,False,False,True,True
3840,ICE CREAM/MILK/SHERBTS,1.6891136,True,True,False,True
3841,CANDY - CHECKLANE,0.11716073,True,True,False,True
3842,DELI MEATS,-0.2181555,True,True,False,True
3843,LUNCHMEAT,3.596656,True,True,False,True
3844,FRZN MEAT/MEAT DINNERS,1.0265338,False,False,True,True
3845,BAKED BREAD/BUNS/ROLLS,0.23720649,True,True,False,True
3846,CONDIMENTS/SAUCES,-4.641824e-37,True,True,False,True
3847,FLOUR & MEALS,0.40518466,False,False,False,False
3848,MISC. DAIRY,3.8831348,False,False,False,False
3849,SALD DRSNG/SNDWCH SPRD,0.55650234,True,True,False,True
3850,SOFT DRINKS,0.11857029,False,False,True,True
3851,CHEESE,1.0528326,True,True,False,True
3852,CONVENIENT BRKFST/WHLSM SNACKS,3.03981,True,True,False,True
3853,REFRIGERATED,1.2215239,True,True,False,True
3854,CIGARETTES,1.5630914,False,False,False,False
3855,SALAD MIX,2.6104636,False,False,False,False
3856,DRY BN/VEG/POTATO/RICE,1.8931513,True,True,False,True
3857,POTATOES,1.2402766,False,False,False,False
3858,CHEESES,0.72612274,False,False,False,False
3859,FROZEN PIZZA,2.4323378,False,True,False,True
3860,BEANS - CANNED GLASS & MW,1.3261683,False,True,False,True
3861,FRZN NOVELTIES/WTR ICE,0.42595324,False,True,False,True
3862,CHICKEN,0.22316113,False,False,False,False
3863,PACKAGED NATURAL SNACKS,0.4654478,,,,
3864,BAKED BREAD/BUNS/ROLLS,1.23331,True,True,False,True
3865,NEWSPAPER,-1.3124652e-36,False,False,False,False
3866,PEARS,-0.27083316,False,False,False,False
3867,BEERS/ALES,2.2886982,False,True,False,True
3868,FRZN VEGETABLE/VEG DSH,1.39444,True,True,False,True
3869,DRY MIX DESSERTS,-0.08156555,False,False,False,False
3870,COFFEE,0.93189526,True,True,False,True
3871,DRY NOODLES/PASTA,0.057859845,True,True,False,True
3872,DRY SAUCES/GRAVY,1.2525007,False,True,False,True
3873,SPICES & EXTRACTS,3.0049174,False,True,False,True
3874,CITRUS,7.755183,False,True,False,True
3875,LUNCHMEAT,1.2684296,True,True,False,True
3876,PORK,1.9200412,False,False,False,False
3877,BAKING MIXES,0.90383047,False,True,False,True
3878,MEAT - MISC,1.7794118,True,True,False,True
3879,SOFT DRINKS,3.2080908,False,False,True,True
3880,COOKIES/CONES,-3.6015368,True,True,False,True
3881,PNT BTR/JELLY/JAMS,1.2235024,True,True,False,True
3882,FRZN MEAT/MEAT DINNERS,0.7129373,False,False,True,True
3883,HISPANIC,1.7367247,True,True,False,True
3884,FRZN JCE CONC/DRNKS,1.6915042,False,False,False,False
3885,SOAP - LIQUID & BAR,0.30059344,False,False,False,False
3886,CHEESE,1.1941612,True,True,False,True
3887,OLIVES,2.1342447,True,True,False,True
3888,DRY NOODLES/PASTA,0.26350507,True,True,False,True
3889,CHEESE,-1.0667,True,True,False,True
3890,FRZN MEAT/MEAT DINNERS,2.0476327,False,False,True,True
3891,VEGETABLES - SHELF STABLE,0.011585696,True,True,False,True
3892,FRUIT - SHELF STABLE,2.536141,False,True,False,True
3893,CAT FOOD,1.367009,False,False,False,False
3894,YOGURT,1.4090456,True,True,False,True
3895,FRZN MEAT/MEAT DINNERS,1.8770818,False,False,True,True
3896,SOUP,-0.18068236,True,True,False,True
3897,HOT DOGS,2.4447222,True,True,False,True
3898,PNT BTR/JELLY/JAMS,1.0488843,True,True,False,True
3899,BEANS - CANNED GLASS & MW,2.4228013,False,True,False,True
3900,DINNER MXS:DRY,0.15008043,True,True,False,True
3901,CRACKERS/MISC BKD FD,2.2171056,True,True,False,True
3902,DELI MEATS,-0.21756381,True,True,False,True
3903,DINNER MXS:DRY,1.4213579,True,True,False,True
3904,SOUP,2.9151778,True,True,False,True
3905,FROZEN BREAD/DOUGH,1.9360454,True,True,False,True
3906,HOUSEHOLD CLEANG NEEDS,3.189025,False,False,False,False
3907,FRUIT - SHELF STABLE,3.0713036,False,True,False,True
3908,SALD DRSNG/SNDWCH SPRD,0.8802222,True,True,False,True
3909,BEANS - CANNED GLASS & MW,0.12891479,False,True,False,True
3910,SOUP,1.7293522,True,True,False,True
3911,CIGARETTES,-0.29555222,False,False,False,False
3912,SALAD MIX,0.5906763,False,False,False,False
3913,MILK BY-PRODUCTS,-0.53504777,True,True,False,True
3914,DOG FOODS,-0.38928005,False,False,False,False
3915,SMOKED MEATS,0.8560267,False,False,True,False
3916,SOUP,1.9511346,True,True,False,True
3917,FRUIT - SHELF STABLE,-0.6946566,False,True,False,True
3918,FRZN MEAT/MEAT DINNERS,2.2779028,False,False,True,True
3919,HERBS,0.12111524,False,False,False,False
3920,QUICK SERVICE,-0.16585487,,,,
3921,HISPANIC,1.6220104,True,True,False,True
3922,CANNED JUICES,3.942278,False,True,False,True
3923,DINNER MXS:DRY,-8.852999e-06,True,True,False,True
3924,COLD CEREAL,0.81233877,True,True,False,True
3925,LUNCHMEAT,2.0758767,True,True,False,True
3926,CIGARETTES,1.5979377,False,False,False,False
3927,ONIONS,0.30396187,False,False,False,False
3928,BEANS - CANNED GLASS & MW,1.9809489,False,True,False,True
3929,COLD CEREAL,0.9269057,True,True,False,True
3930,COFFEE,1.9776207,True,True,False,True
3931,FRZN NOVELTIES/WTR ICE,-0.89706415,False,True,False,True
3932,CANNED JUICES,3.5297015,False,True,False,True
3933,VALUE ADDED FRUIT,-7.198862e-05,False,False,False,False
3934,FRZN ICE,1.4484049,False,False,False,False
3935,FROZEN PIZZA,1.7511319,False,True,False,True
3936,SOFT DRINKS,2.9458456,False,False,True,True
3937,CANDY - CHECKLANE,1.3766198,True,True,False,True
3938,SALD DRSNG/SNDWCH SPRD,1.6910659,True,True,False,True
3939,CONDIMENTS/SAUCES,0.37523922,True,True,False,True
3940,BREAKFAST SAUSAGE/SANDWICHES,1.9153008,True,True,False,True
3941,FRUIT - SHELF STABLE,3.2411191,False,True,False,True
3942,SOFT DRINKS,1.7995855,False,False,True,True
3943,FROZEN MEAT,2.3648,True,True,False,True
3944,CONDIMENTS/SAUCES,1.9782643,True,True,False,True
3945,PASTA SAUCE,0.6695702,False,True,False,True
3946,CONDIMENTS/SAUCES,2.7122595,True,True,False,True
3947,LUNCHMEAT,2.1219985,True,True,False,True
3948,NEWSPAPER,6.8744614e-38,False,False,False,False
3949,BUTTER,1.8801373,True,True,False,True
3950,COLD CEREAL,0.026349947,True,True,False,True
3951,CRACKERS/MISC BKD FD,1.4500676,True,True,False,True
3952,HISPANIC,0.7175256,True,True,False,True
3953,SALADS/DIPS,0.8377086,False,False,False,False
3954,CONDIMENTS/SAUCES,3.3402443,True,True,False,True
3955,FD WRAPS/BAGS/TRSH BG,1.086013,True,True,False,True
3956,FRUIT - SHELF STABLE,2.1558957,False,True,False,True
3957,LUNCHMEAT,0.09264112,True,True,False,True
3958,BAKING MIXES,1.2820745,False,True,False,True
3959,BAKED BREAD/BUNS/ROLLS,2.240429,True,True,False,True
3960,CHEESE,0.8774777,True,True,False,True
3961,PNT BTR/JELLY/JAMS,3.228794,True,True,False,True
3962,SANDWICHES,1.8112092,False,False,False,False
3963,FACIAL TISS/DNR NAPKIN,1.888606,False,True,False,True
3964,MAGAZINE,6.018959e-37,False,False,False,False
3965,GRAPES,1.4421399,False,False,False,False
3966,BAKED BREAD/BUNS/ROLLS,2.3179283,True,True,False,True
3967,FRZN VEGETABLE/VEG DSH,1.6437193,True,True,False,True
3968,CANNED JUICES,2.3826396,False,True,False,True
3969,BUTTER,1.6625891,True,True,False,True
3970,CHEESE,0.4961341,True,True,False,True
3971,SALADS/DIPS,1.2867287,False,False,False,False
3972,BAG SNACKS,2.0529273,True,True,False,True
3973,PNT BTR/JELLY/JAMS,0.62468725,True,True,False,True
3974,CHEESE,1.2341387,True,True,False,True
3975,BEEF,-0.07832568,True,True,False,True
3976,FRUIT - SHELF STABLE,3.039259,False,True,False,True
3977,CANDY - PACKAGED,1.1174629,True,True,False,True
3978,COOKIES/CONES,1.5454268,True,True,False,True
3979,MAGAZINE,1.728961e-05,False,False,False,False
3980,FLUID MILK PRODUCTS,0.6158766,False,False,False,False
3981,HOT CEREAL,1.0758883,True,True,False,True
3982,SALAD MIX,1.0378263,False,False,False,False
3983,YOGURT,1.8085049,True,True,False,True
3984,LUNCHMEAT,-1.5811493,True,True,False,True
3985,HOUSEHOLD CLEANG NEEDS,-5.9864526,False,False,False,False
3986,BEEF,-0.14209923,True,True,False,True
3987,COLD CEREAL,2.2654552,True,True,False,True
3988,SOFT DRINKS,0.6844826,False,False,True,True
3989,BAKED BREAD/BUNS/ROLLS,0.82522035,True,True,False,True
3990,WAREHOUSE SNACKS,2.668442,True,True,False,True
3991,DELI SUPPLIES,-0.10037529,,,,
3992,BAKED BREAD/BUNS/ROLLS,0.33391017,True,True,False,True
3993,ISOTONIC DRINKS,2.2294948,False,False,False,False
3994,BEERS/ALES,3.6134984,False,True,False,True
3995,SOFT DRINKS,1.4055268,False,False,True,True
3996,FLUID MILK PRODUCTS,3.1195218e-06,False,False,False,False
3997,SOFT DRINKS,1.7032347,False,False,True,True
3998,SEAFOOD - FROZEN,-0.10500665,False,False,False,False
3999,SALAD BAR,-1.0883527e-05,False,False,False,False
4000,CONDIMENTS/SAUCES,2.1915762,True,True,False,True
4001,FRZN NOVELTIES/WTR ICE,2.1596186,False,True,False,True
4002,SOUP,2.2749949,True,True,False,True
4003,CHEESE,1.529339,True,True,False,True
4004,BEEF,-0.35163486,True,True,False,True
4005,DISHWASH DETERGENTS,0.18596868,False,False,False,False
4006,COLD CEREAL,3.2389827,True,True,False,True
4007,CANNED MILK,0.53277963,False,False,False,False
4008,LUNCHMEAT,2.3907776,True,True,False,True
4009,HISPANIC,0.047640346,True,True,False,True
4010,FRZN MEAT/MEAT DINNERS,1.7072601,False,False,True,True
4011,CAT FOOD,0.1361345,False,False,False,False
4012,UNKNOWN,3.936337,False,False,False,False
4013,MEAT - SHELF STABLE,-0.9382454,True,True,False,True
4014,FRZN JCE CONC/DRNKS,-1.4927007,False,False,False,False
4015,LAUNDRY DETERGENTS,3.856105,False,False,False,False
4016,BAKED BREAD/BUNS/ROLLS,1.9621446,True,True,False,True
4017,CHEESES,0.029550677,False,False,False,False
4018,SOFT DRINKS,0.875549,False,False,True,True
4019,COLD CEREAL,2.7936301,True,True,False,True
4020,PORK,2.1910853,False,False,False,False
4021,BACON,1.6827459,True,True,False,True
4022,SOFT DRINKS,-1.0509107,False,False,True,True
4023,DINNER SAUSAGE,0.38399577,False,True,False,True
4024,SOFT DRINKS,1.8059121,False,False,True,True
4025,MILK BY-PRODUCTS,0.968964,True,True,False,True
4026,PAPER HOUSEWARES,1.0411873,True,True,False,True
4027,BAKED SWEET GOODS,2.3797944,True,True,False,True
4028,SOUP,1.6352003,True,True,False,True
4029,REFRGRATD DOUGH PRODUCTS,2.255366,False,True,False,True
4030,SALADS/DIPS,0.060358226,False,False,False,False
4031,SOFT DRINKS,-5.203327e-06,False,False,True,True
4032,SALD DRSNG/SNDWCH SPRD,2.734748,True,True,False,True
4033,REFRGRATD DOUGH PRODUCTS,0.7176648,False,True,False,True
4034,FRZN POTATOES,1.2780606,False,True,False,True
4035,PNT BTR/JELLY/JAMS,-1.1081473,True,True,False,True
4036,MEAT - SHELF STABLE,0.80618525,True,True,False,True
4037,BEANS - CANNED GLASS & MW,-0.8084369,False,True,False,True
4038,SALAD BAR,-0.41914347,False,False,False,False
4039,DINNER SAUSAGE,1.9402034,False,True,False,True
4040,CONDIMENTS/SAUCES,1.5908322,True,True,False,True
4041,BABY FOODS,-0.021807551,False,False,False,False
4042,MEAT - SHELF STABLE,1.6441748,True,True,False,True
4043,DRY NOODLES/PASTA,1.0155791,True,True,False,True
4044,FD WRAPS/BAGS/TRSH BG,0.7886982,True,True,False,True
4045,BAG SNACKS,0.41332066,True,True,False,True
4046,SOFT DRINKS,0.15380332,False,False,True,True
4047,PORK,-7.3809275e-07,False,False,False,False
4048,VALUE ADDED FRUIT,0.49612916,False,False,False,False
4049,VEGETABLES - ALL OTHERS,0.052575354,False,False,False,False
4050,HOUSEHOLD CLEANG NEEDS,0.34765697,False,False,False,False
4051,SEAFOOD - SHELF STABLE,2.0400307,True,True,False,True
4052,SOUP,0.9959166,True,True,False,True
4053,BAKING NEEDS,4.799268,False,True,False,True
4054,FRZN MEAT/MEAT DINNERS,-0.040433552,False,False,True,True
4055,SOFT DRINKS,2.0139222,False,False,True,True
4056,BATH TISSUES,0.702539,False,False,False,False
4057,MARGARINES,0.34748825,True,True,False,True
4058,FLUID MILK PRODUCTS,0.6615519,False,False,False,False
4059,BABY FOODS,-0.51894903,False,False,False,False
4060,BEEF,0.55043316,True,True,False,True
4061,MARGARINES,1.1280588,True,True,False,True
4062,CRACKERS/MISC BKD FD,2.0839846,True,True,False,True
4063,PAPER TOWELS,4.1656213,False,False,False,False
4064,DRY BN/VEG/POTATO/RICE,1.6790074,True,True,False,True
4065,BAKING NEEDS,2.3765662,False,True,False,True
4066,FROZEN MEAT,1.4231248,True,True,False,True
4067,FRZN MEAT/MEAT DINNERS,1.510945,False,False,True,True
4068,FRZN BREAKFAST FOODS,0.66411006,True,True,False,True
4069,ROLLS,2.37734,False,False,True,True
4070,PASTA SAUCE,-0.76340294,False,True,False,True
4071,DRY BN/VEG/POTATO/RICE,2.2047088,True,True,False,True
4072,FROZEN PIE/DESSERTS,3.6976569,False,False,False,False
4073,CANDY - CHECKLANE,-0.18341547,True,True,False,True
4074,VEGETABLES - SHELF STABLE,0.3302315,True,True,False,True
4075,REFRGRATD JUICES/DRNKS,2.3628294,True,True,False,True
4076,FRZN MEAT/MEAT DINNERS,1.0631473,False,False,True,True
4077,BEERS/ALES,2.2248106,False,True,False,True
4078,DINNER MXS:DRY,1.1017295,True,True,False,True
4079,BABY FOODS,0.06883521,False,False,False,False
4080,CAT FOOD,1.24836,False,False,False,False
4081,DINNER MXS:DRY,0.5347125,True,True,False,True
4082,HOT DOGS,1.2836884,True,True,False,True
4083,BAG SNACKS,2.0288985,True,True,False,True
4084,BAKED SWEET GOODS,-0.42771852,True,True,False,True
4085,COOKIES/CONES,-0.5147236,True,True,False,True
4086,SHORTENING/OIL,0.53282,True,True,False,True
4087,FROZEN BREAD/DOUGH,1.8820745,True,True,False,True
4088,CANNED JUICES,2.4087806,False,True,False,True
4089,BAKED BREAD/BUNS/ROLLS,1.4114907,True,True,False,True
4090,CHEESE,1.9262818,True,True,False,True
4091,FRZN NOVELTIES/WTR ICE,1.0040174,False,True,False,True
4092,CONDIMENTS/SAUCES,2.70321,True,True,False,True
4093,CANDY - CHECKLANE,0.46167034,True,True,False,True
4094,LUNCHMEAT,1.2684383,True,True,False,True
4095,CONVENIENT BRKFST/WHLSM SNACKS,3.0656645,True,True,False,True
4096,REFRIGERATED,0.82683617,True,True,False,True
4097,FRUIT - SHELF STABLE,2.656607,False,True,False,True
4098,VALUE ADDED FRUIT,0.023953745,False,False,False,False
4099,COFFEE,-0.9084109,True,True,False,True
4100,CAT FOOD,1.4002206,False,False,False,False
4101,SHORTENING/OIL,1.9095054,True,True,False,True
4102,FROZEN PIZZA,-1.8428746,False,True,False,True
4103,CIGARETTES,-1.6325134,False,False,False,False
4104,FLUID MILK PRODUCTS,-0.5783733,False,False,False,False
4105,YOGURT,-1.6881928,True,True,False,True
4106,FRZN MEAT/MEAT DINNERS,1.5849091,False,False,True,True
4107,FROZEN BREAD/DOUGH,1.3728095,True,True,False,True
4108,MUSHROOMS,1.1597545,True,True,False,True
4109,ISOTONIC DRINKS,0.14541475,False,False,False,False
4110,FRZN ICE,-0.4784986,False,False,False,False
4111,YOGURT,1.7239319,True,True,False,True
4112,HISPANIC,0.8644013,True,True,False,True
4113,SALAD BAR,0.13055286,False,False,False,False
4114,PASTA SAUCE,2.4422598,False,True,False,True
4115,FRZN JCE CONC/DRNKS,-1.4639586,False,False,False,False
4116,BROCCOLI/CAULIFLOWER,1.5034221,False,False,False,False
4117,FRZN MEAT/MEAT DINNERS,0.6669589,False,False,True,True
4118,DELI MEATS,-0.18989772,True,True,False,True
4119,PASTA SAUCE,1.9186082,False,True,False,True
4120,ICE CREAM/MILK/SHERBTS,1.1086631,True,True,False,True
4121,DINNER SAUSAGE,0.49236,False,True,False,True
4122,DINNER SAUSAGE,2.8309913,False,True,False,True
4123,LUNCHMEAT,1.8355001,True,True,False,True
4124,CANDY - CHECKLANE,1.0377836,True,True,False,True
4125,FRZN MEAT/MEAT DINNERS,1.0399157,False,False,True,True
4126,MARGARINES,2.2702708,True,True,False,True
4127,PWDR/CRYSTL DRNK MX,0.5051212,False,False,False,False
4128,BEERS/ALES,2.1361773,False,True,False,True
4129,CHEESE,0.26755074,True,True,False,True
4130,LAUNDRY DETERGENTS,2.924815,False,False,False,False
4131,MILK BY-PRODUCTS,0.6337168,True,True,False,True
4132,REFRGRATD JUICES/DRNKS,1.6145177,True,True,False,True
4133,BEERS/ALES,-1.6561767,False,True,False,True
4134,VEGETABLES SALAD,0.4256061,False,False,False,False
4135,SUGARS/SWEETNERS,2.853947,True,True,False,True
4136,FROZEN PIZZA,1.4485459,False,True,False,True
4137,FROZEN PIZZA,0.56249195,False,True,False,True
4138,BABY FOODS,0.9822881,False,False,False,False
4139,CAT FOOD,0.50774646,False,False,False,False
4140,FLUID MILK PRODUCTS,1.8381337,False,False,False,False
4141,ORGANICS FRUIT & VEGETABLES,1.2106041,True,True,False,True
4142,BAKED BREAD/BUNS/ROLLS,1.1393596,True,True,False,True
4143,COCOA MIXES,2.1433651,False,True,False,True
4144,BEEF,0.36459583,True,True,False,True
4145,FRZN POTATOES,1.5137954,False,True,False,True
4146,PORK,0.32514688,False,False,False,False
4147,SOUP,0.8269222,True,True,False,True
4148,COLD CEREAL,2.0249512,True,True,False,True
4149,LUNCHMEAT,2.2168467,True,True,False,True
4150,FRZN MEAT/MEAT DINNERS,1.2483946,False,False,True,True
4151,PASTA SAUCE,0.67905927,False,True,False,True
4152,DINNER MXS:DRY,-0.15177591,True,True,False,True
4153,SALD DRSNG/SNDWCH SPRD,2.2974842,True,True,False,True
4154,MARGARINES,3.2406552,True,True,False,True
4155,FRZN BREAKFAST FOODS,1.839109,True,True,False,True
4156,FRZN VEGETABLE/VEG DSH,1.7256278,True,True,False,True
4157,CONDIMENTS/SAUCES,2.4612856,True,True,False,True
4158,CHEESE,1.2063286,True,True,False,True
4159,CHEESE,2.9028137,True,True,False,True
4160,SOFT DRINKS,1.2809268,False,False,True,True
4161,BREAKFAST SAUSAGE/SANDWICHES,1.9985573,True,True,False,True
4162,SALD DRSNG/SNDWCH SPRD,-1.3843737,True,True,False,True
4163,FRZN MEAT/MEAT DINNERS,1.0065482,False,False,True,True
4164,CANNED JUICES,2.8980482,False,True,False,True
4165,DINNER MXS:DRY,1.1415468,True,True,False,True
4166,FRUIT - SHELF STABLE,1.5225378,False,True,False,True
4167,COLD CEREAL,1.8326337,True,True,False,True
4168,PROCESSED,4.578139,False,False,False,False
4169,WATER - CARBONATED/FLVRD DRINK,-1.1348938e-36,True,True,False,True
4170,COLD CEREAL,0.7828714,True,True,False,True
4171,SOFT DRINKS,0.94025934,False,False,True,True
4172,BAKED SWEET GOODS,0.3081691,True,True,False,True
4173,COLD CEREAL,1.2616726,True,True,False,True
4174,BUTTER,0.13005872,True,True,False,True
4175,OLIVES,1.1852735,True,True,False,True
4176,FRZN NOVELTIES/WTR ICE,-0.85123754,False,True,False,True
4177,VEGETABLES - SHELF STABLE,-0.64774823,True,True,False,True
4178,DRY BN/VEG/POTATO/RICE,1.2438542,True,True,False,True
4179,CANDY - CHECKLANE,1.0943958,True,True,False,True
4180,REFRGRATD JUICES/DRNKS,0.3610473,True,True,False,True
4181,BABY FOODS,-0.4694935,False,False,False,False
4182,PASTA SAUCE,0.46432617,False,True,False,True
4183,COLD CEREAL,2.8947158,True,True,False,True
4184,SALD DRSNG/SNDWCH SPRD,0.91262275,True,True,False,True
4185,BABY FOODS,0.8982839,False,False,False,False
4186,FRUIT - SHELF STABLE,3.1906118,False,True,False,True
4187,FRZN VEGETABLE/VEG DSH,1.857845,True,True,False,True
4188,CHEESE,1.8462936,True,True,False,True
4189,FD WRAPS/BAGS/TRSH BG,1.4801378,True,True,False,True
4190,SALD DRSNG/SNDWCH SPRD,1.9300557,True,True,False,True
4191,ICE CREAM/MILK/SHERBTS,2.0023525,True,True,False,True
4192,FRUIT - SHELF STABLE,0.9381335,False,True,False,True
4193,FRZN FRUITS,2.1958504,False,False,False,False
4194,SHORTENING/OIL,2.1756973,True,True,False,True
4195,SEAFOOD - SHELF STABLE,5.0705276,True,True,False,True
4196,BAKING MIXES,0.8974586,False,True,False,True
4197,HISPANIC,1.404658,True,True,False,True
4198,FRZN BREAKFAST FOODS,1.6238605,True,True,False,True
4199,FRZN MEAT/MEAT DINNERS,1.8947338,False,False,True,True
4200,BAKED BREAD/BUNS/ROLLS,2.4452136,True,True,False,True
4201,BAKING MIXES,0.5126683,False,True,False,True
4202,FROZEN PIZZA,2.113774,False,True,False,True
4203,BATH TISSUES,11.522524,False,False,False,False
4204,BACON,2.0492384,True,True,False,True
4205,CANDY - CHECKLANE,0.5666037,True,True,False,True
4206,LUNCHMEAT,0.9540945,True,True,False,True
4207,FD WRAPS/BAGS/TRSH BG,0.8623473,True,True,False,True
4208,COCOA MIXES,-0.3790809,False,True,False,True
4209,VEGETABLES - SHELF STABLE,0.44078755,True,True,False,True
4210,BEEF,1.1219456,True,True,False,True
4211,CHEESE,1.0556074,True,True,False,True
4212,FRZN VEGETABLE/VEG DSH,1.7430623,True,True,False,True
4213,YOGURT,2.0036032,True,True,False,True
4214,DRY NOODLES/PASTA,1.4892743,True,True,False,True
4215,FROZEN PIZZA,1.6299125,False,True,False,True
4216,CANDY - CHECKLANE,1.4880313,True,True,False,True
4217,FRZN NOVELTIES/WTR ICE,-1.0893451,False,True,False,True
4218,CHEESES,0.08263949,False,False,False,False
4219,CHEESE,1.0489345,True,True,False,True
4220,DRY BN/VEG/POTATO/RICE,-0.88278335,True,True,False,True
4221,LUNCHMEAT,1.5306268,True,True,False,True
4222,CANNED JUICES,2.8256233,False,True,False,True
4223,CHICKEN/POULTRY,0.2842977,False,False,False,False
4224,FRZN MEAT/MEAT DINNERS,2.0945861,False,False,True,True
4225,FRZN MEAT/MEAT DINNERS,2.4453204,False,False,True,True
4226,REFRIGERATED,-0.989963,True,True,False,True
4227,LUNCHMEAT,1.5639809,True,True,False,True
4228,DELI MEATS,0.3326101,True,True,False,True
4229,VEGETABLES - SHELF STABLE,-0.19894832,True,True,False,True
4230,FRZN MEAT/MEAT DINNERS,1.7350407,False,False,True,True
4231,SHORTENING/OIL,0.34237874,True,True,False,True
4232,HOT CEREAL,0.8057313,True,True,False,True
4233,SWEET GOODS & SNACKS,-1.151964,False,False,False,False
4234,NO COMMODITY DESCRIPTION,2.137399e-39,False,False,False,False
4235,FRZN VEGETABLE/VEG DSH,2.4346423,True,True,False,True
4236,FD WRAPS/BAGS/TRSH BG,1.8076108,True,True,False,True
4237,CAT FOOD,1.3605596,False,False,False,False
4238,STONE FRUIT,0.42295122,False,False,False,False
4239,NUTS,3.6004052,False,False,False,False
4240,FRZN NOVELTIES/WTR ICE,0.1318149,False,True,False,True
4241,BAKED SWEET GOODS,0.6788368,True,True,False,True
4242,FD WRAPS/BAGS/TRSH BG,0.51252353,True,True,False,True
4243,MARGARINES,3.3840668,True,True,False,True
4244,FLUID MILK PRODUCTS,0.7444926,False,False,False,False
4245,FRZN POTATOES,1.9183757,False,True,False,True
4246,STONE FRUIT,0.24316718,False,False,False,False
4247,FRUIT - SHELF STABLE,-0.4189638,False,True,False,True
4248,SALD DRSNG/SNDWCH SPRD,0.8127147,True,True,False,True
4249,DRIED FRUIT,2.807964,True,True,False,True
4250,MOLASSES/SYRUP/PANCAKE MIXS,-1.2226967,False,False,False,False
4251,HOT DOGS,0.19424099,True,True,False,True
4252,FROZEN PIZZA,1.4636544,False,True,False,True
4253,CRACKERS/MISC BKD FD,3.4317505,True,True,False,True
4254,SOFT DRINKS,-1.0238568,False,False,True,True
4255,SEAFOOD - FROZEN,0.5303511,False,False,False,False
4256,MEAT - SHELF STABLE,1.0995804,True,True,False,True
4257,HEAT/SERVE,1.7119228,True,True,False,True
4258,BERRIES,1.867303,False,False,False,False
4259,FRZN VEGETABLE/VEG DSH,3.8473852,True,True,False,True
4260,MEAT - SHELF STABLE,2.7778583,True,True,False,True
4261,SEAFOOD - FROZEN,1.3464642,False,False,False,False
4262,PORK,-0.5574815,False,False,False,False
4263,HOT CEREAL,-0.18953109,True,True,False,True
4264,ORAL HYGIENE PRODUCTS,-0.035269335,,,,
4265,SOUP,1.3937902,True,True,False,True
4266,CHICKEN,-0.7349905,False,False,False,False
4267,PASTA SAUCE,1.0823219,False,True,False,True
4268,BAG SNACKS,2.9340596,True,True,False,True
4269,FRZN MEAT/MEAT DINNERS,2.1861525,False,False,True,True
4270,CANDY - CHECKLANE,1.6413938,True,True,False,True
4271,FRUIT - SHELF STABLE,3.3717296,False,True,False,True
4272,VEGETABLES - SHELF STABLE,2.8413491,True,True,False,True
4273,CAKES,0.007575625,False,False,False,False
4274,NEWSPAPER,1.035821e-36,False,False,False,False
4275,SOUP,1.2946613,True,True,False,True
4276,SOFT DRINKS,-0.43757403,False,False,True,True
4277,BEERS/ALES,0.15400323,False,True,False,True
4278,CANNED JUICES,1.8607581,False,True,False,True
4279,FRZN VEGETABLE/VEG DSH,0.8007163,True,True,False,True
4280,CHEESE,0.8441497,True,True,False,True
4281,FRZN MEAT/MEAT DINNERS,1.8028551,False,False,True,True
4282,YOGURT,1.6120424,True,True,False,True
4283,MILK BY-PRODUCTS,-0.5281981,True,True,False,True
4284,FIRST AID PRODUCTS,-0.6301215,,,,
4285,CANDY - PACKAGED,1.509768,True,True,False,True
4286,CHICKEN,1.7671766,False,False,False,False
4287,COLD CEREAL,1.4864732,True,True,False,True
4288,BAKING NEEDS,0.45388335,False,True,False,True
4289,BEEF,-0.37802842,True,True,False,True
4290,SWEET GOODS & SNACKS,1.2216384,False,False,False,False
4291,COLD CEREAL,2.8273845,True,True,False,True
4292,SOUP,-0.33980867,True,True,False,True
4293,CITRUS,1.8282279,False,True,False,True
4294,BAG SNACKS,1.5116559,True,True,False,True
4295,VEGETABLES - SHELF STABLE,2.1818693,True,True,False,True
4296,BEERS/ALES,2.7963243,False,True,False,True
4297,SOUP,1.8971858,True,True,False,True
4298,FRZN ICE,9.014109e-38,False,False,False,False
4299,DRY SAUCES/GRAVY,1.9572812,False,True,False,True
4300,BREAKFAST SAUSAGE/SANDWICHES,2.5776825,True,True,False,True
4301,FRZN MEAT/MEAT DINNERS,0.44421455,False,False,True,True
4302,FRZN MEAT/MEAT DINNERS,1.5398018,False,False,True,True
4303,BACON,-0.70575875,True,True,False,True
4304,DRY BN/VEG/POTATO/RICE,1.9677577,True,True,False,True
4305,LAUNDRY DETERGENTS,3.5217576,False,False,False,False
4306,DELI MEATS,-0.13038215,True,True,False,True
4307,DINNER SAUSAGE,2.1836255,False,True,False,True
4308,ELECTRICAL SUPPPLIES,0.18339406,True,True,False,True
4309,FD WRAPS/BAGS/TRSH BG,2.4829845,True,True,False,True
4310,CHEESE,0.81855935,True,True,False,True
4311,DINNER SAUSAGE,1.2324247,False,True,False,True
4312,COLD CEREAL,3.209422,True,True,False,True
4313,FRZN NOVELTIES/WTR ICE,0.41392583,False,True,False,True
4314,FRZN BREAKFAST FOODS,1.5174217,True,True,False,True
4315,YOGURT,0.5771371,True,True,False,True
4316,CHEESE,3.3018763,True,True,False,True
4317,BERRIES,2.035007,False,False,False,False
4318,BAKED BREAD/BUNS/ROLLS,2.2047026,True,True,False,True
4319,YOGURT,1.7262366,True,True,False,True
4320,LAUNDRY ADDITIVES,1.3938844,True,True,False,True
4321,BAKED BREAD/BUNS/ROLLS,-1.1503733,True,True,False,True
4322,PAPER HOUSEWARES,1.2746236,True,True,False,True
4323,LUNCHMEAT,0.07285774,True,True,False,True
4324,SOUP,2.0230777,True,True,False,True
4325,CHEESE,1.5896139,True,True,False,True
4326,SOFT DRINKS,0.74812406,False,False,True,True
4327,CHEESES,-0.218565,False,False,False,False
4328,REFRGRATD JUICES/DRNKS,1.5014691,True,True,False,True
4329,COOKIES,0.47052416,False,False,False,False
4330,SOFT DRINKS,0.03757929,False,False,True,True
4331,DISHWASH DETERGENTS,2.4554653,False,False,False,False
4332,FLUID MILK PRODUCTS,1.5609989,False,False,False,False
4333,MILK BY-PRODUCTS,0.38222793,True,True,False,True
4334,DINNER SAUSAGE,1.064316,False,True,False,True
4335,COLD CEREAL,4.4886875,True,True,False,True
4336,SALD DRSNG/SNDWCH SPRD,0.9438152,True,True,False,True
4337,CHEESES,0.7799014,False,False,False,False
4338,BAG SNACKS,1.6822104,True,True,False,True
4339,PASTA SAUCE,3.6209285,False,True,False,True
4340,FROZEN PIZZA,1.6187776,False,True,False,True
4341,BABY FOODS,-0.5247541,False,False,False,False
4342,TOYS AND GAMES,-1.5643567,,,,
4343,SOUP,1.888124,True,True,False,True
4344,FRUIT - SHELF STABLE,1.5624778,False,True,False,True
4345,SPICES & EXTRACTS,0.97494435,False,True,False,True
4346,BAKED SWEET GOODS,3.218718,True,True,False,True
4347,MEAT - SHELF STABLE,0.56614745,True,True,False,True
4348,DINNER MXS:DRY,0.8599789,True,True,False,True
4349,VEGETABLES - ALL OTHERS,0.91493344,False,False,False,False
4350,DOG FOODS,-0.6735449,False,False,False,False
4351,BAKED SWEET GOODS,4.432486,True,True,False,True
4352,FRZN NOVELTIES/WTR ICE,1.0246623,False,True,False,True
4353,PORK,0.22872075,False,False,False,False
4354,FLUID MILK PRODUCTS,0.8381736,False,False,False,False
4355,FROZEN PIZZA,1.0488224,False,True,False,True
4356,FRZN FRUITS,0.3934559,False,False,False,False
4357,MEAT - SHELF STABLE,0.9466044,True,True,False,True
4358,FACIAL TISS/DNR NAPKIN,0.4921759,False,True,False,True
4359,COLD CEREAL,5.2383823,True,True,False,True
4360,CHICKEN,0.76682323,False,False,False,False
4361,DRY BN/VEG/POTATO/RICE,-1.6186091,True,True,False,True
4362,COLD CEREAL,2.3279788,True,True,False,True
4363,FRZN MEAT/MEAT DINNERS,1.4409316,False,False,True,True
4364,BEERS/ALES,-0.06765091,False,True,False,True
4365,BERRIES,-0.21438383,False,False,False,False
4366,COLD CEREAL,2.5540736,True,True,False,True
4367,BAG SNACKS,1.7367809,True,True,False,True
4368,BABY FOODS,1.1706773,False,False,False,False
4369,SUGARS/SWEETNERS,0.51274997,True,True,False,True
4370,ISOTONIC DRINKS,2.7812777,False,False,False,False
4371,CONDIMENTS/SAUCES,1.038044,True,True,False,True
4372,BAKED BREAD/BUNS/ROLLS,-0.006656129,True,True,False,True
4373,SOFT DRINKS,-2.4765657e-06,False,False,True,True
4374,PASTA SAUCE,1.0564458,False,True,False,True
4375,BABY FOODS,0.52334744,False,False,False,False
4376,BABY FOODS,1.0516359,False,False,False,False
4377,DRY NOODLES/PASTA,0.09431674,True,True,False,True
4378,CHEESE,1.2028774,True,True,False,True
4379,DINNER MXS:DRY,0.42690378,True,True,False,True
4380,BACON,2.3586438,True,True,False,True
4381,SHORTENING/OIL,1.5803092,True,True,False,True
4382,MOLASSES/SYRUP/PANCAKE MIXS,2.7124422,False,False,False,False
4383,ISOTONIC DRINKS,0.1957748,False,False,False,False
4384,ICE CREAM/MILK/SHERBTS,-3.5685193e-06,True,True,False,True
4385,FD WRAPS/BAGS/TRSH BG,1.6435386,True,True,False,True
4386,BABY FOODS,0.5516067,False,False,False,False
4387,CONVENIENT BRKFST/WHLSM SNACKS,1.6528522,True,True,False,True
4388,SPICES & EXTRACTS,1.3946197,False,True,False,True
4389,SOUP,-0.39135107,True,True,False,True
4390,CITRUS,2.0607777,False,True,False,True
4391,CANDY - CHECKLANE,1.2491176,True,True,False,True
4392,COLD CEREAL,2.9722555,True,True,False,True
4393,SOFT DRINKS,3.2476668,False,False,True,True
4394,COLD CEREAL,2.3563519,True,True,False,True
4395,MOLASSES/SYRUP/PANCAKE MIXS,1.3581892,False,False,False,False
4396,CANNED JUICES,1.7667211,False,True,False,True
4397,FRUIT - SHELF STABLE,2.0485187,False,True,False,True
4398,SQUASH,0.17252526,False,False,False,False
4399,CHEESE,1.9698553,True,True,False,True
4400,CHEESES,-0.051338375,False,False,False,False
4401,BAKED BREAD/BUNS/ROLLS,0.80222386,True,True,False,True
4402,SPICES & EXTRACTS,1.6374888,False,True,False,True
4403,BROOMS AND MOPS,-0.11371959,,,,
4404,SOFT DRINKS,0.07351814,False,False,True,True
4405,SOFT DRINKS,0.5594711,False,False,True,True
4406,DELI MEATS,0.32339105,True,True,False,True
4407,MILK BY-PRODUCTS,2.1664333,True,True,False,True
4408,HOT CEREAL,1.0997349,True,True,False,True
4409,CHEESE,0.6173793,True,True,False,True
4410,CONVENIENT BRKFST/WHLSM SNACKS,1.6906937,True,True,False,True
4411,APPLES,-10.707794,False,False,False,False
4412,FROZEN PIZZA,1.7230124,False,True,False,True
4413,BAKED BREAD/BUNS/ROLLS,3.3666718,True,True,False,True
4414,HISPANIC,1.1435143,True,True,False,True
4415,CONDIMENTS/SAUCES,2.3237288,True,True,False,True
4416,FROZEN MEAT,2.299275,True,True,False,True
4417,BAKED SWEET GOODS,2.1635904,True,True,False,True
4418,LUNCHMEAT,2.1174068,True,True,False,True
4419,DINNER MXS:DRY,1.0891317,True,True,False,True
4420,FRZN MEAT/MEAT DINNERS,1.3465334,False,False,True,True
4421,SPICES & EXTRACTS,1.2525461,False,True,False,True
4422,FLOUR & MEALS,-0.6032079,False,False,False,False
4423,FLUID MILK PRODUCTS,2.3064494,False,False,False,False
4424,ISOTONIC DRINKS,4.012626,False,False,False,False
4425,CHEESE,0.54726654,True,True,False,True
4426,BREAD,-1.4753735e-38,True,True,False,True
4427,TOMATOES,0.28839687,False,False,False,False
4428,DINNER SAUSAGE,1.5173092,False,True,False,True
4429,POTATOES,0.0064584427,False,False,False,False
4430,FRZN POTATOES,1.4483472,False,True,False,True
4431,COLD CEREAL,2.7850165,True,True,False,True
4432,FRZN POTATOES,1.7507659,False,True,False,True
4433,BAKED SWEET GOODS,7.094423e-06,True,True,False,True
4434,WATER - CARBONATED/FLVRD DRINK,0.9085968,True,True,False,True
4435,POTATOES,-2.950645,False,False,False,False
4436,COLD CEREAL,3.4804752,True,True,False,True
4437,POTATOES,3.2939744,False,False,False,False
4438,SOFT DRINKS,0.16633785,False,False,True,True
4439,AUTOMOTIVE PRODUCTS,0.6206586,,,,
4440,FROZEN BREAD/DOUGH,0.85646594,True,True,False,True
4441,CONVENIENT BRKFST/WHLSM SNACKS,0.7544173,True,True,False,True
4442,CANNED JUICES,0.39580485,False,True,False,True
4443,SOFT DRINKS,-0.9882791,False,False,True,True
4444,REFRGRATD JUICES/DRNKS,1.0576574,True,True,False,True
4445,FRZN POTATOES,-0.3133838,False,True,False,True
4446,HISPANIC,1.6662008,True,True,False,True
4447,REFRGRATD JUICES/DRNKS,1.3758327,True,True,False,True
4448,SOFT DRINKS,1.8627887,False,False,True,True
4449,BACON,1.3207183,True,True,False,True
4450,COLD CEREAL,2.4765825,True,True,False,True
4451,BAKED SWEET GOODS,4.3271093e-06,True,True,False,True
4452,CRACKERS/MISC BKD FD,2.0108182,True,True,False,True
4453,ANTACIDS,1.2203792,,,,
4454,CANNED JUICES,1.725941,False,True,False,True
4455,FRZN MEAT/MEAT DINNERS,2.842626,False,False,True,True
4456,CRACKERS/MISC BKD FD,2.2131155,True,True,False,True
4457,BACON,0.7307594,True,True,False,True
4458,BAG SNACKS,2.0473042,True,True,False,True
4459,REFRGRATD JUICES/DRNKS,0.9241571,True,True,False,True
4460,SOFT DRINKS,1.3236486,False,False,True,True
4461,SOFT DRINKS,0.9845575,False,False,True,True
4462,FD WRAPS/BAGS/TRSH BG,2.556793,True,True,False,True
4463,SOFT DRINKS,1.4322375,False,False,True,True
4464,DRY NOODLES/PASTA,-1.1935112,True,True,False,True
4465,COLD CEREAL,3.230337,True,True,False,True
4466,BREAD,1.4994475,True,True,False,True
4467,SOFT DRINKS,1.7969134,False,False,True,True
4468,BAG SNACKS,3.3141384,True,True,False,True
4469,BAG SNACKS,1.8556527,True,True,False,True
4470,PAPER TOWELS,1.7154726,False,False,False,False
4471,SOFT DRINKS,1.6704986,False,False,True,True
4472,CANDY - CHECKLANE,0.54243004,True,True,False,True
4473,SOFT DRINKS,1.3889712,False,False,True,True
4474,BAG SNACKS,1.5870903,True,True,False,True
4475,BAG SNACKS,0.7033659,True,True,False,True
4476,REFRGRATD JUICES/DRNKS,1.2995985,True,True,False,True
4477,WATER - CARBONATED/FLVRD DRINK,3.4558294,True,True,False,True
4478,DISHWASH DETERGENTS,0.4331137,False,False,False,False
4479,LUNCHMEAT,2.5970674,True,True,False,True
4480,CANNED JUICES,2.1388514,False,True,False,True
4481,GREETING CARDS/WRAP/PARTY SPLY,-3.970455e-37,False,False,False,False
4482,FROZEN PIZZA,0.1103666,False,True,False,True
4483,SOFT DRINKS,1.9589806,False,False,True,True
4484,SOFT DRINKS,0.77473557,False,False,True,True
4485,DISHWASH DETERGENTS,0.8743955,False,False,False,False
4486,SOFT DRINKS,2.479964,False,False,True,True
4487,LUNCHMEAT,1.8683466,True,True,False,True
4488,BAG SNACKS,2.275889,True,True,False,True
4489,SOFT DRINKS,2.4970715,False,False,True,True
4490,WATER - CARBONATED/FLVRD DRINK,1.1429833,True,True,False,True
4491,SALAD MIX,3.0090299,False,False,False,False
4492,SOFT DRINKS,2.7620587,False,False,True,True
4493,VALUE ADDED VEGETABLES,0.80202407,False,False,False,False
4494,SOFT DRINKS,1.6336738,False,False,True,True
4495,SOFT DRINKS,2.9361336,False,False,True,True
4496,SOFT DRINKS,0.49916962,False,False,True,True
4497,REFRGRATD JUICES/DRNKS,1.7660177,True,True,False,True
4498,SOFT DRINKS,1.7340876,False,False,True,True
4499,COLD CEREAL,2.0071712,True,True,False,True
4500,LUNCHMEAT,2.055993,True,True,False,True
4501,PAPER TOWELS,0.7910518,False,False,False,False
4502,MEAT - SHELF STABLE,-0.98684454,True,True,False,True
4503,DINNER MXS:DRY,4.0735464,True,True,False,True
4504,MISC. DAIRY,1.1548223,False,False,False,False
4505,COLD CEREAL,0.7070254,True,True,False,True
4506,SOFT DRINKS,0.2539398,False,False,True,True
4507,CANNED JUICES,0.9278476,False,True,False,True
4508,CANDY - CHECKLANE,0.75787514,True,True,False,True
4509,SOFT DRINKS,0.6229308,False,False,True,True
4510,PORK,0.82802105,False,False,False,False
4511,REFRGRATD JUICES/DRNKS,0.71838176,True,True,False,True
4512,YOGURT,1.6207516,True,True,False,True
4513,BERRIES,-0.024982229,False,False,False,False
4514,YOGURT,0.65728855,True,True,False,True
4515,BAKED SWEET GOODS,1.3227301,True,True,False,True
4516,BEEF,-0.6255747,True,True,False,True
4517,PORK,0.7611791,False,False,False,False
4518,TOYS AND GAMES,2.8207853,,,,
4519,HEAT/SERVE,0.39100525,True,True,False,True
4520,YOGURT,0.2439306,True,True,False,True
4521,YOGURT,1.9163051,True,True,False,True
4522,FACIAL TISS/DNR NAPKIN,0.9687656,False,True,False,True
4523,PAPER TOWELS,2.3810778,False,False,False,False
4524,YOGURT,0.3382179,True,True,False,True
4525,YOGURT,0.5972058,True,True,False,True
4526,YOGURT,1.0459844,True,True,False,True
4527,YOGURT,0.60299736,True,True,False,True
4528,YOGURT,1.1654301,True,True,False,True
4529,YOGURT,1.4678146,True,True,False,True
4530,YOGURT,-0.4320981,True,True,False,True
4531,YOGURT,2.0728633,True,True,False,True
4532,YOGURT,1.4550592,True,True,False,True
4533,TOMATOES,0.37849897,False,False,False,False
4534,YOGURT,0.7427864,True,True,False,True
4535,YOGURT,1.3952656,True,True,False,True
4536,YOGURT,0.44423285,True,True,False,True
4537,CHEESE,2.3730402,True,True,False,True
4538,YOGURT,0.5834579,True,True,False,True
4539,YOGURT,-0.2460353,True,True,False,True
4540,YOGURT,-1.3509458,True,True,False,True
4541,YOGURT,0.7012246,True,True,False,True
4542,YOGURT,1.9498082,True,True,False,True
4543,YOGURT,0.54258,True,True,False,True
4544,YOGURT,-0.13839695,True,True,False,True
4545,YOGURT,-0.16677085,True,True,False,True
4546,YOGURT,1.1828822,True,True,False,True
4547,YOGURT,1.5614582,True,True,False,True
4548,YOGURT,1.7798359,True,True,False,True
4549,COLD CEREAL,1.2853726,True,True,False,True
4550,YOGURT,2.6989443,True,True,False,True
4551,FRZN VEGETABLE/VEG DSH,0.69049007,True,True,False,True
4552,YOGURT,1.5403395,True,True,False,True
4553,MEAT - MISC,2.5146472,True,True,False,True
4554,YOGURT,1.9289182,True,True,False,True
4555,YOGURT,1.2459426,True,True,False,True
4556,YOGURT,0.73435074,True,True,False,True
4557,YOGURT,-0.11337583,True,True,False,True
4558,REFRGRATD JUICES/DRNKS,0.95123476,True,True,False,True
4559,YOGURT,0.14885359,True,True,False,True
4560,COLD CEREAL,1.3477197,True,True,False,True
4561,COLD CEREAL,0.68572736,True,True,False,True
4562,SALD DRSNG/SNDWCH SPRD,0.9789382,True,True,False,True
4563,DIAPERS & DISPOSABLES,2.3284733,False,False,True,False
4564,PAPER TOWELS,2.6594622,False,False,False,False
4565,CHEESE,1.9252586,True,True,False,True
4566,COLD CEREAL,-0.05789003,True,True,False,True
4567,FRUIT - SHELF STABLE,1.2657844,False,True,False,True
4568,CHEESE,3.115413,True,True,False,True
4569,CANDY - CHECKLANE,-0.59864175,True,True,False,True
4570,COLD CEREAL,1.7568878,True,True,False,True
4571,REFRGRATD JUICES/DRNKS,0.8659209,True,True,False,True
4572,DELI MEATS,-0.61287695,True,True,False,True
4573,BAKED SWEET GOODS,-0.36992773,True,True,False,True
4574,CARROTS,0.38235405,False,False,False,False
4575,FACIAL TISS/DNR NAPKIN,-0.30529675,False,True,False,True
4576,CHEESE,1.7090845,True,True,False,True
4577,CHEESE,1.6343398,True,True,False,True
4578,CHEESE,1.5824188,True,True,False,True
4579,DRY NOODLES/PASTA,-1.3721133,True,True,False,True
4580,COLD CEREAL,1.1128284,True,True,False,True
4581,PIES,-0.32767943,False,False,False,False
4582,FROZEN BREAD/DOUGH,0.36363184,True,True,False,True
4583,VEGETABLES - SHELF STABLE,0.04374274,True,True,False,True
4584,COOKIES/CONES,-0.6322987,True,True,False,True
4585,GREETING CARDS/WRAP/PARTY SPLY,-0.8054469,False,False,False,False
4586,SUGARS/SWEETNERS,-0.80446976,True,True,False,True
4587,VEGETABLES - SHELF STABLE,0.259603,True,True,False,True
4588,VEGETABLES - SHELF STABLE,1.3957443,True,True,False,True
4589,GREETING CARDS/WRAP/PARTY SPLY,-0.09980706,False,False,False,False
4590,COLD CEREAL,0.97357243,True,True,False,True
4591,COLD CEREAL,1.7470943,True,True,False,True
4592,FRZN MEAT/MEAT DINNERS,0.6485064,False,False,True,True
4593,YOGURT,0.97319925,True,True,False,True
4594,FRZN MEAT/MEAT DINNERS,1.4229261,False,False,True,True
4595,FRZN MEAT/MEAT DINNERS,2.5002897,False,False,True,True
4596,FRZN MEAT/MEAT DINNERS,-0.98296136,False,False,True,True
4597,YOGURT,1.7684468,True,True,False,True
4598,YOGURT,-0.25063604,True,True,False,True
4599,PWDR/CRYSTL DRNK MX,0.9264185,False,False,False,False
4600,CANDY - CHECKLANE,0.6976635,True,True,False,True
4601,DRY BN/VEG/POTATO/RICE,0.8264523,True,True,False,True
4602,DRY BN/VEG/POTATO/RICE,-0.0861492,True,True,False,True
4603,ISOTONIC DRINKS,1.5432594,False,False,False,False
4604,FRZN MEAT/MEAT DINNERS,0.49800298,False,False,True,True
4605,YOGURT,0.16372916,True,True,False,True
4606,YOGURT,1.786572,True,True,False,True
4607,ISOTONIC DRINKS,1.2674165,False,False,False,False
4608,ISOTONIC DRINKS,2.383135,False,False,False,False
4609,HOUSEHOLD CLEANG NEEDS,2.9638305,False,False,False,False
4610,MISC. DAIRY,1.6497097,False,False,False,False
4611,FRZN MEAT/MEAT DINNERS,0.3177512,False,False,True,True
4612,HOUSEHOLD CLEANG NEEDS,2.084584,False,False,False,False
4613,CANDY - CHECKLANE,1.2099584,True,True,False,True
4614,CANDY - PACKAGED,-1.8191905,True,True,False,True
4615,SOFT DRINKS,1.834225,False,False,True,True
4616,SALAD MIX,1.304259,False,False,False,False
4617,TOMATOES,1.5679063,False,False,False,False
4618,COOKIES/CONES,3.426338,True,True,False,True
4619,SALAD MIX,2.3053098,False,False,False,False
4620,CONVENIENT BRKFST/WHLSM SNACKS,0.9897706,True,True,False,True
4621,REFRGRATD DOUGH PRODUCTS,-0.09025633,False,True,False,True
4622,BAKED BREAD/BUNS/ROLLS,1.1576437,True,True,False,True
4623,BAKED BREAD/BUNS/ROLLS,0.9171633,True,True,False,True
4624,PNT BTR/JELLY/JAMS,2.6134384,True,True,False,True
4625,REFRIGERATED,0.6022805,True,True,False,True
4626,FLUID MILK PRODUCTS,-0.5893809,False,False,False,False
4627,EGGS,-0.4399463,False,True,False,True
4628,CONDIMENTS/SAUCES,3.0482876,True,True,False,True
4629,FRZN NOVELTIES/WTR ICE,-1.465475,False,True,False,True
4630,ICE CREAM/MILK/SHERBTS,1.1837966,True,True,False,True
4631,SOFT DRINKS,0.53629375,False,False,True,True
4632,BAG SNACKS,1.9646015,True,True,False,True
4633,FLUID MILK PRODUCTS,2.5373397,False,False,False,False
4634,COOKIES/CONES,1.4714878,True,True,False,True
4635,BAG SNACKS,1.3639646,True,True,False,True
4636,BREAKFAST SWEETS,1.1835864,False,False,False,False
4637,BREAKFAST SWEETS,0.425212,False,False,False,False
4638,LUNCHMEAT,1.4044591,True,True,False,True
4639,BATH TISSUES,1.3533841,False,False,False,False
4640,ICE CREAM/MILK/SHERBTS,1.7792715,True,True,False,True
4641,CANNED JUICES,2.1751919,False,True,False,True
4642,CANNED JUICES,-1.3313053,False,True,False,True
4643,CANNED JUICES,2.2923765,False,True,False,True
4644,CANNED JUICES,-1.9581909,False,True,False,True
4645,CANNED JUICES,2.7433603,False,True,False,True
4646,BAG SNACKS,3.5236988e-37,True,True,False,True
4647,CANNED JUICES,2.8770413,False,True,False,True
4648,ICE CREAM/MILK/SHERBTS,1.5051742,True,True,False,True
4649,ICE CREAM/MILK/SHERBTS,0.34748352,True,True,False,True
4650,CHEESE,1.2215971,True,True,False,True
4651,ICE CREAM/MILK/SHERBTS,1.3026904,True,True,False,True
4652,CHEESE,2.5423977,True,True,False,True
4653,ICE CREAM/MILK/SHERBTS,1.1864232,True,True,False,True
4654,ICE CREAM/MILK/SHERBTS,1.6251519,True,True,False,True
4655,FROZEN PIZZA,1.2622962,False,True,False,True
4656,ICE CREAM/MILK/SHERBTS,1.9310781,True,True,False,True
4657,CHEESE,-0.19704151,True,True,False,True
4658,FROZEN PIZZA,1.7281448,False,True,False,True
4659,CANNED JUICES,2.0681565,False,True,False,True
4660,ICE CREAM/MILK/SHERBTS,0.68575716,True,True,False,True
4661,BACON,1.9979461,True,True,False,True
4662,CANNED JUICES,2.6436734,False,True,False,True
4663,ICE CREAM/MILK/SHERBTS,0.23727174,True,True,False,True
4664,ICE CREAM/MILK/SHERBTS,0.8708961,True,True,False,True
4665,CHEESE,1.78375,True,True,False,True
4666,ICE CREAM/MILK/SHERBTS,0.24826957,True,True,False,True
4667,LUNCHMEAT,2.705297,True,True,False,True
4668,LUNCHMEAT,1.0372491,True,True,False,True
4669,SALADS/DIPS,0.31525147,False,False,False,False
4670,LUNCHMEAT,1.8103472,True,True,False,True
4671,BAG SNACKS,0.4342815,True,True,False,True
4672,SOFT DRINKS,2.029859,False,False,True,True
4673,SOFT DRINKS,0.6791027,False,False,True,True
4674,SOFT DRINKS,2.3548944,False,False,True,True
4675,SOFT DRINKS,1.4776887,False,False,True,True
4676,BAG SNACKS,2.223135,True,True,False,True
4677,FUEL,-0.030276697,,,,
4678,BABY FOODS,-0.6296759,False,False,False,False
4679,SOFT DRINKS,1.8823785,False,False,True,True
4680,SOFT DRINKS,1.8548815,False,False,True,True
4681,SOFT DRINKS,3.2142334,False,False,True,True
4682,SOFT DRINKS,2.2143285,False,False,True,True
4683,SOFT DRINKS,2.396706,False,False,True,True
4684,BABY FOODS,-0.09476999,False,False,False,False
4685,SOFT DRINKS,2.765616,False,False,True,True
4686,SOFT DRINKS,2.5612829,False,False,True,True
4687,TROPICAL FRUIT,1.203569,False,False,False,False
4688,PAPER TOWELS,1.1929628,False,False,False,False
4689,BEERS/ALES,1.631589,False,True,False,True
4690,FROZEN PIE/DESSERTS,0.614594,False,False,False,False
4691,BATH TISSUES,1.0198936,False,False,False,False
4692,DRY NOODLES/PASTA,0.9698973,True,True,False,True
4693,DISHWASH DETERGENTS,-1.1179632,False,False,False,False
4694,PAPER TOWELS,1.4757781,False,False,False,False
4695,NO COMMODITY DESCRIPTION,-1.2847292,False,False,False,False
4696,ONIONS,0.15961882,False,False,False,False
4697,BUTTER,0.81535417,True,True,False,True
4698,TURKEY,0.8531106,False,False,False,False
4699,TURKEY,0.16933888,False,False,False,False
4700,SOFT DRINKS,1.3653567,False,False,True,True
4701,SALAD MIX,2.522507,False,False,False,False
4702,LUNCHMEAT,1.8319613,True,True,False,True
4703,LUNCHMEAT,1.4703717,True,True,False,True
4704,SALAD MIX,2.1025848,False,False,False,False
4705,WATER - CARBONATED/FLVRD DRINK,3.9027252,True,True,False,True
4706,SNACK NUTS,0.5846961,True,True,False,True
4707,COOKIES/CONES,0.6948978,True,True,False,True
4708,HOUSEHOLD CLEANG NEEDS,-1.7837445,False,False,False,False
4709,SOFT DRINKS,0.57122725,False,False,True,True
4710,DRY MIX DESSERTS,3.3984542,False,False,False,False
4711,BAKED BREAD/BUNS/ROLLS,2.8008409,True,True,False,True
4712,COOKIES/CONES,-0.8317262,True,True,False,True
4713,FROZEN PIZZA,3.7072914,False,True,False,True
4714,FROZEN PIZZA,3.1494458,False,True,False,True
4715,FROZEN PIZZA,4.061785,False,True,False,True
4716,FROZEN PIZZA,2.6927695,False,True,False,True
4717,FROZEN PIZZA,4.406508,False,True,False,True
4718,REFRIGERATED,1.2688589,True,True,False,True
4719,FROZEN PIZZA,3.2120028,False,True,False,True
4720,MAGAZINE,1.2615492e-36,False,False,False,False
4721,VEGETABLES - ALL OTHERS,0.57001126,False,False,False,False
4722,BAKED BREAD/BUNS/ROLLS,-0.4956176,True,True,False,True
4723,BAKED BREAD/BUNS/ROLLS,3.0353577,True,True,False,True
4724,BAKED BREAD/BUNS/ROLLS,-0.46795863,True,True,False,True
4725,SOFT DRINKS,0.061484087,False,False,True,True
4726,BAKED BREAD/BUNS/ROLLS,-2.0273345,True,True,False,True
4727,CONVENIENT BRKFST/WHLSM SNACKS,1.0343658,True,True,False,True
4728,CONVENIENT BRKFST/WHLSM SNACKS,1.8920702,True,True,False,True
4729,REFRGRATD JUICES/DRNKS,1.8835562,True,True,False,True
4730,CONVENIENT BRKFST/WHLSM SNACKS,2.066346,True,True,False,True
4731,CONVENIENT BRKFST/WHLSM SNACKS,1.6657624,True,True,False,True
4732,DRY BN/VEG/POTATO/RICE,1.0540802,True,True,False,True
4733,FD WRAPS/BAGS/TRSH BG,0.3954391,True,True,False,True
4734,REFRGRATD JUICES/DRNKS,0.99186677,True,True,False,True
4735,BAKED BREAD/BUNS/ROLLS,0.0736163,True,True,False,True
4736,COLD CEREAL,0.6140965,True,True,False,True
4737,BAKED BREAD/BUNS/ROLLS,1.8316232,True,True,False,True
4738,REFRGRATD JUICES/DRNKS,3.5164905,True,True,False,True
4739,COFFEE,1.9982992,True,True,False,True
4740,CANNED JUICES,2.3447666,False,True,False,True
4741,HOT CEREAL,1.4055189,True,True,False,True
4742,BAKED BREAD/BUNS/ROLLS,1.9754877,True,True,False,True
4743,SOFT DRINKS,0.5456558,False,False,True,True
4744,SALADS/DIPS,-1.5938824,False,False,False,False
4745,SALADS/DIPS,-2.2428308,False,False,False,False
4746,BERRIES,3.3343015,False,False,False,False
4747,BAKED BREAD/BUNS/ROLLS,1.2653444,True,True,False,True
4748,WATER - CARBONATED/FLVRD DRINK,1.5558763,True,True,False,True
4749,BAKED BREAD/BUNS/ROLLS,0.43141294,True,True,False,True
4750,BAKED BREAD/BUNS/ROLLS,1.1228716,True,True,False,True
4751,SALADS/DIPS,0.73607856,False,False,False,False
4752,LUNCHMEAT,1.1438476,True,True,False,True
4753,SALADS/DIPS,-1.0316869,False,False,False,False
4754,COOKIES/CONES,2.4861643,True,True,False,True
4755,CANDY - PACKAGED,2.1134472,True,True,False,True
4756,COOKIES/CONES,2.5805376,True,True,False,True
4757,SALADS/DIPS,3.2840388,False,False,False,False
4758,COLD CEREAL,2.7483072,True,True,False,True
4759,SALADS/DIPS,-2.5890865,False,False,False,False
4760,WATER - CARBONATED/FLVRD DRINK,0.9873261,True,True,False,True
4761,CANDY - CHECKLANE,0.7624778,True,True,False,True
4762,BEEF,1.0243984,True,True,False,True
4763,LUNCHMEAT,0.82596225,True,True,False,True
4764,CONDIMENTS/SAUCES,5.4430532,True,True,False,True
4765,ICE CREAM/MILK/SHERBTS,0.97196364,True,True,False,True
4766,FRZN MEAT/MEAT DINNERS,3.5136354,False,False,True,True
4767,FRZN MEAT/MEAT DINNERS,0.47280082,False,False,True,True
4768,DIAPERS & DISPOSABLES,0.42719275,False,False,True,False
4769,DIAPERS & DISPOSABLES,-2.7352542e-36,False,False,True,False
4770,CONDIMENTS/SAUCES,3.9312649,True,True,False,True
4771,CANDY - CHECKLANE,0.39993367,True,True,False,True
4772,SOFT DRINKS,0.9977044,False,False,True,True
4773,SOUP,2.2528799,True,True,False,True
4774,SOUP,-0.03727819,True,True,False,True
4775,SOUP,1.6363038,True,True,False,True
4776,ICE CREAM/MILK/SHERBTS,2.5101235,True,True,False,True
4777,ICE CREAM/MILK/SHERBTS,2.0437126,True,True,False,True
4778,ICE CREAM/MILK/SHERBTS,1.8504932,True,True,False,True
4779,BAG SNACKS,-0.047463372,True,True,False,True
4780,BAG SNACKS,-1.4938332,True,True,False,True
4781,BAG SNACKS,-0.20196599,True,True,False,True
4782,PASTA SAUCE,0.07685557,False,True,False,True
4783,YOGURT,2.2139719,True,True,False,True
4784,FRZN MEAT/MEAT DINNERS,1.5663503,False,False,True,True
4785,YOGURT,2.9680858,True,True,False,True
4786,REFRGRATD DOUGH PRODUCTS,2.1762636,False,True,False,True
4787,SOUP,1.8232964,True,True,False,True
4788,ICE CREAM/MILK/SHERBTS,1.8607379,True,True,False,True
4789,ICE CREAM/MILK/SHERBTS,2.1591065,True,True,False,True
4790,ICE CREAM/MILK/SHERBTS,1.2258443,True,True,False,True
4791,BAG SNACKS,0.12331751,True,True,False,True
4792,MEAT - SHELF STABLE,2.0957355,True,True,False,True
4793,REFRGRATD DOUGH PRODUCTS,2.2120268,False,True,False,True
4794,ORGANICS FRUIT & VEGETABLES,0.14432241,True,True,False,True
4795,FRZN MEAT/MEAT DINNERS,1.8398936,False,False,True,True
4796,ORGANICS FRUIT & VEGETABLES,1.6699691,True,True,False,True
4797,ICE CREAM/MILK/SHERBTS,1.3111618,True,True,False,True
4798,ICE CREAM/MILK/SHERBTS,2.3724146,True,True,False,True
4799,CANDY - CHECKLANE,2.5398712,True,True,False,True
4800,WATER - CARBONATED/FLVRD DRINK,2.2775705,True,True,False,True
4801,FLUID MILK PRODUCTS,2.4979155,False,False,False,False
4802,FLUID MILK PRODUCTS,2.4396472,False,False,False,False
4803,FLUID MILK PRODUCTS,1.9571341,False,False,False,False
4804,CANDY - PACKAGED,0.851839,True,True,False,True
4805,BAG SNACKS,1.3009213,True,True,False,True
4806,FRZN VEGETABLE/VEG DSH,-0.3958548,True,True,False,True
4807,BAG SNACKS,0.13229877,True,True,False,True
4808,FRZN VEGETABLE/VEG DSH,0.71418834,True,True,False,True
4809,CANDY - PACKAGED,1.2059923,True,True,False,True
4810,FRZN POTATOES,1.2595642,False,True,False,True
4811,FRZN VEGETABLE/VEG DSH,-0.081302926,True,True,False,True
4812,FRZN POTATOES,1.626851,False,True,False,True
4813,FRZN VEGETABLE/VEG DSH,0.07069416,True,True,False,True
4814,FRZN BREAKFAST FOODS,1.5502181,True,True,False,True
4815,FRZN VEGETABLE/VEG DSH,0.84250075,True,True,False,True
4816,FRZN VEGETABLE/VEG DSH,1.3350208,True,True,False,True
4817,FRUIT - SHELF STABLE,1.6313196,False,True,False,True
4818,FRZN VEGETABLE/VEG DSH,0.024073299,True,True,False,True
4819,FRZN VEGETABLE/VEG DSH,1.2034675,True,True,False,True
4820,FRZN POTATOES,1.3977559,False,True,False,True
4821,FRZN VEGETABLE/VEG DSH,1.2445642,True,True,False,True
4822,FRZN VEGETABLE/VEG DSH,0.5845646,True,True,False,True
4823,FRZN VEGETABLE/VEG DSH,0.91470504,True,True,False,True
4824,FRZN VEGETABLE/VEG DSH,0.24260718,True,True,False,True
4825,BABY HBC,0.3957066,False,False,False,False
4826,BABY HBC,-0.9000332,False,False,False,False
4827,FRZN VEGETABLE/VEG DSH,0.9176627,True,True,False,True
4828,FRZN VEGETABLE/VEG DSH,1.1923066,True,True,False,True
4829,FRZN VEGETABLE/VEG DSH,0.16317399,True,True,False,True
4830,CANDY - CHECKLANE,2.045347,True,True,False,True
4831,CANDY - CHECKLANE,0.40796268,True,True,False,True
4832,VALUE ADDED FRUIT,-0.31039548,False,False,False,False
4833,SOUP,1.6020623,True,True,False,True
4834,BAG SNACKS,-0.035719626,True,True,False,True
4835,BAG SNACKS,0.29477587,True,True,False,True
4836,FROZEN PIZZA,1.1154217,False,True,False,True
4837,BAG SNACKS,1.9372255,True,True,False,True
4838,CANDY - CHECKLANE,1.2584324,True,True,False,True
4839,ICE CREAM/MILK/SHERBTS,0.1690853,True,True,False,True
4840,ICE CREAM/MILK/SHERBTS,2.1795685,True,True,False,True
4841,CANDY - CHECKLANE,1.2648023,True,True,False,True
4842,BAG SNACKS,1.8999538,True,True,False,True
4843,CANDY - CHECKLANE,0.9141474,True,True,False,True
4844,BAG SNACKS,2.0433447,True,True,False,True
4845,BAG SNACKS,1.5487193,True,True,False,True
4846,ICE CREAM/MILK/SHERBTS,0.45624065,True,True,False,True
4847,ICE CREAM/MILK/SHERBTS,1.6561135,True,True,False,True
4848,CAT FOOD,2.486374,False,False,False,False
4849,SOAP - LIQUID & BAR,2.4527688,False,False,False,False
4850,CONDIMENTS/SAUCES,-2.1008608,True,True,False,True
4851,BAG SNACKS,2.6953187,True,True,False,True
4852,PASTA SAUCE,1.1321037,False,True,False,True
4853,LUNCHMEAT,1.2237942,True,True,False,True
4854,FD WRAPS/BAGS/TRSH BG,2.8480318,True,True,False,True
4855,YOGURT,2.069469,True,True,False,True
4856,DINNER SAUSAGE,-0.02472164,False,True,False,True
4857,SOUP,2.9146132,True,True,False,True
4858,YOGURT,1.7909535,True,True,False,True
4859,YOGURT,-0.31165704,True,True,False,True
4860,PIES,-0.7908854,False,False,False,False
4861,YOGURT,0.09806636,True,True,False,True
4862,REFRGRATD DOUGH PRODUCTS,2.4201028,False,True,False,True
4863,SANDWICHES,-0.4294728,False,False,False,False
4864,PAPER HOUSEWARES,1.3277985,True,True,False,True
4865,WATER - CARBONATED/FLVRD DRINK,0.9356492,True,True,False,True
4866,PAPER HOUSEWARES,0.563776,True,True,False,True
4867,BAG SNACKS,2.0072107,True,True,False,True
4868,LUNCHMEAT,1.1731997,True,True,False,True
4869,LUNCHMEAT,1.7327976,True,True,False,True
4870,PIES,3.6768157,False,False,False,False
4871,PWDR/CRYSTL DRNK MX,1.0713861,False,False,False,False
4872,INFANT FORMULA,-1.8010138,False,False,False,False
4873,PWDR/CRYSTL DRNK MX,1.4051318,False,False,False,False
4874,BACON,5.516816,True,True,False,True
4875,REFRIGERATED,-0.807932,True,True,False,True
4876,BREAKFAST SAUSAGE/SANDWICHES,0.7770491,True,True,False,True
4877,HEAT/SERVE,0.5353714,True,True,False,True
4878,CHICKEN/POULTRY,0.57464576,False,False,False,False
4879,SOFT DRINKS,2.9749956,False,False,True,True
4880,SOFT DRINKS,1.7169106,False,False,True,True
4881,SOFT DRINKS,0.5989756,False,False,True,True
4882,SOFT DRINKS,2.4583204,False,False,True,True
4883,SOFT DRINKS,2.508457,False,False,True,True
4884,SOFT DRINKS,1.3990571,False,False,True,True
4885,SOFT DRINKS,2.1672044,False,False,True,True
4886,SOFT DRINKS,2.1038327,False,False,True,True
4887,SOFT DRINKS,1.3406001,False,False,True,True
4888,SOFT DRINKS,2.120148,False,False,True,True
4889,SOFT DRINKS,2.8956356,False,False,True,True
4890,SOFT DRINKS,1.5281559,False,False,True,True
4891,SOFT DRINKS,1.2145846,False,False,True,True
4892,SOFT DRINKS,0.64101136,False,False,True,True
4893,SOFT DRINKS,0.7325628,False,False,True,True
4894,SOFT DRINKS,1.2028419,False,False,True,True
4895,SOFT DRINKS,0.9526468,False,False,True,True
4896,CHEESES,-0.308438,False,False,False,False
4897,BREAKFAST SAUSAGE/SANDWICHES,0.9829347,True,True,False,True
4898,CRACKERS/MISC BKD FD,0.40691373,True,True,False,True
4899,CANNED JUICES,3.6536891,False,True,False,True
4900,FACIAL TISS/DNR NAPKIN,1.7448707,False,True,False,True
4901,SALD DRSNG/SNDWCH SPRD,2.0560212,True,True,False,True
4902,FROZEN PIZZA,0.5129689,False,True,False,True
4903,VEGETABLES - SHELF STABLE,2.3211007,True,True,False,True
4904,CANNED JUICES,-0.68620956,False,True,False,True
4905,CANDY - CHECKLANE,0.50580543,True,True,False,True
4906,ORGANICS FRUIT & VEGETABLES,5.8346715,True,True,False,True
4907,BAKED SWEET GOODS,0.3850246,True,True,False,True
4908,SOFT DRINKS,1.84726,False,False,True,True
4909,SALD DRSNG/SNDWCH SPRD,1.865829,True,True,False,True
4910,BAG SNACKS,1.9572742,True,True,False,True
4911,BAKED BREAD/BUNS/ROLLS,0.35260546,True,True,False,True
4912,SEAFOOD - FROZEN,0.052742,False,False,False,False
4913,SOFT DRINKS,-9.237029e-07,False,False,True,True
4914,BAKED BREAD/BUNS/ROLLS,2.75065,True,True,False,True
4915,FROZEN PIZZA,0.40246716,False,True,False,True
4916,SEAFOOD - FROZEN,-0.32412493,False,False,False,False
4917,SOFT DRINKS,0.9232001,False,False,True,True
4918,SEAFOOD-FRESH,0.19799335,False,False,False,False
4919,SEAFOOD-FRESH,-0.47324598,False,False,False,False
4920,SEAFOOD-FRESH,0.115286365,False,False,False,False
4921,SEAFOOD-FRESH,-0.13733567,False,False,False,False
4922,SEAFOOD-FRESH,0.06489932,False,False,False,False
4923,HOT DOGS,1.655804,True,True,False,True
4924,LUNCHMEAT,1.7125038,True,True,False,True
4925,SALD DRSNG/SNDWCH SPRD,0.5543233,True,True,False,True
4926,CANDY - CHECKLANE,0.5521974,True,True,False,True
4927,REFRGRATD DOUGH PRODUCTS,1.2414935,False,True,False,True
4928,LUNCHMEAT,3.0895956,True,True,False,True
4929,LUNCHMEAT,0.58682114,True,True,False,True
4930,LUNCHMEAT,2.018243,True,True,False,True
4931,APPLES,1.0531886,False,False,False,False
4932,BAG SNACKS,1.5166317,True,True,False,True
4933,BREAKFAST SAUSAGE/SANDWICHES,1.9957243,True,True,False,True
4934,BAKED BREAD/BUNS/ROLLS,0.22982061,True,True,False,True
4935,BAKED BREAD/BUNS/ROLLS,0.47947353,True,True,False,True
4936,FRZN NOVELTIES/WTR ICE,0.15251973,False,True,False,True
4937,LUNCHMEAT,2.168269,True,True,False,True
4938,CANDY - PACKAGED,0.7755664,True,True,False,True
4939,PORK,0.730905,False,False,False,False
4940,SOFT DRINKS,1.2396002,False,False,True,True
4941,FLUID MILK PRODUCTS,0.5227858,False,False,False,False
4942,MAGAZINE,1.5861348e-36,False,False,False,False
4943,CANDY - PACKAGED,3.483013,True,True,False,True
4944,TROPICAL FRUIT,1.3922896,False,False,False,False
4945,BEEF,-1.2244874,True,True,False,True
4946,DELI MEATS,1.4958185,True,True,False,True
4947,BREAD,1.9770769,True,True,False,True
4948,FROZEN PIZZA,-0.9140416,False,True,False,True
4949,CANDY - PACKAGED,1.43018,True,True,False,True
4950,FROZEN PIZZA,-0.18788397,False,True,False,True
4951,BREAD,-0.12340055,True,True,False,True
4952,SALAD MIX,2.2764277,False,False,False,False
4953,VEGETABLES - SHELF STABLE,1.9107008,True,True,False,True
4954,REFRGRATD JUICES/DRNKS,1.3325477,True,True,False,True
4955,DRY BN/VEG/POTATO/RICE,1.5471135,True,True,False,True
4956,MISC. DAIRY,0.15570864,False,False,False,False
4957,FRZN MEAT/MEAT DINNERS,1.1091591,False,False,True,True
4958,COLD CEREAL,0.96374685,True,True,False,True
4959,SOUP,1.888902,True,True,False,True
4960,CONVENIENT BRKFST/WHLSM SNACKS,1.4016762,True,True,False,True
4961,REFRGRATD JUICES/DRNKS,2.015452,True,True,False,True
4962,REFRGRATD JUICES/DRNKS,-6.1409783,True,True,False,True
4963,DINNER MXS:DRY,0.8437127,True,True,False,True
4964,COLD CEREAL,2.3417108,True,True,False,True
4965,CONVENIENT BRKFST/WHLSM SNACKS,0.6793231,True,True,False,True
4966,CHICKEN,1.4739327e-05,False,False,False,False
4967,MISC. DAIRY,-0.9688842,False,False,False,False
4968,REFRGRATD JUICES/DRNKS,1.8532089,True,True,False,True
4969,FRZN MEAT/MEAT DINNERS,2.370588,False,False,True,True
4970,HOT DOGS,1.6415205,True,True,False,True
4971,CANDY - PACKAGED,0.8744625,True,True,False,True
4972,CANDY - PACKAGED,2.2294445,True,True,False,True
4973,CANDY - PACKAGED,1.559551,True,True,False,True
4974,CONVENIENT BRKFST/WHLSM SNACKS,1.123664,True,True,False,True
4975,HOT DOGS,0.462422,True,True,False,True
4976,DINNER SAUSAGE,0.4122588,False,True,False,True
4977,HOT DOGS,0.7982833,True,True,False,True
4978,VEGETABLES - SHELF STABLE,2.3136802,True,True,False,True
4979,SOFT DRINKS,0.9022301,False,False,True,True
4980,SOFT DRINKS,0.7763286,False,False,True,True
4981,SOFT DRINKS,0.5121148,False,False,True,True
4982,SOFT DRINKS,1.3644586,False,False,True,True
4983,HOT DOGS,2.2073402,True,True,False,True
4984,VEGETABLES - SHELF STABLE,2.0452337,True,True,False,True
4985,YOGURT,1.5885481,True,True,False,True
4986,BATH TISSUES,2.057651,False,False,False,False
4987,FRZN MEAT/MEAT DINNERS,2.0616498,False,False,True,True
4988,YOGURT,5.1982822,True,True,False,True
4989,LAUNDRY DETERGENTS,2.9309022,False,False,False,False
4990,BATH TISSUES,2.00399,False,False,False,False
4991,YOGURT,-0.14586893,True,True,False,True
4992,BACON,0.46049294,True,True,False,True
4993,YOGURT,0.1877793,True,True,False,True
4994,CHEESE,1.0374744,True,True,False,True
4995,YOGURT,1.0721321,True,True,False,True
4996,DRY NOODLES/PASTA,0.6284041,True,True,False,True
4997,BATH TISSUES,0.3667398,False,False,False,False
4998,ISOTONIC DRINKS,1.3659748,False,False,False,False
4999,YOGURT,4.6061206,True,True,False,True
5000,SOUP,0.4289873,True,True,False,True
5001,DINNER SAUSAGE,1.0750005,False,True,False,True
5002,SOUP,0.6355212,True,True,False,True
5003,BAKED BREAD/BUNS/ROLLS,6.1958435e-06,True,True,False,True
5004,SOUP,0.59023196,True,True,False,True
5005,MAGAZINE,8.150915e-37,False,False,False,False
5006,CRACKERS/MISC BKD FD,2.0080853,True,True,False,True
5007,FROZEN PIZZA,1.6885349,False,True,False,True
5008,CRACKERS/MISC BKD FD,1.3798596,True,True,False,True
5009,DISHWASH DETERGENTS,0.14374119,False,False,False,False
5010,PAPER HOUSEWARES,1.1902435,True,True,False,True
5011,FROZEN MEAT,1.6504809,True,True,False,True
5012,DISHWASH DETERGENTS,1.3840709,False,False,False,False
5013,PAPER HOUSEWARES,2.112112,True,True,False,True
5014,PREPARED FOOD,2.178913,False,False,False,False
5015,PREPARED FOOD,0.9755135,False,False,False,False
5016,DRY NOODLES/PASTA,0.17273459,True,True,False,True
5017,DRY NOODLES/PASTA,1.3561164,True,True,False,True
5018,FROZEN MEAT,2.0720286,True,True,False,True
5019,BAKED BREAD/BUNS/ROLLS,1.8423022,True,True,False,True
5020,PREPARED FOOD,1.7949438,False,False,False,False
5021,DRY NOODLES/PASTA,1.3236946,True,True,False,True
5022,REFRGRATD JUICES/DRNKS,0.644122,True,True,False,True
5023,PAPER HOUSEWARES,2.2138338,True,True,False,True
5024,FRZN MEAT/MEAT DINNERS,4.28853,False,False,True,True
5025,FRZN MEAT/MEAT DINNERS,2.010656,False,False,True,True
5026,BAG SNACKS,1.8903381,True,True,False,True
5027,BAG SNACKS,2.633613,True,True,False,True
5028,BAG SNACKS,1.2789122,True,True,False,True
5029,REFRGRATD DOUGH PRODUCTS,0.91763455,False,True,False,True
5030,BAG SNACKS,-1.1719062,True,True,False,True
5031,BAG SNACKS,0.63009983,True,True,False,True
5032,CAT FOOD,0.8879806,False,False,False,False
5033,FRZN MEAT/MEAT DINNERS,-0.2432133,False,False,True,True
5034,FROZEN MEAT,1.7891289,True,True,False,True
5035,FRZN NOVELTIES/WTR ICE,-0.25932756,False,True,False,True
5036,FRZN MEAT/MEAT DINNERS,0.6161872,False,False,True,True
5037,FRUIT - SHELF STABLE,2.7532754,False,True,False,True
5038,CAT FOOD,1.6357448,False,False,False,False
5039,BAG SNACKS,-0.95738053,True,True,False,True
5040,BAG SNACKS,-0.5314818,True,True,False,True
5041,REFRGRATD DOUGH PRODUCTS,2.0547197,False,True,False,True
5042,BUTTER,2.4791164,True,True,False,True
5043,BAG SNACKS,1.6474595,True,True,False,True
5044,WAREHOUSE SNACKS,2.9709785,True,True,False,True
5045,BAG SNACKS,-0.0865162,True,True,False,True
5046,BAG SNACKS,2.3519838,True,True,False,True
5047,BAG SNACKS,2.2671177,True,True,False,True
5048,BAG SNACKS,2.30537,True,True,False,True
5049,PAPER HOUSEWARES,4.006461,True,True,False,True
5050,CAT FOOD,1.4582498,False,False,False,False
5051,REFRGRATD DOUGH PRODUCTS,1.1597905,False,True,False,True
5052,BAG SNACKS,2.0888162,True,True,False,True
5053,PAPER HOUSEWARES,0.42931083,True,True,False,True
5054,PAPER HOUSEWARES,1.2165622,True,True,False,True
5055,PAPER HOUSEWARES,-0.40136436,True,True,False,True
5056,BAG SNACKS,1.7826012,True,True,False,True
5057,BAG SNACKS,0.61916125,True,True,False,True
5058,BAG SNACKS,2.498205,True,True,False,True
5059,MEAT - MISC,1.1767166,True,True,False,True
5060,ORGANICS FRUIT & VEGETABLES,0.9161077,True,True,False,True
5061,SOUP,0.7250718,True,True,False,True
5062,WATER - CARBONATED/FLVRD DRINK,1.2991924,True,True,False,True
5063,SOUP,0.50653905,True,True,False,True
5064,WATER - CARBONATED/FLVRD DRINK,-0.88995934,True,True,False,True
5065,BAG SNACKS,1.613408,True,True,False,True
5066,BATH TISSUES,5.244086,False,False,False,False
5067,WATER - CARBONATED/FLVRD DRINK,0.70767874,True,True,False,True
5068,WATER - CARBONATED/FLVRD DRINK,-0.022613587,True,True,False,True
5069,BATH TISSUES,5.391924,False,False,False,False
5070,FACIAL TISS/DNR NAPKIN,3.8162777,False,True,False,True
5071,ISOTONIC DRINKS,1.964981,False,False,False,False
5072,CANDY - CHECKLANE,0.57607865,True,True,False,True
5073,BATH TISSUES,-0.4159733,False,False,False,False
5074,REFRIGERATED,1.4977576,True,True,False,True
5075,DISHWASH DETERGENTS,-0.24795659,False,False,False,False
5076,PAPER HOUSEWARES,0.7226215,True,True,False,True
5077,CRACKERS/MISC BKD FD,1.9634372,True,True,False,True
5078,BEERS/ALES,3.288624,False,True,False,True
5079,CANDY - CHECKLANE,1.8199013,True,True,False,True
5080,PAPER HOUSEWARES,1.0195612,True,True,False,True
5081,FLORAL-FRESH CUT,-0.70400274,False,False,False,False
5082,DISHWASH DETERGENTS,0.46047467,False,False,False,False
5083,PAPER TOWELS,2.0791466,False,False,False,False
5084,CANNED JUICES,-0.1740226,False,True,False,True
5085,PAPER TOWELS,2.236503,False,False,False,False
5086,PAPER TOWELS,2.843758,False,False,False,False
5087,PAPER TOWELS,2.788249,False,False,False,False
5088,HISPANIC,-0.7899086,True,True,False,True
5089,CANNED JUICES,1.1138457,False,True,False,True
5090,FLUID MILK PRODUCTS,1.0771037,False,False,False,False
5091,HISPANIC,0.8219744,True,True,False,True
5092,POTATOES,-0.91344005,False,False,False,False
5093,FRZN VEGETABLE/VEG DSH,0.480938,True,True,False,True
5094,BAKED BREAD/BUNS/ROLLS,2.1255085,True,True,False,True
5095,CONDIMENTS/SAUCES,1.189813,True,True,False,True
5096,HOT DOGS,1.6651177,True,True,False,True
5097,CONDIMENTS/SAUCES,0.8239821,True,True,False,True
5098,HOT DOGS,0.7070266,True,True,False,True
5099,BAKED SWEET GOODS,2.4312348,True,True,False,True
5100,BABY FOODS,-0.026243467,False,False,False,False
5101,BABY FOODS,0.4426766,False,False,False,False
5102,BABY FOODS,-1.6159616,False,False,False,False
5103,SOFT DRINKS,0.39359358,False,False,True,True
5104,PAPER HOUSEWARES,0.9987401,True,True,False,True
5105,PAPER HOUSEWARES,0.7368671,True,True,False,True
5106,SOFT DRINKS,1.4292727,False,False,True,True
5107,VALUE ADDED VEGETABLES,0.81079847,False,False,False,False
5108,VALUE ADDED VEGETABLES,0.28593263,False,False,False,False
5109,YOGURT,3.1519623,True,True,False,True
5110,SALAD MIX,2.7909853,False,False,False,False
5111,SALAD MIX,5.966015,False,False,False,False
5112,SALAD MIX,2.4706523,False,False,False,False
5113,PORK,1.1092111,False,False,False,False
5114,PORK,1.1247249,False,False,False,False
5115,BAKED BREAD/BUNS/ROLLS,2.5132852,True,True,False,True
5116,PORK,0.56576943,False,False,False,False
5117,PORK,1.1801368,False,False,False,False
5118,BEEF,-0.09492939,True,True,False,True
5119,PORK,-0.6883539,False,False,False,False
5120,CHICKEN/POULTRY,0.4327488,False,False,False,False
5121,BAKED BREAD/BUNS/ROLLS,-0.33723822,True,True,False,True
5122,BACON,2.2725074,True,True,False,True
5123,LUNCHMEAT,1.196206,True,True,False,True
5124,BEEF,-0.83038944,True,True,False,True
5125,LUNCHMEAT,-1.1657513,True,True,False,True
5126,SALAD MIX,2.8060732,False,False,False,False
5127,LUNCHMEAT,0.8812449,True,True,False,True
5128,LUNCHMEAT,0.8338487,True,True,False,True
5129,LUNCHMEAT,1.6785836,True,True,False,True
5130,SALAD MIX,-0.7003339,False,False,False,False
5131,LUNCHMEAT,0.66257447,True,True,False,True
5132,FACIAL TISS/DNR NAPKIN,1.1786361,False,True,False,True
5133,CANDY - CHECKLANE,1.2699441,True,True,False,True
5134,CANDY - CHECKLANE,0.37679434,True,True,False,True
5135,FACIAL TISS/DNR NAPKIN,0.6616622,False,True,False,True
5136,FACIAL TISS/DNR NAPKIN,1.4490361,False,True,False,True
5137,CANDY - CHECKLANE,1.7127997,True,True,False,True
5138,FACIAL TISS/DNR NAPKIN,1.7482454,False,True,False,True
5139,FACIAL TISS/DNR NAPKIN,-0.2417749,False,True,False,True
5140,FACIAL TISS/DNR NAPKIN,1.0586746,False,True,False,True
5141,FACIAL TISS/DNR NAPKIN,1.922858,False,True,False,True
5142,FACIAL TISS/DNR NAPKIN,1.5008173,False,True,False,True
5143,FRZN POTATOES,1.2175452,False,True,False,True
5144,FACIAL TISS/DNR NAPKIN,2.9326515,False,True,False,True
5145,FACIAL TISS/DNR NAPKIN,1.3692185,False,True,False,True
5146,FACIAL TISS/DNR NAPKIN,1.4524382,False,True,False,True
5147,CANDY - CHECKLANE,1.4701669,True,True,False,True
5148,CANDY - CHECKLANE,0.42722294,True,True,False,True
5149,BAKED SWEET GOODS,1.9019175,True,True,False,True
5150,BAKED SWEET GOODS,2.0742397,True,True,False,True
5151,SALAD MIX,0.7914083,False,False,False,False
5152,BREAKFAST SAUSAGE/SANDWICHES,2.5289068,True,True,False,True
5153,BREAKFAST SAUSAGE/SANDWICHES,2.3206117,True,True,False,True
5154,BAKED SWEET GOODS,1.6955585,True,True,False,True
5155,LUNCHMEAT,-0.38829914,True,True,False,True
5156,SNACK NUTS,6.8101724e-37,True,True,False,True
5157,BAKED BREAD/BUNS/ROLLS,0.70920134,True,True,False,True
5158,FACIAL TISS/DNR NAPKIN,1.2691222,False,True,False,True
5159,CHICKEN/POULTRY,1.1680762,False,False,False,False
5160,SOFT DRINKS,0.7270128,False,False,True,True
5161,SOFT DRINKS,1.215798,False,False,True,True
5162,MEAT - MISC,2.1893976,True,True,False,True
5163,FACIAL TISS/DNR NAPKIN,1.8676376,False,True,False,True
5164,PAPER HOUSEWARES,2.007828,True,True,False,True
5165,CRACKERS/MISC BKD FD,2.2286596,True,True,False,True
5166,CRACKERS/MISC BKD FD,1.6506332,True,True,False,True
5167,CRACKERS/MISC BKD FD,1.6707304,True,True,False,True
5168,BAKING MIXES,2.2793887,False,True,False,True
5169,BATH TISSUES,4.438717,False,False,False,False
5170,BAKING MIXES,1.0471301,False,True,False,True
5171,BEANS - CANNED GLASS & MW,2.5648327,False,True,False,True
5172,BATH TISSUES,4.242435,False,False,False,False
5173,LUNCHMEAT,3.510523,True,True,False,True
5174,FROZEN PIZZA,5.509139,False,True,False,True
5175,DOG FOODS,-0.34533492,False,False,False,False
5176,CANDY - PACKAGED,4.4369383,True,True,False,True
5177,CANDY - CHECKLANE,1.700698,True,True,False,True
5178,CANDY - CHECKLANE,1.0353483,True,True,False,True
5179,CANDY - PACKAGED,3.2662563,True,True,False,True
5180,CANDY - PACKAGED,3.5569627,True,True,False,True
5181,TEAS,1.6829078,False,False,False,False
5182,CANDY - PACKAGED,3.9231808,True,True,False,True
5183,BAKING NEEDS,2.8673425,False,True,False,True
5184,YOGURT,1.6442155,True,True,False,True
5185,YOGURT,1.2408386,True,True,False,True
5186,YOGURT,2.8355415,True,True,False,True
5187,BATH TISSUES,-3.66814,False,False,False,False
5188,SALAD MIX,1.9732513,False,False,False,False
5189,DRY BN/VEG/POTATO/RICE,0.88242114,True,True,False,True
5190,CANDY - PACKAGED,2.66687,True,True,False,True
5191,BAKING NEEDS,0.54987526,False,True,False,True
5192,CONVENIENT BRKFST/WHLSM SNACKS,1.5827156,True,True,False,True
5193,CONVENIENT BRKFST/WHLSM SNACKS,1.5356224,True,True,False,True
5194,CANDY - PACKAGED,0.4976901,True,True,False,True
5195,CANDY - PACKAGED,3.1059663,True,True,False,True
5196,CANDY - PACKAGED,1.703497,True,True,False,True
5197,DOG FOODS,4.0095806,False,False,False,False
5198,FRZN MEAT/MEAT DINNERS,1.0777289,False,False,True,True
5199,DOG FOODS,0.1667757,False,False,False,False
5200,CANDY - PACKAGED,3.351225,True,True,False,True
5201,DRY BN/VEG/POTATO/RICE,1.5355023,True,True,False,True
5202,CONVENIENT BRKFST/WHLSM SNACKS,2.1738584,True,True,False,True
5203,BAKING NEEDS,0.7038415,False,True,False,True
5204,CONDIMENTS/SAUCES,-4.771785,True,True,False,True
5205,BAKED BREAD/BUNS/ROLLS,1.8298601,True,True,False,True
5206,SOFT DRINKS,2.176695,False,False,True,True
5207,COOKIES/CONES,2.7034395,True,True,False,True
5208,CONVENIENT BRKFST/WHLSM SNACKS,2.1640859,True,True,False,True
5209,CONVENIENT BRKFST/WHLSM SNACKS,1.9586871,True,True,False,True
5210,SOFT DRINKS,0.75104105,False,False,True,True
5211,SOFT DRINKS,1.3620743,False,False,True,True
5212,CANDY - PACKAGED,2.1343246,True,True,False,True
5213,FD WRAPS/BAGS/TRSH BG,-3.5210414,True,True,False,True
5214,CANDY - PACKAGED,3.1570761,True,True,False,True
5215,BABY HBC,-1.1780252,False,False,False,False
5216,CITRUS,2.9528413,False,True,False,True
5217,MARGARINES,0.29042843,True,True,False,True
5218,COLD CEREAL,0.71816224,True,True,False,True
5219,EGGS,3.658966e-06,False,True,False,True
5220,SOUP,1.1009893,True,True,False,True
5221,REFRGRATD DOUGH PRODUCTS,1.4337344,False,True,False,True
5222,SOUP,2.421334,True,True,False,True
5223,CANDY - CHECKLANE,0.5129118,True,True,False,True
5224,COLD CEREAL,3.7519736,True,True,False,True
5225,COLD CEREAL,4.1288548,True,True,False,True
5226,MARGARINES,-0.7711177,True,True,False,True
5227,SOUP,1.5044037,True,True,False,True
5228,COLD CEREAL,1.0237057,True,True,False,True
5229,EGGS,0.14861093,False,True,False,True
5230,REFRGRATD DOUGH PRODUCTS,2.9960458,False,True,False,True
5231,REFRGRATD DOUGH PRODUCTS,3.9932232,False,True,False,True
5232,DRY BN/VEG/POTATO/RICE,1.8203517,True,True,False,True
5233,DRY BN/VEG/POTATO/RICE,0.9683739,True,True,False,True
5234,REFRGRATD DOUGH PRODUCTS,2.4555202,False,True,False,True
5235,REFRGRATD DOUGH PRODUCTS,2.5951533,False,True,False,True
5236,MAGAZINE,7.7511866e-38,False,False,False,False
5237,LAUNDRY DETERGENTS,2.3803914,False,False,False,False
5238,CANDY - PACKAGED,2.4813716,True,True,False,True
5239,BAKING MIXES,2.6867979,False,True,False,True
5240,BAKING MIXES,3.1624558,False,True,False,True
5241,BAKING MIXES,1.1107918,False,True,False,True
5242,BAKING MIXES,2.040521,False,True,False,True
5243,BAKING MIXES,-1.4611462,False,True,False,True
5244,BAKING MIXES,-0.1696115,False,True,False,True
5245,BAKING MIXES,-1.7485042,False,True,False,True
5246,BAKING MIXES,-0.51402724,False,True,False,True
5247,BAKING MIXES,3.00426,False,True,False,True
5248,BAKING MIXES,2.9461017,False,True,False,True
5249,BAKING MIXES,3.2461562,False,True,False,True
5250,BEEF,0.4485215,True,True,False,True
5251,BEEF,0.92884415,True,True,False,True
5252,BAKING MIXES,2.7971253,False,True,False,True
5253,BEEF,0.43750626,True,True,False,True
5254,LAUNDRY DETERGENTS,-0.93415606,False,False,False,False
5255,BAKING MIXES,4.888732,False,True,False,True
5256,BAKING MIXES,2.821955,False,True,False,True
5257,YOGURT,5.874835,True,True,False,True
5258,LAUNDRY DETERGENTS,1.7109708,False,False,False,False
5259,YOGURT,5.0269866,True,True,False,True
5260,BAKING MIXES,1.8592632,False,True,False,True
5261,BEEF,1.9465802,True,True,False,True
5262,BAKED BREAD/BUNS/ROLLS,2.6477923,True,True,False,True
5263,BEEF,0.13279495,True,True,False,True
5264,BEEF,-1.9212714,True,True,False,True
5265,BEEF,-1.6386368,True,True,False,True
5266,BEEF,1.5501819,True,True,False,True
5267,BEEF,0.9447913,True,True,False,True
5268,BEEF,-1.9441196,True,True,False,True
5269,BEEF,0.23077993,True,True,False,True
5270,BAKED BREAD/BUNS/ROLLS,2.0637593,True,True,False,True
5271,BAKED BREAD/BUNS/ROLLS,2.3124998,True,True,False,True
5272,BAKED BREAD/BUNS/ROLLS,1.6182902,True,True,False,True
5273,BAKED BREAD/BUNS/ROLLS,0.059847243,True,True,False,True
5274,SALAD MIX,2.1412673,False,False,False,False
5275,BAKED BREAD/BUNS/ROLLS,2.0769725,True,True,False,True
5276,BEEF,1.0477006,True,True,False,True
5277,BAG SNACKS,2.5699008,True,True,False,True
5278,CRACKERS/MISC BKD FD,2.4706082,True,True,False,True
5279,FLOUR & MEALS,2.0335567,False,False,False,False
5280,FLUID MILK PRODUCTS,3.1722233,False,False,False,False
5281,CHEESE,-1.0584848,True,True,False,True
5282,FROZEN PIZZA,0.8207767,False,True,False,True
5283,PAPER TOWELS,-0.40778542,False,False,False,False
5284,BEEF,1.0593169,True,True,False,True
5285,CHEESE,1.0497439,True,True,False,True
5286,BATH TISSUES,1.4945887,False,False,False,False
5287,CHEESE,1.5877087,True,True,False,True
5288,COOKIES/CONES,0.71738267,True,True,False,True
5289,FROZEN PIZZA,-0.22861299,False,True,False,True
5290,WAREHOUSE SNACKS,0.06372846,True,True,False,True
5291,BAKED SWEET GOODS,-0.03853804,True,True,False,True
5292,COLD CEREAL,1.827282,True,True,False,True
5293,COLD CEREAL,1.7478137,True,True,False,True
5294,CANDY - CHECKLANE,0.6769837,True,True,False,True
5295,CANDY - CHECKLANE,2.2110865,True,True,False,True
5296,CANDY - CHECKLANE,0.8634414,True,True,False,True
5297,SEAFOOD - FROZEN,-0.20947084,False,False,False,False
5298,TROPICAL FRUIT,1.7226969,False,False,False,False
5299,BATH TISSUES,2.6427455,False,False,False,False
5300,FRUIT - SHELF STABLE,3.3841727,False,True,False,True
5301,GREETING CARDS/WRAP/PARTY SPLY,-0.031211924,False,False,False,False
5302,REFRGRATD JUICES/DRNKS,1.3270539,True,True,False,True
5303,BAKED BREAD/BUNS/ROLLS,0.25679782,True,True,False,True
5304,CRACKERS/MISC BKD FD,4.265598,True,True,False,True
5305,GREETING CARDS/WRAP/PARTY SPLY,-2.1356353e-05,False,False,False,False
5306,CRACKERS/MISC BKD FD,2.4516795,True,True,False,True
5307,BAKED BREAD/BUNS/ROLLS,2.7645545,True,True,False,True
5308,FROZEN PIZZA,2.791001,False,True,False,True
5309,PAPER HOUSEWARES,5.356293,True,True,False,True
5310,PAPER HOUSEWARES,4.8086452,True,True,False,True
5311,PAPER HOUSEWARES,3.3069398,True,True,False,True
5312,HEAT/SERVE,1.4509518,True,True,False,True
5313,CHEESE,1.0184128,True,True,False,True
5314,HOT CEREAL,1.9186102,True,True,False,True
5315,CHEESE,-1.4184039,True,True,False,True
5316,CANDY - CHECKLANE,0.9098245,True,True,False,True
5317,SALAD MIX,2.1964989,False,False,False,False
5318,SMOKED MEATS,-0.47902927,False,False,True,False
5319,CHICKEN,-0.5674012,False,False,False,False
5320,CANDY - CHECKLANE,1.3102175,True,True,False,True
5321,SMOKED MEATS,-0.11784495,False,False,True,False
5322,CANDY - CHECKLANE,0.40956053,True,True,False,True
5323,SMOKED MEATS,-0.65903383,False,False,True,False
5324,SMOKED MEATS,3.4606895,False,False,True,False
5325,SMOKED MEATS,3.872068,False,False,True,False
5326,SMOKED MEATS,-0.07403166,False,False,True,False
5327,CANDY - CHECKLANE,0.11972104,True,True,False,True
5328,BEEF,0.70117575,True,True,False,True
5329,BREAKFAST SWEETS,-1.1895307e-05,False,False,False,False
5330,BAG SNACKS,3.625062,True,True,False,True
5331,BREAKFAST SWEETS,1.3053839,False,False,False,False
5332,BAG SNACKS,2.134049,True,True,False,True
5333,FRZN MEAT/MEAT DINNERS,2.3330057,False,False,True,True
5334,FRZN MEAT/MEAT DINNERS,2.4577074,False,False,True,True
5335,PORK,-1.0291544,False,False,False,False
5336,PORK,1.0122836,False,False,False,False
5337,PORK,2.464033,False,False,False,False
5338,PORK,0.9709342,False,False,False,False
5339,PORK,1.8113222,False,False,False,False
5340,PORK,3.1911433,False,False,False,False
5341,PORK,0.23896451,False,False,False,False
5342,SEAFOOD - FROZEN,3.0891457,False,False,False,False
5343,PORK,-1.6489241,False,False,False,False
5344,BAG SNACKS,2.8817153,True,True,False,True
5345,COLD CEREAL,3.5650344,True,True,False,True
5346,BAG SNACKS,4.8946033,True,True,False,True
5347,BAG SNACKS,2.463949,True,True,False,True
5348,BAG SNACKS,-4.4352326,True,True,False,True
5349,BEEF,1.0765929,True,True,False,True
5350,BAKED BREAD/BUNS/ROLLS,3.238849,True,True,False,True
5351,YOGURT,3.0066242,True,True,False,True
5352,CONVENIENT BRKFST/WHLSM SNACKS,3.7611644,True,True,False,True
5353,YOGURT,0.37561297,True,True,False,True
5354,YOGURT,1.9116254,True,True,False,True
5355,BAKED BREAD/BUNS/ROLLS,3.6372507,True,True,False,True
5356,CONVENIENT BRKFST/WHLSM SNACKS,4.259248,True,True,False,True
5357,YOGURT,4.2446184,True,True,False,True
5358,YOGURT,-1.9977292,True,True,False,True
5359,BAKED BREAD/BUNS/ROLLS,-0.87179613,True,True,False,True
5360,YOGURT,3.664923,True,True,False,True
5361,YOGURT,4.4593835,True,True,False,True
5362,BREAKFAST SWEETS,-0.19041899,False,False,False,False
5363,MISC. DAIRY,-0.18397787,False,False,False,False
5364,ORGANICS FRUIT & VEGETABLES,0.80231947,True,True,False,True
5365,CHARCOAL AND LIGHTER FLUID,5.837128,,,,
5366,CANDY - CHECKLANE,9.875071e-37,True,True,False,True
5367,ISOTONIC DRINKS,1.9737637,False,False,False,False
5368,BATH TISSUES,6.4814515,False,False,False,False
5369,ISOTONIC DRINKS,0.7872265,False,False,False,False
5370,BAG SNACKS,5.9923515,True,True,False,True
5371,BAG SNACKS,5.5277567,True,True,False,True
5372,CHARCOAL AND LIGHTER FLUID,2.205543,,,,
5373,ISOTONIC DRINKS,2.6330285,False,False,False,False
5374,LAUNDRY DETERGENTS,-3.9902656,False,False,False,False
5375,DINNER MXS:DRY,-0.40906858,True,True,False,True
5376,BAG SNACKS,4.5849876,True,True,False,True
5377,BAG SNACKS,-0.23212436,True,True,False,True
5378,SOFT DRINKS,0.4377773,False,False,True,True
5379,DELI MEATS,1.5291861,True,True,False,True
5380,BAG SNACKS,5.5416155,True,True,False,True
5381,BAG SNACKS,3.0428464,True,True,False,True
5382,BAG SNACKS,6.390519,True,True,False,True
5383,ICE CREAM/MILK/SHERBTS,3.5584042,True,True,False,True
5384,ICE CREAM/MILK/SHERBTS,3.8936083,True,True,False,True
5385,BAG SNACKS,5.998469,True,True,False,True
5386,BATH TISSUES,-2.1208084,False,False,False,False
5387,PORK,-0.7862964,False,False,False,False
5388,BATH TISSUES,2.6712117,False,False,False,False
5389,BAG SNACKS,0.7535514,True,True,False,True
5390,CRACKERS/MISC BKD FD,-1.4754303,True,True,False,True
5391,BAKED BREAD/BUNS/ROLLS,5.4091744,True,True,False,True
5392,BAKED BREAD/BUNS/ROLLS,5.148409,True,True,False,True
5393,BAKED BREAD/BUNS/ROLLS,7.6701,True,True,False,True
5394,BAKED BREAD/BUNS/ROLLS,5.0823126,True,True,False,True
5395,BEEF,0.21861304,True,True,False,True
5396,SOFT DRINKS,0.1965107,False,False,True,True
5397,DRY NOODLES/PASTA,-1.6721346,True,True,False,True
5398,BAG SNACKS,0.46330923,True,True,False,True
5399,SMOKED MEATS,1.4418503,False,False,True,False
5400,SOFT DRINKS,0.5219431,False,False,True,True
5401,NUTS,-3.9547613,False,False,False,False
5402,CANDY - PACKAGED,1.0767746,True,True,False,True
5403,CANDY - PACKAGED,-0.2805968,True,True,False,True
5404,MEAT - MISC,3.3475854,True,True,False,True
5405,GREETING CARDS/WRAP/PARTY SPLY,-3.3775264e-05,False,False,False,False
5406,BAG SNACKS,-10.818764,True,True,False,True
5407,BAKED BREAD/BUNS/ROLLS,4.202674,True,True,False,True
5408,MAGAZINE,3.5024865e-37,False,False,False,False
5409,MAGAZINE,7.804552e-37,False,False,False,False
5410,MAGAZINE,-2.8218496e-37,False,False,False,False
5411,SOFT DRINKS,-2.8586137,False,False,True,True
5412,COLD CEREAL,4.9027414,True,True,False,True
5413,SALD DRSNG/SNDWCH SPRD,3.2673886,True,True,False,True
5414,BAG SNACKS,6.370465,True,True,False,True
5415,MILK BY-PRODUCTS,2.6853392,True,True,False,True
5416,CHEESE,3.4794261,True,True,False,True
5417,CHEESE,4.312817,True,True,False,True
5418,SALD DRSNG/SNDWCH SPRD,-0.42612207,True,True,False,True
5419,SEAFOOD-FRESH,-0.03941855,False,False,False,False
5420,FROZEN BREAD/DOUGH,7.0349183,True,True,False,True
5421,BAKED BREAD/BUNS/ROLLS,-4.7812304,True,True,False,True
5422,BAKED BREAD/BUNS/ROLLS,-4.97849,True,True,False,True
5423,WAREHOUSE SNACKS,9.204356,True,True,False,True
5424,COLD CEREAL,3.494874,True,True,False,True
5425,COLD CEREAL,1.9876809,True,True,False,True
5426,COLD CEREAL,0.25635526,True,True,False,True
5427,BREAKFAST SWEETS,1.0189363,False,False,False,False
5428,BREAKFAST SWEETS,0.41639498,False,False,False,False
5429,BAG SNACKS,-6.077497,True,True,False,True
5430,DINNER MXS:DRY,4.5201197,True,True,False,True
5431,CHEESE,5.431288,True,True,False,True
5432,PIES,9.452702,False,False,False,False
5433,BAG SNACKS,-6.7893972,True,True,False,True
5434,BAG SNACKS,2.628802,True,True,False,True
5435,BAG SNACKS,-0.15519576,True,True,False,True
5436,BAG SNACKS,6.9028425,True,True,False,True
5437,BAG SNACKS,1.3183856,True,True,False,True
5438,BAG SNACKS,6.313708,True,True,False,True
5439,BAG SNACKS,1.4372936,True,True,False,True
5440,BAG SNACKS,0.3996041,True,True,False,True
5441,BAG SNACKS,7.9334435,True,True,False,True
5442,BAG SNACKS,-12.968431,True,True,False,True
5443,BAG SNACKS,-0.21686,True,True,False,True
5444,BAG SNACKS,5.5108447,True,True,False,True
5445,SOUP,15.330203,True,True,False,True
5446,CHEESE,-6.0391097,True,True,False,True
5447,BATH TISSUES,-0.010298911,False,False,False,False
5448,BATH TISSUES,0.2020134,False,False,False,False
5449,BATH TISSUES,-8.181042e-06,False,False,False,False
5450,SEAFOOD-FRESH,-3.8943303,False,False,False,False
5451,COLD CEREAL,0.012996859,True,True,False,True
5452,BAKED BREAD/BUNS/ROLLS,0.0007173947,True,True,False,True
5453,BAKED BREAD/BUNS/ROLLS,0.033787746,True,True,False,True
5454,CANDY - PACKAGED,-0.003091992,True,True,False,True
